config_id,overlay_family,baseline_tier,base_size,total_return,annualized_return,sharpe_ratio,max_drawdown,win_rate,event_trade_count,logical_trade_count,partial_close_count,stop_trigger_count,stop_counts_json,event_pnl,logical_pnl,pnl_mismatch_abs,top20_loss_contribution,top50_loss_contribution,max_single_loss,git_commit,checkpoint,data_file,oos_start,oos_end,mc_seed,mc_sims,mc_block_bars,commission,slippage,script_version,stage_a_pass,stage_a_reason,return_drop_vs_baseline,dd_improvement_vs_baseline
baseline_safe_0.4,baseline,safe,0.4,1.293517428275111,0.5097227872728185,1.811411957093625,-0.14842583688614333,0.47465437788018433,217,217,0,0,{},13057.368428259053,13057.368428259053,0.0,0.45832583870228777,0.7785134070851032,-777.896098723515,97ec821,checkpoints/channel_breakout_375_432.pt,data\crypto\ETHUSDT_5m_2600d.parquet,2024-06-06 14:25:00,2026-06-12 02:55:00,,,288,0.0002,0.0002,2026-06-17.risk_overlay.v1,True,baseline,,
baseline_balanced_0.425,baseline,balanced,0.425,1.4042045044780287,0.5454502227013878,1.8264465253198483,-0.1568505285947958,0.47465437788018433,217,217,0,0,{},14174.686030254954,14174.686030254954,0.0,0.4594766210786247,0.7794638192344103,-857.899505190564,97ec821,checkpoints/channel_breakout_375_432.pt,data\crypto\ETHUSDT_5m_2600d.parquet,2024-06-06 14:25:00,2026-06-12 02:55:00,,,288,0.0002,0.0002,2026-06-17.risk_overlay.v1,True,baseline,,
safe_dd_v1,equity_dd_sizing,safe,0.4,1.0379778652512108,0.42376587177642455,1.6420599794868402,-0.13937987194191806,0.47465437788018433,217,217,0,0,{},10484.187392669646,10484.187392669646,0.0,0.4661077324227482,0.7819298491096044,-688.068030063384,97ec821,checkpoints/channel_breakout_375_432.pt,data\crypto\ETHUSDT_5m_2600d.parquet,2024-06-06 14:25:00,2026-06-12 02:55:00,,,288,0.0002,0.0002,2026-06-17.risk_overlay.v1,True,pass,0.19755401623359561,0.060946026204079164
safe_dd_v2,equity_dd_sizing,safe,0.4,0.9608555428120629,0.39676892334280356,1.6231716607057216,-0.1372376396905071,0.47465437788018433,217,217,0,0,{},9704.849839027866,9704.849839027866,0.0,0.46815466902845443,0.7852800650054157,-628.8387703002745,97ec821,checkpoints/channel_breakout_375_432.pt,data\crypto\ETHUSDT_5m_2600d.parquet,2024-06-06 14:25:00,2026-06-12 02:55:00,,,288,0.0002,0.0002,2026-06-17.risk_overlay.v1,True,pass,0.25717619120652163,0.07537904067348225
safe_dd_v3,equity_dd_sizing,safe,0.4,0.7975279342317554,0.3377699225338735,1.4104568460104367,-0.15144837876710926,0.47465437788018433,217,217,0,0,{},8065.500421831028,8065.500421831028,0.0,0.47609830058999797,0.7873806054452808,-651.1355781019001,97ec821,checkpoints/channel_breakout_375_432.pt,data\crypto\ETHUSDT_5m_2600d.parquet,2024-06-06 14:25:00,2026-06-12 02:55:00,,,288,0.0002,0.0002,2026-06-17.risk_overlay.v1,False,return_drop_without_dd_payoff;weak_dd_and_tail_improvement,0.38344245172231756,-0.02036398745916794
safe_adverse_-0.04_reduce_half,adverse_stop,safe,0.4,1.2610772007888778,0.4990879608839487,1.7898082752576414,-0.1508825060301249,0.3628048780487805,328,270,58,111,"{""adverse_stop"": 111}",12757.57656690272,12757.57656690272,0.0,0.27271723912981216,0.5515114169675417,-406.66460226277286,97ec821,checkpoints/channel_breakout_375_432.pt,data\crypto\ETHUSDT_5m_2600d.parquet,2024-06-06 14:25:00,2026-06-12 02:55:00,,,288,0.0002,0.0002,2026-06-17.risk_overlay.v1,True,pass,0.025079080325567656,-0.016551492620965103
safe_adverse_-0.04_close,adverse_stop,safe,0.4,1.2814669230371893,0.5057811909734748,1.8026355171883395,-0.15018121159869663,0.44,275,275,0,58,"{""adverse_stop"": 58}",12966.902132027104,12966.902132027104,0.0,0.27018336415570926,0.5459076072540523,-398.9552625952874,97ec821,checkpoints/channel_breakout_375_432.pt,data\crypto\ETHUSDT_5m_2600d.parquet,2024-06-06 14:25:00,2026-06-12 02:55:00,,,288,0.0002,0.0002,2026-06-17.risk_overlay.v1,True,pass,0.009316074893548834,-0.011826611521145315
safe_adverse_-0.05_reduce_half,adverse_stop,safe,0.4,1.3021434428607788,0.5125378647502139,1.8321570829529186,-0.14345014323647579,0.3904109589041096,292,254,38,75,"{""adverse_stop"": 75}",13162.898393505364,13162.898393505364,0.0,0.3091086327734936,0.6422490990233992,-524.719148400949,97ec821,checkpoints/channel_breakout_375_432.pt,data\crypto\ETHUSDT_5m_2600d.parquet,2024-06-06 14:25:00,2026-06-12 02:55:00,,,288,0.0002,0.0002,2026-06-17.risk_overlay.v1,True,pass,0.0,0.033523096477363123
safe_adverse_-0.05_close,adverse_stop,safe,0.4,1.2954018679197694,0.5103382239621495,1.8159403345268597,-0.14986358583858794,0.4392156862745098,255,255,0,38,"{""adverse_stop"": 38}",13095.16472327122,13095.16472327122,0.0,0.3016817690247661,0.6333982268420985,-483.6504996778531,97ec821,checkpoints/channel_breakout_375_432.pt,data\crypto\ETHUSDT_5m_2600d.parquet,2024-06-06 14:25:00,2026-06-12 02:55:00,,,288,0.0002,0.0002,2026-06-17.risk_overlay.v1,True,pass,0.0,-0.009686648784385844
safe_adverse_-0.06_reduce_half,adverse_stop,safe,0.4,1.2939901536992342,0.5098771979816621,1.8167772929078803,-0.14997302304528537,0.40441176470588236,272,244,28,55,"{""adverse_stop"": 55}",13076.930602363946,13076.930602363946,0.0,0.3529214782481474,0.6990735500167012,-585.9551307915126,97ec821,checkpoints/channel_breakout_375_432.pt,data\crypto\ETHUSDT_5m_2600d.parquet,2024-06-06 14:25:00,2026-06-12 02:55:00,,,288,0.0002,0.0002,2026-06-17.risk_overlay.v1,True,pass,0.0,-0.010423967899395287
safe_adverse_-0.06_close,adverse_stop,safe,0.4,1.294930631978498,0.5101843475029133,1.81598435182375,-0.14931460435674196,0.4489795918367347,245,245,0,28,"{""adverse_stop"": 28}",13086.502993147675,13086.502993147675,0.0,0.35217354138697476,0.6984063258728946,-576.1079777346786,97ec821,checkpoints/channel_breakout_375_432.pt,data\crypto\ETHUSDT_5m_2600d.parquet,2024-06-06 14:25:00,2026-06-12 02:55:00,,,288,0.0002,0.0002,2026-06-17.risk_overlay.v1,True,pass,0.0,-0.005987956606775928
safe_time_v1,time_in_loss_stop,safe,0.4,1.2607620850289725,0.49898428137508266,1.8179762553262608,-0.15021363095377271,0.38235294117647056,272,231,41,55,"{""time_in_loss_stop"": 55}",12739.384145071219,12739.384145071223,3.637978807091713e-12,0.4072808423024276,0.7161374857549283,-717.7879331370073,97ec821,checkpoints/channel_breakout_375_432.pt,data\crypto\ETHUSDT_5m_2600d.parquet,2024-06-06 14:25:00,2026-06-12 02:55:00,,,288,0.0002,0.0002,2026-06-17.risk_overlay.v1,True,pass,0.025322691855661602,-0.012045032759362447
safe_time_v2,time_in_loss_stop,safe,0.4,0.8701224418004181,0.36431311250724074,1.426309950607667,-0.19528553303768126,0.30939226519337015,362,259,103,145,"{""time_in_loss_stop"": 145}",8834.046564114004,8834.04656411401,7.275957614183426e-12,0.3573667854409096,0.6355479625162036,-687.6745229236303,97ec821,checkpoints/channel_breakout_375_432.pt,data\crypto\ETHUSDT_5m_2600d.parquet,2024-06-06 14:25:00,2026-06-12 02:55:00,,,288,0.0002,0.0002,2026-06-17.risk_overlay.v1,True,pass,0.3273206662853277,-0.31571118030807366
safe_squeeze_2_1,squeeze_stop,safe,0.4,1.5645825165431386,0.5957774985641078,2.21003407239047,-0.14563885469768334,0.23623853211009174,436,217,219,219,"{""squeeze_stop"": 219}",15780.276254730763,15780.276254730763,0.0,0.42966647281924497,0.7443653477926083,-735.8959221431933,97ec821,checkpoints/channel_breakout_375_432.pt,data\crypto\ETHUSDT_5m_2600d.parquet,2024-06-06 14:25:00,2026-06-12 02:55:00,,,288,0.0002,0.0002,2026-06-17.risk_overlay.v1,True,pass,0.0,0.0187769343055675
safe_squeeze_2_0,squeeze_stop,safe,0.4,0.7566536699259911,0.3225868215746299,1.364286215020855,-0.1537528612756263,0.01611565351344946,8439,395,8044,8222,"{""squeeze_stop"": 8222}",7855.75220142171,7855.752201421698,1.1823431123048067e-11,0.40441844900682444,0.5866368902893353,-568.9000987110439,97ec821,checkpoints/channel_breakout_375_432.pt,data\crypto\ETHUSDT_5m_2600d.parquet,2024-06-06 14:25:00,2026-06-12 02:55:00,,,288,0.0002,0.0002,2026-06-17.risk_overlay.v1,False,return_drop_without_dd_payoff,0.41504176643759705,-0.03589014218305733
safe_squeeze_2.5_1,squeeze_stop,safe,0.4,1.5645825165431386,0.5957774985641078,2.21003407239047,-0.14563885469768334,0.23623853211009174,436,217,219,219,"{""squeeze_stop"": 219}",15780.276254730763,15780.276254730763,0.0,0.42966647281924497,0.7443653477926083,-735.8959221431933,97ec821,checkpoints/channel_breakout_375_432.pt,data\crypto\ETHUSDT_5m_2600d.parquet,2024-06-06 14:25:00,2026-06-12 02:55:00,,,288,0.0002,0.0002,2026-06-17.risk_overlay.v1,True,pass,0.0,0.0187769343055675
safe_squeeze_2.5_0,squeeze_stop,safe,0.4,0.49636836104848037,0.22141128206843663,0.9434190588719652,-0.13133794194462928,0.015567649664599418,7901,383,7518,7684,"{""squeeze_stop"": 7684}",5228.934534341134,5228.934534341123,1.0913936421275139e-11,0.38170630886048185,0.5632111276006802,-520.7212966305169,97ec821,checkpoints/channel_breakout_375_432.pt,data\crypto\ETHUSDT_5m_2600d.parquet,2024-06-06 14:25:00,2026-06-12 02:55:00,,,288,0.0002,0.0002,2026-06-17.risk_overlay.v1,False,return_drop_without_dd_payoff,0.6162646515630011,0.11512749599398983
safe_squeeze_3_1,squeeze_stop,safe,0.4,1.5572823854781221,0.5935217335110268,2.201124215107654,-0.14563885469768334,0.23732718894009217,434,217,217,217,"{""squeeze_stop"": 217}",15707.064012547242,15707.06401254724,1.8189894035458565e-12,0.42851924958772664,0.7435655010493789,-734.6266979646562,97ec821,checkpoints/channel_breakout_375_432.pt,data\crypto\ETHUSDT_5m_2600d.parquet,2024-06-06 14:25:00,2026-06-12 02:55:00,,,288,0.0002,0.0002,2026-06-17.risk_overlay.v1,True,pass,0.0,0.0187769343055675
safe_squeeze_3_0,squeeze_stop,safe,0.4,0.8322862463045873,0.35054490326865717,1.423511985496829,-0.12823542935939558,0.017543859649122806,7068,367,6701,6851,"{""squeeze_stop"": 6851}",8587.622266086086,8587.622266086068,1.8189894035458565e-11,0.37979015496650426,0.5726832957807056,-562.6010359402517,97ec821,checkpoints/channel_breakout_375_432.pt,data\crypto\ETHUSDT_5m_2600d.parquet,2024-06-06 14:25:00,2026-06-12 02:55:00,,,288,0.0002,0.0002,2026-06-17.risk_overlay.v1,False,return_drop_without_dd_payoff,0.3565712930405349,0.13603027579514815
safe_be_0.025_0_reduce_half,break_even_stop,safe,0.4,1.2715250748718865,0.5025214122952375,1.9275639678845498,-0.14202948742374866,0.37454545454545457,275,217,58,58,"{""break_even_stop"": 58}",12837.420763428407,12837.420763428403,3.637978807091713e-12,0.502946954120347,0.806855570211171,-775.6320088112516,97ec821,checkpoints/channel_breakout_375_432.pt,data\crypto\ETHUSDT_5m_2600d.parquet,2024-06-06 14:25:00,2026-06-12 02:55:00,,,288,0.0002,0.0002,2026-06-17.risk_overlay.v1,False,weak_dd_and_tail_improvement,0.017001976875217675,0.043094582429750956
safe_be_0.03_0_reduce_half,break_even_stop,safe,0.4,1.3605208648748075,0.5314511417830245,1.9832984564847655,-0.14588610145988654,0.40234375,256,217,39,39,"{""break_even_stop"": 39}",13730.544645665947,13730.544645665947,0.0,0.48906056219590616,0.7933160165185591,-799.3291370749557,97ec821,checkpoints/channel_breakout_375_432.pt,data\crypto\ETHUSDT_5m_2600d.parquet,2024-06-06 14:25:00,2026-06-12 02:55:00,,,288,0.0002,0.0002,2026-06-17.risk_overlay.v1,False,weak_dd_and_tail_improvement,0.0,0.017111141021930114
safe_be_0.04_0.005_reduce_half,break_even_stop,safe,0.4,1.3603697772037688,0.5314024980197047,1.9466807041632381,-0.14936801572642178,0.4957983193277311,238,217,21,21,"{""break_even_stop"": 21}",13728.569422118995,13728.569422118995,0.0,0.47391412902626223,0.786921521528375,-796.9328079955867,97ec821,checkpoints/channel_breakout_375_432.pt,data\crypto\ETHUSDT_5m_2600d.parquet,2024-06-06 14:25:00,2026-06-12 02:55:00,,,288,0.0002,0.0002,2026-06-17.risk_overlay.v1,False,weak_dd_and_tail_improvement,0.0,-0.006347808845445058
safe_be_0.03_0_close,break_even_stop,safe,0.4,1.2608182920565478,0.49900277516640124,1.7734291078737776,-0.14888218883835133,0.3895131086142322,267,267,0,50,"{""break_even_stop"": 50}",12753.090963455255,12753.090963455255,0.0,0.4478166794015871,0.7588706308758468,-771.0288607166494,97ec821,checkpoints/channel_breakout_375_432.pt,data\crypto\ETHUSDT_5m_2600d.parquet,2024-06-06 14:25:00,2026-06-12 02:55:00,,,288,0.0002,0.0002,2026-06-17.risk_overlay.v1,True,pass,0.025279238998864525,-0.003074612626628245
balanced_dd_v1,equity_dd_sizing,balanced,0.425,1.096849589614454,0.44402941886443803,1.627927708976262,-0.14774092473012468,0.47465437788018433,217,217,0,0,{},11079.73086398647,11079.73086398647,0.0,0.4683457851607199,0.7825129390293009,-751.9953004475101,97ec821,checkpoints/channel_breakout_375_432.pt,data\crypto\ETHUSDT_5m_2600d.parquet,2024-06-06 14:25:00,2026-06-12 02:55:00,,,288,0.0002,0.0002,2026-06-17.risk_overlay.v1,True,pass,0.2188818750284702,0.058078247783306385
balanced_dd_v2,equity_dd_sizing,balanced,0.425,1.0150860632408825,0.41580704834878257,1.6322036918772007,-0.14117185222803755,0.47465437788018433,217,217,0,0,{},10252.581623222304,10252.581623222304,0.0,0.4725534941123603,0.7847820310779648,-686.8645197969963,97ec821,checkpoints/channel_breakout_375_432.pt,data\crypto\ETHUSDT_5m_2600d.parquet,2024-06-06 14:25:00,2026-06-12 02:55:00,,,288,0.0002,0.0002,2026-06-17.risk_overlay.v1,True,pass,0.2771095235745519,0.09995934669281359
balanced_dd_v3,equity_dd_sizing,balanced,0.425,0.8513865322562142,0.3575130220222089,1.4291346040470945,-0.15216473552637783,0.47465437788018433,217,217,0,0,{},8607.578980536007,8607.578980536007,0.0,0.48417243281847683,0.7952478839263307,-685.9612709053581,97ec821,checkpoints/channel_breakout_375_432.pt,data\crypto\ETHUSDT_5m_2600d.parquet,2024-06-06 14:25:00,2026-06-12 02:55:00,,,288,0.0002,0.0002,2026-06-17.risk_overlay.v1,False,return_drop_without_dd_payoff;weak_dd_and_tail_improvement,0.39368765052303273,0.029874257424552016
balanced_adverse_-0.04_reduce_half,adverse_stop,balanced,0.425,1.3682681725234778,0.533943344489787,1.8047432313253455,-0.15940747372252498,0.3628048780487805,328,270,58,111,"{""adverse_stop"": 111}",13841.856811118903,13841.8568111189,3.637978807091713e-12,0.27706173015800284,0.5541479860657167,-452.3107076830629,97ec821,checkpoints/channel_breakout_375_432.pt,data\crypto\ETHUSDT_5m_2600d.parquet,2024-06-06 14:25:00,2026-06-12 02:55:00,,,288,0.0002,0.0002,2026-06-17.risk_overlay.v1,True,pass,0.02559195034622766,-0.016301794776444275
balanced_adverse_-0.04_close,adverse_stop,balanced,0.425,1.390911384115153,0.5412039051231405,1.8180075937883673,-0.1586618328106248,0.44,275,275,0,58,"{""adverse_stop"": 58}",14074.252061072088,14074.252061072088,0.0,0.27470670993053875,0.5488963580497613,-443.9975283608146,97ec821,checkpoints/channel_breakout_375_432.pt,data\crypto\ETHUSDT_5m_2600d.parquet,2024-06-06 14:25:00,2026-06-12 02:55:00,,,288,0.0002,0.0002,2026-06-17.risk_overlay.v1,True,pass,0.009466655548022892,-0.011547963733729343
balanced_adverse_-0.05_reduce_half,adverse_stop,balanced,0.425,1.4138800173700883,0.548533509214572,1.848001890337635,-0.15158843874129257,0.3904109589041096,292,254,38,75,"{""adverse_stop"": 75}",14292.285928990397,14292.285928990397,0.0,0.311858638335646,0.6428008265282051,-584.2315915832323,97ec821,checkpoints/channel_breakout_375_432.pt,data\crypto\ETHUSDT_5m_2600d.parquet,2024-06-06 14:25:00,2026-06-12 02:55:00,,,288,0.0002,0.0002,2026-06-17.risk_overlay.v1,True,pass,0.0,0.03354843557522974
balanced_adverse_-0.05_close,adverse_stop,balanced,0.425,1.4063240456105248,0.5461261887673154,1.8314792546317962,-0.1583317412464852,0.4392156862745098,255,255,0,38,"{""adverse_stop"": 38}",14216.360685575211,14216.360685575211,0.0,0.3051929089784575,0.634507596871162,-537.500564477521,97ec821,checkpoints/channel_breakout_375_432.pt,data\crypto\ETHUSDT_5m_2600d.parquet,2024-06-06 14:25:00,2026-06-12 02:55:00,,,288,0.0002,0.0002,2026-06-17.risk_overlay.v1,True,pass,0.0,-0.009443466113626628
balanced_adverse_-0.06_reduce_half,adverse_stop,balanced,0.425,1.4049175882088463,0.5456776735375555,1.8323868218812889,-0.15847607129770142,0.40441176470588236,272,244,28,55,"{""adverse_stop"": 55}",14197.86025979542,14197.860259795418,1.8189894035458565e-12,0.35522540790003265,0.7001086105106419,-652.3655555579526,97ec821,checkpoints/channel_breakout_375_432.pt,data\crypto\ETHUSDT_5m_2600d.parquet,2024-06-06 14:25:00,2026-06-12 02:55:00,,,288,0.0002,0.0002,2026-06-17.risk_overlay.v1,True,pass,0.0,-0.010363641853608243
balanced_adverse_-0.06_close,adverse_stop,balanced,0.425,1.4059476857661508,0.5460061816367583,1.8315848311533374,-0.15777701312668613,0.4489795918367347,245,245,0,28,"{""adverse_stop"": 28}",14208.352972520745,14208.352972520745,0.0,0.35444871646669207,0.6996980171254784,-641.4389727089638,97ec821,checkpoints/channel_breakout_375_432.pt,data\crypto\ETHUSDT_5m_2600d.parquet,2024-06-06 14:25:00,2026-06-12 02:55:00,,,288,0.0002,0.0002,2026-06-17.risk_overlay.v1,True,pass,0.0,-0.0059067989135298
balanced_time_v1,time_in_loss_stop,balanced,0.425,1.3679809957805187,0.5338510370283516,1.8328601674754108,-0.15877087208982166,0.38235294117647056,272,231,41,55,"{""time_in_loss_stop"": 55}",13822.875424812413,13822.87542481241,3.637978807091713e-12,0.4079075317108392,0.7169532460402896,-771.9752105998009,97ec821,checkpoints/channel_breakout_375_432.pt,data\crypto\ETHUSDT_5m_2600d.parquet,2024-06-06 14:25:00,2026-06-12 02:55:00,,,288,0.0002,0.0002,2026-06-17.risk_overlay.v1,True,pass,0.02579646239703171,-0.012243143279337091
balanced_time_v2,time_in_loss_stop,balanced,0.425,0.9374168552109072,0.3884585304675705,1.433143854310505,-0.20631652070382064,0.30939226519337015,362,259,103,145,"{""time_in_loss_stop"": 145}",9517.423318934772,9517.423318934772,0.0,0.3578768821767107,0.6356932682126522,-740.0840305912202,97ec821,checkpoints/channel_breakout_375_432.pt,data\crypto\ETHUSDT_5m_2600d.parquet,2024-06-06 14:25:00,2026-06-12 02:55:00,,,288,0.0002,0.0002,2026-06-17.risk_overlay.v1,True,pass,0.3324214156688209,-0.31537026079659686
balanced_squeeze_2_1,squeeze_stop,balanced,0.425,1.7081212877805418,0.6394917454354423,2.2356270160471503,-0.15391675796046428,0.23623853211009174,436,217,219,219,"{""squeeze_stop"": 219}",17228.149182200956,17228.149182200956,0.0,0.43209462939567195,0.7460907213928617,-817.1487649844967,97ec821,checkpoints/channel_breakout_375_432.pt,data\crypto\ETHUSDT_5m_2600d.parquet,2024-06-06 14:25:00,2026-06-12 02:55:00,,,288,0.0002,0.0002,2026-06-17.risk_overlay.v1,True,pass,0.0,0.018704244484317754
balanced_squeeze_2_0,squeeze_stop,balanced,0.425,0.8136734253617404,0.3437193288823832,1.369941393773158,-0.16264532587241476,0.01611565351344946,8439,395,8044,8222,"{""squeeze_stop"": 8222}",8448.444797762262,8448.444797762237,2.546585164964199e-11,0.40550015816919954,0.587371696339637,-622.0749156868987,97ec821,checkpoints/channel_breakout_375_432.pt,data\crypto\ETHUSDT_5m_2600d.parquet,2024-06-06 14:25:00,2026-06-12 02:55:00,,,288,0.0002,0.0002,2026-06-17.risk_overlay.v1,False,return_drop_without_dd_payoff,0.42054492578045155,-0.03694470990651933
balanced_squeeze_2.5_1,squeeze_stop,balanced,0.425,1.7081212877805418,0.6394917454354423,2.2356270160471503,-0.15391675796046428,0.23623853211009174,436,217,219,219,"{""squeeze_stop"": 219}",17228.149182200956,17228.149182200956,0.0,0.43209462939567195,0.7460907213928617,-817.1487649844967,97ec821,checkpoints/channel_breakout_375_432.pt,data\crypto\ETHUSDT_5m_2600d.parquet,2024-06-06 14:25:00,2026-06-12 02:55:00,,,288,0.0002,0.0002,2026-06-17.risk_overlay.v1,True,pass,0.0,0.018704244484317754
balanced_squeeze_2.5_0,squeeze_stop,balanced,0.425,0.5299864487788475,0.23495241915573395,0.9433674817007491,-0.1390568766070864,0.015567649664599418,7901,383,7518,7684,"{""squeeze_stop"": 7684}",5584.850647228443,5584.850647228456,1.2732925824820995e-11,0.38265120967580263,0.5638214375071472,-566.3145399884615,97ec821,checkpoints/channel_breakout_375_432.pt,data\crypto\ETHUSDT_5m_2600d.parquet,2024-06-06 14:25:00,2026-06-12 02:55:00,,,288,0.0002,0.0002,2026-06-17.risk_overlay.v1,False,return_drop_without_dd_payoff,0.6225717499917477,0.11344336641464012
balanced_squeeze_3_1,squeeze_stop,balanced,0.425,1.6999258793580938,0.6370277552451584,2.226462841249534,-0.15391675796046428,0.23732718894009217,434,217,217,217,"{""squeeze_stop"": 217}",17145.947610028463,17145.947610028456,7.275957614183426e-12,0.43091169760653736,0.7452417660171043,-815.6499450329284,97ec821,checkpoints/channel_breakout_375_432.pt,data\crypto\ETHUSDT_5m_2600d.parquet,2024-06-06 14:25:00,2026-06-12 02:55:00,,,288,0.0002,0.0002,2026-06-17.risk_overlay.v1,True,pass,0.0,0.018704244484317754
balanced_squeeze_3_0,squeeze_stop,balanced,0.425,0.896376295283762,0.37378431814688384,1.4305085204530759,-0.13578934686811445,0.017543859649122806,7068,367,6701,6851,"{""squeeze_stop"": 6851}",9249.460324043954,9249.460324043948,5.4569682106375694e-12,0.38072609251755546,0.5738634832379146,-614.7700947001722,97ec821,checkpoints/channel_breakout_375_432.pt,data\crypto\ETHUSDT_5m_2600d.parquet,2024-06-06 14:25:00,2026-06-12 02:55:00,,,288,0.0002,0.0002,2026-06-17.risk_overlay.v1,False,return_drop_without_dd_payoff,0.3616483265612631,0.13427549091077887
balanced_be_0.025_0_reduce_half,break_even_stop,balanced,0.425,1.3803463508696696,0.5378205506570088,1.9440535392923903,-0.1501886320444086,0.37454545454545457,275,217,58,58,"{""break_even_stop"": 58}",13936.085147690404,13936.085147690412,7.275957614183426e-12,0.5038971192786278,0.8073439713415241,-847.9579005177275,97ec821,checkpoints/channel_breakout_375_432.pt,data\crypto\ETHUSDT_5m_2600d.parquet,2024-06-06 14:25:00,2026-06-12 02:55:00,,,288,0.0002,0.0002,2026-06-17.risk_overlay.v1,False,weak_dd_and_tail_improvement,0.016990512088712918,0.04247289830688046
balanced_be_0.03_0_reduce_half,break_even_stop,balanced,0.425,1.4792119188722936,0.5691918322955178,2.00167091522394,-0.15417644398941813,0.40234375,256,217,39,39,"{""break_even_stop"": 39}",14928.41623804772,14928.416238047721,1.8189894035458565e-12,0.4905368918065128,0.7942501033607904,-882.3578464955044,97ec821,checkpoints/channel_breakout_375_432.pt,data\crypto\ETHUSDT_5m_2600d.parquet,2024-06-06 14:25:00,2026-06-12 02:55:00,,,288,0.0002,0.0002,2026-06-17.risk_overlay.v1,False,weak_dd_and_tail_improvement,0.0,0.01704861710913233
balanced_be_0.04_0.005_reduce_half,break_even_stop,balanced,0.425,1.4788599467154881,0.5690812763600299,1.9644816877069067,-0.1578415288140453,0.4957983193277311,238,217,21,21,"{""break_even_stop"": 21}",14924.366937308847,14924.366937308847,0.0,0.4751687370185771,0.7881230427400155,-889.051608529684,97ec821,checkpoints/channel_breakout_375_432.pt,data\crypto\ETHUSDT_5m_2600d.parquet,2024-06-06 14:25:00,2026-06-12 02:55:00,,,288,0.0002,0.0002,2026-06-17.risk_overlay.v1,False,weak_dd_and_tail_improvement,0.0,-0.006318118454096048
balanced_be_0.03_0_close,break_even_stop,balanced,0.425,1.3678025886262772,0.5337936886271155,1.7875504316060302,-0.15733020102508025,0.3895131086142322,267,267,0,50,"{""break_even_stop"": 50}",13835.090142108058,13835.090142108058,0.0,0.4488563700101931,0.7597082908218101,-845.9224444838819,97ec821,checkpoints/channel_breakout_375_432.pt,data\crypto\ETHUSDT_5m_2600d.parquet,2024-06-06 14:25:00,2026-06-12 02:55:00,,,288,0.0002,0.0002,2026-06-17.risk_overlay.v1,True,pass,0.025923514513495158,-0.003058149912415078
