entry_bar,entry_notional,entry_time,exit_bar,exit_time,month,pnl,quarter,rank,return,sleeve
608021,1076325.9707512835,2025-07-06 13:30:00,631188,2025-09-25 00:05:00,2025-07,687933.1530731542,2025Q3,1,0.6391494507867089,5m_v22_moirai_baseline
702783,3479386.7056611497,2026-05-31 14:20:00,704704,2026-06-07 06:25:00,2026-05,687331.854913211,2026Q2,2,0.19754396767536214,5m_v22_moirai_baseline
667528,2344044.127007336,2026-01-29 04:25:00,670116,2026-02-07 04:05:00,2026-01,675483.4111797365,2026Q1,3,0.288170091764498,5m_v22_moirai_baseline
642708,1625512.5194473632,2025-11-04 00:05:00,649044,2025-11-26 00:05:00,2025-11,291923.0081585888,2025Q4,4,0.17958828656566475,5m_v22_moirai_baseline
590584,944609.0801622719,2025-05-07 00:25:00,599220,2025-06-06 00:05:00,2025-05,289292.0533968997,2025Q2,5,0.30625584643671117,5m_v22_moirai_baseline
538173,592610.9358520004,2024-11-06 00:50:00,551988,2024-12-24 00:05:00,2024-11,223327.4877437217,2024Q4,6,0.3768534703509013,5m_v22_moirai_baseline
680700,3289014.123605969,2026-03-15 22:05:00,681437,2026-03-18 11:30:00,2026-03,220104.04612457892,2026Q1,7,0.06692097931256798,5m_v22_moirai_baseline
681437,3509118.169730548,2026-03-18 11:30:00,682873,2026-03-23 11:10:00,2026-03,206137.004997788,2026Q1,8,0.05874324973604878,5m_v22_moirai_baseline
459540,445268.2568183524,2024-02-07 00:05:00,476244,2024-04-05 00:05:00,2024-02,176532.66314368136,2024Q1,9,0.39646361589997203,5m_v22_moirai_baseline
683665,3714553.35109439,2026-03-26 05:10:00,684789,2026-03-30 02:50:00,2026-03,175497.21646333812,2026Q1,10,0.047245846236569126,5m_v22_moirai_baseline
657584,2197900.9058469213,2025-12-25 15:45:00,661320,2026-01-07 15:05:00,2025-12,153802.9006437799,2025Q4,11,0.06997717696672714,5m_v22_moirai_baseline
650941,2021002.7414279224,2025-12-02 14:10:00,651829,2025-12-05 16:10:00,2025-12,143916.03504271363,2025Q4,12,0.07121021267939051,5m_v22_moirai_baseline
652419,2153834.576820901,2025-12-07 17:20:00,653371,2025-12-11 00:40:00,2025-12,140704.73586541507,2025Q4,13,0.06532754993333695,5m_v22_moirai_baseline
662399,2402036.1167352023,2026-01-11 09:00:00,663918,2026-01-16 15:35:00,2026-01,138377.42174652172,2026Q1,14,0.057608385145599496,5m_v22_moirai_baseline
678745,3285631.527373573,2026-03-09 03:10:00,680265,2026-03-14 09:50:00,2026-03,138375.05150027433,2026Q1,15,0.04211520687801741,5m_v22_moirai_baseline
427888,316518.9765515525,2023-10-20 02:25:00,455796,2024-01-25 00:05:00,2023-10,131352.1926257087,2023Q4,16,0.4149899448582191,5m_v22_moirai_baseline
569885,711649.5638446745,2025-02-24 03:30:00,571759,2025-03-02 15:40:00,2025-02,123009.06667361094,2025Q1,17,0.1728506176678541,5m_v22_moirai_baseline
580765,891220.9734979859,2025-04-02 22:10:00,582726,2025-04-09 17:35:00,2025-04,120301.05474534782,2025Q2,18,0.134984541794583,5m_v22_moirai_baseline
653371,2294539.312686316,2025-12-11 00:40:00,654541,2025-12-15 02:10:00,2025-12,108124.89278371586,2025Q4,19,0.04712270222867935,5m_v22_moirai_baseline
677958,3178552.2944505704,2026-03-06 09:35:00,678745,2026-03-09 03:10:00,2026-03,107714.94338189252,2026Q1,20,0.03388805135279727,5m_v22_moirai_baseline
166713,20010.58865725574,2021-04-25 14:25:00,170046,2021-05-07 04:10:00,2021-04,8996.317917673518,2021Q2,1,0.44957787458249,5m_core_donchian
134415,21857.71345351119,2021-01-03 07:25:00,135795,2021-01-08 02:25:00,2021-01,8448.899010407717,2021Q1,2,0.3865408441911154,5m_core_donchian
172781,23594.73087097058,2021-05-16 16:05:00,175031,2021-05-24 11:35:00,2021-05,8259.130270767295,2021Q2,3,0.35004130015014456,5m_core_donchian
667528,27202.711157591748,2026-01-29 04:25:00,670116,2026-02-07 04:05:00,2026-01,7839.007770526347,2026Q1,4,0.288170091764498,5m_core_donchian
702783,38188.25142855599,2026-05-31 14:20:00,704704,2026-06-07 06:25:00,2026-05,7543.858705781262,2026Q2,5,0.19754396767536203,5m_core_donchian
47943,14601.289523937068,2020-03-08 00:05:00,50222,2020-03-15 22:00:00,2020-03,6483.451199587908,2020Q1,6,0.44403278141694713,5m_core_donchian
181645,31514.044607524298,2021-06-16 10:45:00,183473,2021-06-23 02:50:00,2021-06,5801.053827641143,2021Q2,7,0.1840783656902003,5m_core_donchian
294463,14941.249497793533,2022-07-13 12:30:00,296666,2022-07-21 04:05:00,2022-07,5182.303558343474,2022Q3,8,0.3468453932924938,5m_core_donchian
283952,12735.116543470882,2022-06-07 00:35:00,286538,2022-06-16 00:05:00,2022-06,3803.1323828811765,2022Q2,9,0.2986334965918305,5m_core_donchian
175031,31849.14219556368,2021-05-24 11:35:00,176113,2021-05-28 05:45:00,2021-05,3651.462483917905,2021Q2,10,0.11464869168208001,5m_core_donchian
184620,34911.542307522126,2021-06-27 02:25:00,185918,2021-07-01 14:35:00,2021-06,3648.088005596037,2021Q2,11,0.10449518309622234,5m_core_donchian
203224,19327.14097001037,2021-08-30 16:45:00,204671,2021-09-04 17:20:00,2021-08,3541.9405951050758,2021Q3,12,0.18326252189090209,5m_core_donchian
191557,24825.699437703905,2021-07-21 04:30:00,192829,2021-07-25 14:30:00,2021-07,3374.567206071839,2021Q3,13,0.13593039803530096,5m_core_donchian
120700,12500.604895890536,2020-11-16 16:30:00,123140,2020-11-25 03:50:00,2020-11,3335.576185635515,2020Q4,14,0.2668331823472043,5m_core_donchian
211966,24506.300925183084,2021-09-30 01:15:00,213140,2021-10-04 03:05:00,2021-09,3144.607700188466,2021Q3,15,0.1283183337129846,5m_core_donchian
148380,13618.55606971898,2021-02-20 22:40:00,150803,2021-03-01 08:35:00,2021-02,3090.4892791939656,2021Q1,16,0.22693222859842718,5m_core_donchian
204671,22869.081565115444,2021-09-04 17:20:00,206866,2021-09-12 08:15:00,2021-09,3006.9361477078783,2021Q3,17,0.13148477953284607,5m_core_donchian
590584,9311.179620318642,2025-05-07 00:25:00,592245,2025-05-12 18:50:00,2025-05,2945.9287169915515,2025Q2,18,0.31638619778776617,5m_core_donchian
131158,21917.03501596424,2020-12-23 00:00:00,133975,2021-01-01 18:45:00,2020-12,2845.117282965977,2020Q4,19,0.12981305550196962,5m_core_donchian
85840,8788.100082462646,2020-07-18 09:10:00,88724,2020-07-28 09:30:00,2020-07,2790.743331099153,2020Q3,20,0.31755934785816825,5m_core_donchian
55577,18376.233629469607,2021-04-25 14:45:00,57247,2021-05-13 00:15:00,2021-04,10347.801534546667,2021Q2,1,0.5631078567673464,15m_core_donchian
44810,25382.861586469375,2021-01-03 07:45:00,45270,2021-01-08 02:45:00,2021-01,9690.398063901896,2021Q1,2,0.3817693301005696,15m_core_donchian
57599,22743.852412552882,2021-05-16 16:15:00,58349,2021-05-24 11:45:00,2021-05,7961.287668913015,2021Q2,3,0.3500413001501447,15m_core_donchian
15982,12068.51397323692,2020-03-08 00:15:00,17038,2020-03-19 00:15:00,2020-03,5904.541371992247,2020Q1,4,0.48925173265624333,15m_core_donchian
60554,28377.086468288497,2021-06-16 11:00:00,61164,2021-06-23 03:00:00,2021-06,5264.13748944331,2021Q2,5,0.18550662328657327,15m_core_donchian
43916,24516.397008812615,2020-12-25 00:15:00,44663,2021-01-01 19:00:00,2020-12,4147.332570564093,2020Q4,6,0.16916566366066355,15m_core_donchian
40319,14288.9445302574,2020-11-17 13:00:00,41051,2020-11-25 04:00:00,2020-11,3496.3105072351627,2020Q4,7,0.24468640772112932,15m_core_donchian
61547,31211.369395774833,2021-06-27 02:45:00,61979,2021-07-01 14:45:00,2021-06,3358.575811328192,2021Q2,8,0.10760744806611565,15m_core_donchian
67748,17663.095423196548,2021-08-30 17:00:00,68230,2021-09-04 17:30:00,2021-08,3213.36301891688,2021Q3,9,0.1819252482040516,15m_core_donchian
63859,21897.164493006614,2021-07-21 04:45:00,64283,2021-07-25 14:45:00,2021-07,3044.8756213263478,2021Q3,10,0.13905342046906585,15m_core_donchian
58349,30700.591310983385,2021-05-24 11:45:00,58710,2021-05-28 06:00:00,2021-05,3036.2854645236584,2021Q2,11,0.09889990175653075,15m_core_donchian
49466,13787.389687842282,2021-02-20 23:00:00,50273,2021-03-01 08:45:00,2021-02,3021.742574929078,2021Q1,12,0.21916712614525213,15m_core_donchian
28617,9315.6613784736,2020-07-18 09:30:00,29578,2020-07-28 09:45:00,2020-07,3018.7498754478875,2020Q3,13,0.3240510526094841,15m_core_donchian
42742,20626.466047285834,2020-12-12 18:45:00,43453,2020-12-20 04:30:00,2020-12,2904.297158114736,2020Q4,14,0.1408043991373356,15m_core_donchian
33018,13772.020360312525,2020-09-02 11:45:00,33697,2020-09-09 13:30:00,2020-09,2750.626126981888,2020Q3,15,0.19972567967649074,15m_core_donchian
98205,7768.017943717717,2022-07-13 23:30:00,98896,2022-07-21 04:15:00,2022-07,2585.922941406682,2022Q3,16,0.3328935334782554,15m_core_donchian
222511,8877.65787140956,2026-01-29 03:00:00,223380,2026-02-07 04:15:00,2026-01,2575.6957017554596,2026Q1,17,0.29013234561003653,15m_core_donchian
52496,16599.147820713377,2021-03-24 12:30:00,53503,2021-04-04 00:15:00,2021-03,2564.532942611644,2021Q1,18,0.15449786762013598,15m_core_donchian
69451,23812.004504701148,2021-09-17 10:45:00,69999,2021-09-23 03:45:00,2021-09,2554.1365379666167,2021Q3,19,0.10726255899466,15m_core_donchian
70662,21386.143091969603,2021-09-30 01:30:00,71053,2021-10-04 03:15:00,2021-09,2538.5177983721405,2021Q3,20,0.11869918701354533,15m_core_donchian
13781,21232.064019810034,2021-04-20 19:00:00,14315,2021-05-13 01:00:00,2021-04,12762.887468106364,2021Q2,1,0.6011138368930256,1h_core_donchian
15969,30268.51188595529,2021-07-21 06:00:00,16281,2021-08-03 06:00:00,2021-07,9747.251406379466,2021Q3,2,0.3220261188625606,1h_core_donchian
14403,26591.191023632917,2021-05-16 17:00:00,14591,2021-05-24 13:00:00,2021-05,9152.491171899099,2021Q2,3,0.3441925998637979,1h_core_donchian
15142,30727.077058780866,2021-06-16 12:00:00,15391,2021-06-27 04:00:00,2021-06,7392.262030604445,2021Q2,4,0.24057810694011197,1h_core_donchian
11205,17424.723610094785,2021-01-03 08:00:00,11394,2021-01-11 05:00:00,2021-01,7020.742644587666,2021Q1,5,0.40291845091421086,1h_core_donchian
3996,11686.64346963711,2020-03-08 01:00:00,4186,2020-03-15 23:00:00,2020-03,5245.037224907068,2020Q1,6,0.4488061297098794,1h_core_donchian
16941,31729.81173834028,2021-08-30 18:00:00,17125,2021-09-07 10:00:00,2021-08,4923.0425845983555,2021Q3,7,0.15515511485527236,1h_core_donchian
17670,36733.56155940016,2021-09-30 03:00:00,17767,2021-10-04 04:00:00,2021-09,4609.601698051512,2021Q3,8,0.12548746983320788,1h_core_donchian
17367,40206.39486419736,2021-09-17 12:00:00,17504,2021-09-23 05:00:00,2021-09,3997.029817826864,2021Q3,9,0.09941278822255471,1h_core_donchian
12370,15923.572581263825,2021-02-21 00:00:00,12572,2021-03-01 10:00:00,2021-02,3721.9515682673245,2021Q1,10,0.23373847478465287,1h_core_donchian
15391,38113.193673973554,2021-06-27 04:00:00,15512,2021-07-02 05:00:00,2021-06,3367.1657476751134,2021Q2,11,0.08834646019114524,1h_core_donchian
17125,36652.854322938634,2021-09-07 10:00:00,17245,2021-09-12 10:00:00,2021-09,3308.69312344044,2021Q3,12,0.09027109033005772,1h_core_donchian
14591,35738.36395732729,2021-05-24 13:00:00,14681,2021-05-28 07:00:00,2021-05,3191.534582604734,2021Q2,13,0.08930276121244736,1h_core_donchian
13128,18598.096974003558,2021-03-24 14:00:00,13379,2021-04-04 01:00:00,2021-03,2878.5785674126855,2021Q1,14,0.15477812441973854,1h_core_donchian
10982,16620.53536916526,2020-12-25 01:00:00,11169,2021-01-01 20:00:00,2020-12,2857.779120644136,2020Q4,15,0.17194266352851326,1h_core_donchian
10071,9626.269339971428,2020-11-17 02:00:00,10266,2020-11-25 05:00:00,2020-11,2456.2807790399293,2020Q4,16,0.25516435207569416,1h_core_donchian
24556,7406.676018405395,2022-07-14 01:00:00,24728,2022-07-21 05:00:00,2022-07,2392.2606999394684,2022Q3,17,0.32298708543410887,1h_core_donchian
18001,38637.84765557167,2021-10-13 22:00:00,18092,2021-10-17 17:00:00,2021-10,2321.746494886611,2021Q4,18,0.06008995417092829,1h_core_donchian
16322,35260.85807782728,2021-08-04 23:00:00,16421,2021-08-09 02:00:00,2021-08,2314.0000534458304,2021Q3,19,0.06562517702599299,1h_core_donchian
7157,6823.522597292716,2020-07-18 11:00:00,7397,2020-07-28 11:00:00,2020-07,2120.241847628332,2020Q3,20,0.31072540867228227,1h_core_donchian
13781,33169.548043347175,2021-04-20 19:00:00,14315,2021-05-13 01:00:00,2021-04,19938.674292343967,2021Q2,1,0.6011138368930256,1h_core_donchian_fast
15969,53806.22221756829,2021-07-21 06:00:00,16281,2021-08-03 06:00:00,2021-07,17327.008911379984,2021Q3,2,0.3220261188625604,1h_core_donchian_fast
14380,43153.828037166706,2021-05-15 18:00:00,14591,2021-05-24 13:00:00,2021-05,15910.419576929246,2021Q2,3,0.3686908045150994,1h_core_donchian_fast
15142,55556.85832121429,2021-06-16 12:00:00,15391,2021-06-27 04:00:00,2021-06,13365.763802457746,2021Q2,4,0.24057810694011206,1h_core_donchian_fast
11187,21375.82289804115,2021-01-02 14:00:00,11394,2021-01-11 05:00:00,2021-01,10410.398981670412,2021Q1,5,0.4870174603956139,1h_core_donchian_fast
16313,67517.97784707489,2021-08-04 14:00:00,16421,2021-08-09 02:00:00,2021-08,9087.802920473681,2021Q3,6,0.1345982686427182,1h_core_donchian_fast
16941,51396.54628783348,2021-08-30 18:00:00,17125,2021-09-07 10:00:00,2021-08,7974.43704245313,2021Q3,7,0.15515511485527245,1h_core_donchian_fast
17670,60716.64492067724,2021-09-30 03:00:00,17767,2021-10-04 04:00:00,2021-09,7619.178147857077,2021Q3,8,0.12548746983320785,1h_core_donchian_fast
24556,22529.833222153353,2022-07-14 01:00:00,24728,2022-07-21 05:00:00,2022-07,7276.845167739866,2022Q3,9,0.32298708543410876,1h_core_donchian_fast
12370,26485.63356208051,2021-02-21 00:00:00,12572,2021-03-01 10:00:00,2021-02,6190.7115925059115,2021Q1,10,0.23373847478465287,1h_core_donchian_fast
15391,68911.5107520078,2021-06-27 04:00:00,15512,2021-07-02 05:00:00,2021-06,6088.088041363939,2021Q2,11,0.08834646019114531,1h_core_donchian_fast
17367,57675.05378539909,2021-09-17 12:00:00,17504,2021-09-23 05:00:00,2021-09,5733.63790769234,2021Q3,12,0.09941278822255485,1h_core_donchian_fast
3996,12577.13850675194,2020-03-08 01:00:00,4186,2020-03-15 23:00:00,2020-03,5644.69685604043,2020Q1,13,0.4488061297098794,1h_core_donchian_fast
17125,59370.98333028661,2021-09-07 10:00:00,17245,2021-09-12 10:00:00,2021-09,5359.4833991926425,2021Q3,14,0.09027109033005754,1h_core_donchian_fast
14591,59055.61684848851,2021-05-24 13:00:00,14681,2021-05-28 07:00:00,2021-05,5273.829649674357,2021Q2,15,0.08930276121244743,1h_core_donchian_fast
23669,14213.233146159222,2022-06-07 02:00:00,23975,2022-06-19 20:00:00,2022-06,5229.593070829904,2022Q2,16,0.3679383161489244,1h_core_donchian_fast
13128,29054.66329220123,2021-03-24 14:00:00,13379,2021-04-04 01:00:00,2021-03,4497.026290013928,2021Q1,17,0.1547781244197384,1h_core_donchian_fast
11914,21312.670844747467,2021-02-02 00:00:00,12037,2021-02-07 03:00:00,2021-02,4312.75456277292,2021Q1,18,0.20235636322586023,1h_core_donchian_fast
20014,23991.19493319946,2022-01-05 19:00:00,20157,2022-01-11 18:00:00,2022-01,3292.2845411253,2022Q1,19,0.1372288687700743,1h_core_donchian_fast
10982,19057.656879488928,2020-12-25 01:00:00,11169,2021-01-01 20:00:00,2020-12,3276.8242844718225,2020Q4,20,0.17194266352851334,1h_core_donchian_fast
