avg_bars_held,daily_context,dd_improve_rel,delta_avg_bars_held,delta_full,delta_giveback_to_loss_6_count,delta_mfe_capture_avg,delta_oos,delta_roll12,engulf_style,engulf_volume_ratio,exited_base_loser_pnl,exited_base_pnl,exited_base_winner_pnl,exits,full_dd,full_return,giveback_to_loss_6_count,giveback_to_loss_6_pnl,macd_tf,mfe_capture_avg,oi_threshold,oos_return,pass_gate,rolling12_min,sequence_macd_tf,sequence_window_bars,top20_winner_exited_pnl,top20_winner_exits,trades,unique_base_trades_exited,use_2h_wick,variant,wick_shadow_ratio,wick_volume_ratio,worst20_loser_exited_pnl,worst20_loser_exits,year_flat,year_losses,year_min_delta,year_wins,live_status,live_trigger_time_cst,live_trigger_close,live_current_return,live_before_1590,live_reasons,live_hit,exit_rows,saved_loser_count,improved_winner_count,missed_winner_count,worsened_loser_count,valuable_exit_count,net_delta_pnl_proxy,saved_pnl_proxy,missed_pnl_proxy,avg_delta_pnl_proxy,compression_category,recommendation
2040.6906779661017,False,0.0442187827128375,-197.74152542372892,-320.6638519993289,0,-0.0009141404251098,0.1345641772354744,-0.0065612378621933,strict,2.0,0.0,511797.4724339732,511797.4724339732,6,-0.4885732733593536,102.18648490111464,17,-89340.87993750337,4h,0.3522680852427653,,6.4317275691732165,True,0.0333868124946152,,0,289292.0533968997,1,236,6,False,1h_strict_engulf_v2p0_macd4h,0.75,1.5,0.0,0,4,2,-1.6449044089361804,2,no_trigger,,,,False,,False,6,0,4,2,0,4,-48547.47698429838,43841.29331769807,92388.77030199645,-8091.24616404973,A_long_pass_no_live,OBSERVE_REVIEW_EXITS
2231.2754237288136,False,2.171895950509738e-16,-7.156779661017026,34.8162399721503,0,0.0051117875215204,0.0846075563820356,0.0,,1.5,0.0,28969.1958809688,28969.1958809688,2,-0.5111768933334905,457.6665768725939,17,-385637.031682714,2h,0.3582940131893957,,6.381770948319778,True,0.0399480503568085,,0,0.0,0,236,2,True,2h_wick_r75_v1p5_macd2h,0.75,1.5,0.0,0,6,0,0.0,2,no_trigger,,,,False,,False,2,0,2,0,0,2,11227.508113236183,11227.508113236183,0.0,5613.754056618091,A_long_pass_no_live,OBSERVE_REVIEW_EXITS
2235.75,False,0.0,-2.682203389830647,4.914367316547953,0,0.0028068320944197,0.0846075563820356,0.0,,1.5,0.0,26850.1779598064,26850.1779598064,1,-0.5111768933334906,427.7647042169916,17,-360499.5971078882,2h,0.355989057762295,,6.381770948319778,True,0.0399480503568085,,0,0.0,0,236,1,True,2h_wick_r75_v2p0_macd2h,0.75,2.0,0.0,0,7,0,0.0,1,no_trigger,,,,False,,False,1,0,1,0,0,1,9128.23410104941,9128.23410104941,0.0,9128.23410104941,A_long_pass_no_live,OBSERVE_REVIEW_EXITS
2106.0508474576272,False,0.0,-132.3813559322034,-189.9756631801348,0,0.0018154228307322,0.0744315288665982,0.0,,1.5,0.0,219570.79702324027,219570.79702324027,3,-0.5111768933334906,232.8746737203088,17,-197314.1441734406,,0.3549976484986075,,6.37159492080434,True,0.0399480503568085,4h,144,131352.1926257087,1,236,3,True,2h_wick_r75_v2p0_then_macd4h_12h,0.75,2.0,0.0,0,4,2,-1.3302263382038149,2,no_trigger,,,,False,,False,3,0,1,2,0,1,-18639.10963950018,37681.92314343304,56321.032782933224,-6213.0365465000605,A_long_pass_no_live,OBSERVE_REVIEW_EXITS
2229.483050847457,False,0.0,-8.949152542373213,58.29963196410216,0,0.0026879410176058,0.0,0.0,,1.5,0.0,131352.1926257087,131352.1926257087,1,-0.5111768933334906,481.14996886454577,17,-401876.76468008256,4h,0.3558701666854811,,6.297163391937742,True,0.0399480503568085,,0,131352.1926257087,1,236,1,True,2h_wick_r75_v1p5_macd4h,0.75,1.5,0.0,0,7,0,0.0,1,no_trigger,,,,False,,False,1,0,1,0,0,1,61909.4489992873,61909.4489992873,0.0,61909.4489992873,A_long_pass_no_live,OBSERVE_REVIEW_EXITS
2229.483050847457,False,0.0,-8.949152542373213,58.29963196410216,0,0.0026879410176058,0.0,0.0,,1.5,0.0,131352.1926257087,131352.1926257087,1,-0.5111768933334906,481.14996886454577,17,-401876.76468008256,4h,0.3558701666854811,,6.297163391937742,True,0.0399480503568085,,0,131352.1926257087,1,236,1,True,2h_wick_r75_v2p0_macd4h,0.75,2.0,0.0,0,7,0,0.0,1,no_trigger,,,,False,,False,1,0,1,0,0,1,61909.4489992873,61909.4489992873,0.0,61909.4489992873,A_long_pass_no_live,OBSERVE_REVIEW_EXITS
2229.483050847457,False,0.0,-8.949152542373213,58.29963196410216,0,0.0026879410176058,0.0,0.0,,1.5,0.0,131352.1926257087,131352.1926257087,1,-0.5111768933334906,481.14996886454577,17,-401876.76468008256,4h,0.3558701666854811,,6.297163391937742,True,0.0399480503568085,,0,131352.1926257087,1,236,1,True,2h_wick_r85_v1p5_macd4h,0.85,1.5,0.0,0,7,0,0.0,1,no_trigger,,,,False,,False,1,0,1,0,0,1,61909.4489992873,61909.4489992873,0.0,61909.4489992873,A_long_pass_no_live,OBSERVE_REVIEW_EXITS
2229.483050847457,False,0.0,-8.949152542373213,58.29963196410216,0,0.0026879410176058,0.0,0.0,,1.5,0.0,131352.1926257087,131352.1926257087,1,-0.5111768933334906,481.14996886454577,17,-401876.76468008256,,0.3558701666854811,,6.297163391937742,True,0.0399480503568085,4h,144,131352.1926257087,1,236,1,True,2h_wick_r85_v1p5_then_macd4h_12h,0.85,1.5,0.0,0,7,0,0.0,1,no_trigger,,,,False,,False,1,0,1,0,0,1,61909.4489992873,61909.4489992873,0.0,61909.4489992873,A_long_pass_no_live,OBSERVE_REVIEW_EXITS
2229.483050847457,False,0.0,-8.949152542373213,58.29963196410216,0,0.0026879410176058,0.0,0.0,,1.5,0.0,131352.1926257087,131352.1926257087,1,-0.5111768933334906,481.14996886454577,17,-401876.76468008256,4h,0.3558701666854811,,6.297163391937742,True,0.0399480503568085,,0,131352.1926257087,1,236,1,True,2h_wick_r85_v2p0_macd4h,0.85,2.0,0.0,0,7,0,0.0,1,no_trigger,,,,False,,False,1,0,1,0,0,1,61909.4489992873,61909.4489992873,0.0,61909.4489992873,A_long_pass_no_live,OBSERVE_REVIEW_EXITS
2229.483050847457,False,0.0,-8.949152542373213,58.29963196410216,0,0.0026879410176058,0.0,0.0,,1.5,0.0,131352.1926257087,131352.1926257087,1,-0.5111768933334906,481.14996886454577,17,-401876.76468008256,,0.3558701666854811,,6.297163391937742,True,0.0399480503568085,4h,144,131352.1926257087,1,236,1,True,2h_wick_r85_v2p0_then_macd4h_12h,0.85,2.0,0.0,0,7,0,0.0,1,no_trigger,,,,False,,False,1,0,1,0,0,1,61909.4489992873,61909.4489992873,0.0,61909.4489992873,A_long_pass_no_live,OBSERVE_REVIEW_EXITS
1685.1016949152545,False,0.0748766325146781,-553.3305084745764,-302.0638424998488,-1,0.0371638288470614,0.9966253975674562,0.105071642689938,,1.5,-19462.31310473493,2913658.078333206,2933120.3914379408,24,-0.472901688941364,120.7864944005948,16,-96846.68902976354,,0.3903460545149367,,7.293788789505198,False,0.1450196930467466,2h,144,2487692.413054965,7,236,24,True,2h_wick_r75_v2p0_then_macd2h_12h,0.75,2.0,0.0,0,0,5,-1.5573530436449488,3,triggered,2026-06-26 22:00:00,1564.52,0.1052399457980723,True,2h_lower_wick_setup@2026-06-26 04:00:00+macd_bull_cross_2h,True,24,2,13,9,0,15,289903.71251143434,701037.8755872721,411134.1630758378,12079.321354643098,B_live_hit_rejected_for_live,REJECTED_FOR_LIVE
1645.4957627118645,False,0.0748766325146777,-592.9364406779662,-321.1747807663086,-1,0.0405514597152867,0.7212382797727432,-0.0775404847473379,,1.5,-19506.42862487874,3223055.1353092133,3242561.5639340915,29,-0.4729016889413642,101.67555613413504,16,-82401.4471670294,,0.393733685383162,,7.018401671710485,False,-0.0375924343905293,2h,144,2631608.448097679,8,236,29,True,2h_wick_r75_v1p5_then_macd2h_12h,0.75,1.5,0.0,0,0,5,-1.306889815524423,3,triggered,2026-06-26 22:00:00,1564.52,0.1052399457980723,True,2h_lower_wick_setup@2026-06-26 04:00:00+macd_bull_cross_2h,True,29,3,16,10,0,19,302325.0421944937,775066.1757253875,472741.1335308938,10425.001454982541,B_live_hit_rejected_for_live,REJECTED_FOR_LIVE
1689.0254237288136,False,0.0251567422511588,-549.406779661017,-315.03684549318257,-2,0.0323425753368746,0.4226041902389328,-0.169085190444132,loose,1.5,-70030.67243936483,3019902.413200427,3089933.085639792,27,-0.4983173479831518,107.81349140726104,15,-87832.5626319488,2h,0.3855248010047499,,6.719767582176675,False,-0.1291371400873234,,0,2754923.7566871806,9,236,27,False,1h_loose_engulf_v1p5_macd2h,0.75,1.5,0.0,0,0,5,-1.6602568973154197,3,triggered,2026-06-26 22:00:00,1564.52,0.1052399457980723,True,1h_bullish_loose_engulf+macd_bull_cross_2h,True,27,7,10,10,0,17,242146.96894825273,528283.1731194861,286136.20417123334,8968.406257342695,B_live_hit_rejected_for_live,REJECTED_FOR_LIVE
1144.822033898305,False,-0.0732065869251196,-1093.6101694915255,-398.60262414555433,-3,0.0896696015496549,0.413198220529563,-0.2036172905544295,,1.5,-295314.93218257546,4669428.719000593,4964743.651183168,65,-0.5485984090094214,24.24771275488927,14,-19509.570900104904,,0.4428518272175302,,6.710361612467305,False,-0.1636692401976209,,0,3698428.911906362,12,236,65,True,2h_wick_r75_v1p5,0.75,1.5,-132394.75720662205,1,0,6,-2.296590949333971,2,triggered,2026-06-26 12:00:00,1552.8,0.113581916537867,True,2h_lower_wick,True,65,12,29,24,0,41,318629.75243189133,1607230.6058866007,1288600.8534547095,4901.9961912598665,B_live_hit_rejected_for_live,REJECTED_FOR_LIVE
1521.3389830508474,False,0.0748766325146779,-717.0932203389832,-330.528307123029,-3,0.0457681929289097,0.2429712180471819,0.1005688321795366,,1.5,-51622.11104896878,3732474.79703982,3784096.908088789,36,-0.4729016889413641,92.32202977741466,14,-73510.14684546646,,0.398950418596785,,6.540134609984924,False,0.1405168825363452,2h,288,3163175.824234702,8,236,36,True,2h_wick_r75_v2p0_then_macd2h_24h,0.75,2.0,0.0,0,0,7,-1.2706950222182734,1,triggered,2026-06-26 22:00:00,1564.52,0.1052399457980723,True,2h_lower_wick_setup@2026-06-26 04:00:00+macd_bull_cross_2h,True,36,4,18,14,0,22,-34935.55263679326,930101.1961693611,965036.7488061544,-970.4320176887018,B_live_hit_rejected_for_live,REJECTED_FOR_LIVE
1236.6398305084747,False,-0.0732065869251189,-1001.792372881356,-398.5904366296483,-3,0.0715026213041992,0.229145325421249,-0.1638613365704475,,1.5,-290813.30554622936,3992614.457507853,4283427.76305408,51,-0.548598409009421,24.25990027079529,14,-20244.62666383534,,0.4246848469720745,,6.526308717358991,False,-0.1239132862136389,,0,3446797.933481756,10,236,51,True,2h_wick_r75_v2p0,0.75,2.0,-132394.75720662205,1,0,7,-2.296590949333971,1,triggered,2026-06-26 12:00:00,1552.8,0.113581916537867,True,2h_lower_wick,True,51,10,19,22,0,29,127154.00475900908,1328293.1684345498,1201139.1636755408,2493.2157795884136,B_live_hit_rejected_for_live,REJECTED_FOR_LIVE
1851.9533898305085,False,4.343791901019476e-16,-386.4788135593221,-142.9737050337646,0,0.0193700559351603,0.1088825315300079,0.0,,1.5,0.0,1581075.25586682,1581075.25586682,15,-0.5111768933334904,279.876631866679,17,-230908.2427675111,,0.3725522816030356,,6.40604592346775,False,0.0399480503568085,4h,288,1218544.1984263228,4,236,15,True,2h_wick_r75_v1p5_then_macd4h_24h,0.75,1.5,0.0,0,0,4,-1.1221697730809703,4,triggered,2026-06-27 08:00:00,1579.03,0.0950836906201908,True,2h_lower_wick_setup@2026-06-26 04:00:00+macd_bull_cross_4h,True,15,0,9,6,0,9,357137.7764257931,455560.4636451386,98422.6872193455,23809.185095052875,B_live_hit_rejected_for_live,REJECTED_FOR_LIVE
1903.8093220338983,False,0.0,-334.62288135593235,-136.36160300346037,0,0.018474187718068,0.0797670264439025,0.0,,1.5,0.0,1529357.633384976,1529357.633384976,13,-0.5111768933334906,286.48873389698326,17,-236556.98682625336,,0.3716564133859433,,6.376930418381645,False,0.0399480503568085,4h,288,1218544.1984263228,4,236,13,True,2h_wick_r75_v2p0_then_macd4h_24h,0.75,2.0,0.0,0,1,3,-1.4008742776086187,4,triggered,2026-06-27 08:00:00,1579.03,0.0950836906201908,True,2h_lower_wick_setup@2026-06-26 04:00:00+macd_bull_cross_4h,True,13,0,7,6,0,7,349051.9321712652,447474.61939061066,98422.6872193455,26850.14862855886,B_live_hit_rejected_for_live,REJECTED_FOR_LIVE
1741.6313559322034,False,-0.0674454855053737,-496.8008474576272,-326.15074688919805,-2,0.0272885644788057,0.0296332487236155,-0.2512551994950106,loose,2.0,-70030.67243936483,2511979.8498101328,2582010.522249497,23,-0.5456534670834965,96.69959001124558,15,-83077.4976666973,2h,0.380470790146681,,6.326796640661358,False,-0.211307149138202,,0,2322296.0126631767,7,236,23,False,1h_loose_engulf_v2p0_macd2h,0.75,1.5,0.0,0,0,5,-1.7816100043077552,3,triggered,2026-06-26 22:00:00,1564.52,0.1052399457980723,True,1h_bullish_loose_engulf+macd_bull_cross_2h,True,23,7,6,10,0,13,-15935.74897353063,269341.4673084393,285277.21628197,-692.8586510230708,B_live_hit_rejected_for_live,REJECTED_FOR_LIVE
787.4449152542373,False,-0.2176217911930568,-1450.9872881355932,-409.7666286357672,-12,0.2161971948395422,0.0283277066629841,-0.4469334124244297,strict,2.0,-522342.641758963,5300765.007222569,5823107.648981532,104,-0.6224201244772269,13.083708264676437,5,-909.2028114542936,,0.5693794205074175,,6.325491098600726,False,-0.4069853620676211,,0,4246074.041364986,16,236,104,False,1h_strict_engulf_v2p0,0.75,1.5,-202812.01658995837,3,0,7,-2.230410586238269,1,triggered,2026-06-24 20:00:00,1679.79,0.0293965317093207,False,1h_bullish_strict_engulf,True,104,28,38,38,0,66,-22919.696014125977,2039717.485364337,2062637.181378463,-220.381692443519,B_live_hit_rejected_for_live,REJECTED_FOR_LIVE
1450.122881355932,False,0.0748766325146779,-788.3093220338985,-343.38774391175446,-3,0.0536994634050182,-0.0502851649711351,-0.0775404847473379,,1.5,-51666.22656911259,4311183.691285425,4362849.917854538,45,-0.4729016889413641,79.46259298868915,14,-64022.464529320496,,0.4068816890728935,,6.246878226966607,False,-0.0375924343905293,2h,288,3414806.802659308,10,236,45,True,2h_wick_r75_v1p5_then_macd2h_24h,0.75,1.5,0.0,0,0,6,-1.2706950222182734,2,triggered,2026-06-26 22:00:00,1564.52,0.1052399457980723,True,2h_lower_wick_setup@2026-06-26 04:00:00+macd_bull_cross_2h,True,45,5,23,17,0,28,14426.277561406168,1102826.572401103,1088400.294839697,320.583945809026,B_live_hit_rejected_for_live,REJECTED_FOR_LIVE
1176.8305084745762,False,-0.2126412057610118,-1061.6016949152545,-401.3977333308643,-6,0.1068036263428682,-0.0622641236267389,-0.398980674242863,strict,2.0,-376107.5314727041,3614694.13629413,3990801.6677668337,68,-0.6198741642890921,21.4526035695793,11,-11460.169715323957,,0.4599858520107435,0.0,6.234899268311003,False,-0.3590326238860544,,0,2654832.827742976,12,236,68,False,1h_strict_engulf_v2p0_oi0,0.75,1.5,-161853.69824588066,2,1,6,-2.2787254460341444,1,triggered,2026-06-24 20:00:00,1679.79,0.0293965317093207,False,1h_bullish_strict_engulf+oi_flush,True,68,16,24,28,0,40,-407171.17758706375,1450021.4431597344,1857192.620746798,-5987.8114351038785,B_live_hit_rejected_for_live,REJECTED_FOR_LIVE
1723.8559322033898,False,0.0442187827128377,-514.5762711864409,-312.3496189600204,-2,0.032260976337513,-0.1620686442014571,-0.04778422914249,strict,1.5,-33739.90957927447,1534916.9822498108,1568656.8918290853,17,-0.4885732733593535,110.5007179404232,15,-90507.07417683584,2h,0.3854432020053883,,6.135094747736285,False,-0.0078361787856814,,0,1357520.5480865403,5,236,17,False,1h_strict_engulf_v1p5_macd2h,0.75,1.5,0.0,0,0,2,-1.7816100043077552,6,triggered,2026-06-26 22:00:00,1564.52,0.1052399457980723,True,1h_bullish_strict_engulf+macd_bull_cross_2h,True,17,5,5,7,0,10,14628.049499601868,194786.93077083252,180158.88127123067,860.4734999765805,B_live_hit_rejected_for_live,REJECTED_FOR_LIVE
1249.665254237288,False,-0.2126412057610118,-988.7669491525426,-396.9922986495418,-6,0.1032381288979774,-0.1768230647197981,-0.398980674242863,strict,2.0,-324430.11667969654,3429011.1033381736,3753441.2200178704,58,-0.6198741642890921,25.858038250901814,11,-12383.10142759402,,0.4564203545658527,-0.005,6.120340327217944,False,-0.3590326238860544,,0,2547117.884361084,11,236,58,False,1h_strict_engulf_v2p0_oiN0p5,0.75,1.5,-161853.69824588066,2,1,6,-2.2787254460341444,1,triggered,2026-06-26 22:00:00,1564.52,0.1052399457980723,True,1h_bullish_strict_engulf+oi_flush,True,58,12,23,23,0,35,-233201.12001261688,1355972.3905745586,1589173.5105871756,-4020.7089657347738,B_live_hit_rejected_for_live,REJECTED_FOR_LIVE
1741.3813559322034,False,0.0442187827128381,-497.0508474576272,-308.9750784977006,-2,0.0327244439495177,-0.3256691071851225,-0.04778422914249,strict,2.0,-23075.13221514294,1407206.708113668,1430281.840328811,15,-0.4885732733593533,113.875258402743,15,-95434.46255364676,2h,0.385906669617393,,5.97149428475262,False,-0.0078361787856814,,0,1219145.496586266,4,236,15,False,1h_strict_engulf_v2p0_macd2h,0.75,1.5,0.0,0,1,2,-1.7816100043077552,5,triggered,2026-06-26 22:00:00,1564.52,0.1052399457980723,True,1h_bullish_strict_engulf+macd_bull_cross_2h,True,15,4,4,7,0,8,-64275.700129064644,115024.19325290264,179299.8933819673,-4285.046675270976,B_live_hit_rejected_for_live,REJECTED_FOR_LIVE
1542.9364406779662,False,-0.0574316060481912,-695.4957627118645,-359.3222910015857,-1,0.0576468986377507,-0.4814608975211873,-0.2307095364003172,,1.5,-126258.7503953735,3800363.944512624,3926622.694907996,42,-0.5405346032923579,63.5280458988579,16,-60220.77798565636,,0.410829124305626,0.0,5.815702494416555,False,-0.1907614860435086,,0,3011097.056993151,11,236,42,True,2h_wick_r75_v1p5_oi0,0.75,1.5,0.0,0,1,5,-1.8496969508744043,2,triggered,2026-06-26 12:00:00,1552.8,0.113581916537867,True,2h_lower_wick+oi_flush,True,42,7,20,15,0,27,-166708.5989573499,904132.0091578856,1070840.6081152353,-3969.2523561273783,B_live_hit_rejected_for_live,REJECTED_FOR_LIVE
1605.584745762712,False,-0.0574316060481912,-632.8474576271187,-362.3444493725803,-1,0.0444322349286361,-0.7014872954903915,-0.1449082650416578,,1.5,-126258.7503953735,3311666.037193615,3437924.787588989,35,-0.5405346032923579,60.505887527863294,16,-59787.53772859189,,0.3976144605965114,0.0,5.595676096447351,False,-0.1049602146848492,,0,2759466.0785685447,9,236,35,True,2h_wick_r75_v2p0_oi0,0.75,2.0,0.0,0,1,5,-1.7334172426541683,2,triggered,2026-06-26 12:00:00,1552.8,0.113581916537867,True,2h_lower_wick+oi_flush,True,35,7,13,15,0,20,-330934.3532014932,707970.8947253783,1038905.2479268715,-9455.267234328378,B_live_hit_rejected_for_live,REJECTED_FOR_LIVE
1549.783898305085,False,-0.0574316060481912,-688.648305084746,-369.5291573236754,-1,0.0585936947219133,-0.754942803782729,-0.2307095364003172,,1.5,-86520.90067882778,3673434.679703807,3759955.5803826354,36,-0.5405346032923579,53.32117957676819,16,-53526.36669395279,,0.4117759203897886,-0.005,5.542220588155013,False,-0.1907614860435086,,0,2903382.1136112586,10,236,36,True,2h_wick_r75_v1p5_oiN0p5,0.75,1.5,0.0,0,1,5,-1.8496969508744043,2,triggered,2026-06-26 12:00:00,1552.8,0.113581916537867,True,2h_lower_wick+oi_flush,True,36,4,17,15,0,21,-360174.56612522237,710666.0419900131,1070840.6081152353,-10004.849059033955,B_live_hit_rejected_for_live,REJECTED_FOR_LIVE
1609.6864406779662,False,-0.0574316060481912,-628.7457627118645,-371.0833784374993,-1,0.044432234928636,-0.8451008016603447,-0.1449082650416578,,1.5,-86520.90067882778,3343254.366772492,3429775.2674513203,31,-0.5405346032923579,51.76695846294427,16,-53176.69223927169,,0.3976144605965113,-0.005,5.452062590277397,False,-0.1049602146848492,,0,2759466.0785685447,9,236,31,True,2h_wick_r75_v2p0_oiN0p5,0.75,2.0,0.0,0,1,5,-1.7334172426541683,2,triggered,2026-06-26 12:00:00,1552.8,0.113581916537867,True,2h_lower_wick+oi_flush,True,31,4,12,15,0,16,-455142.81310811697,583762.4348187546,1038905.2479268715,-14682.026229294095,B_live_hit_rejected_for_live,REJECTED_FOR_LIVE
1296.1313559322034,False,0.0219973179408051,-942.3008474576272,-394.8743174519075,-5,0.1271199535112951,-2.086810990379317,-0.1449082650416578,,1.5,-305324.64645633445,4482791.740570663,4788116.387026997,63,-0.4999323726868407,27.97601944853612,12,-19506.679600280742,,0.4803021791791704,-0.005,4.210352401558425,False,-0.1049602146848492,,0,3548914.814921305,15,236,63,True,2h_wick_r60_v2p0_oiN0p5,0.6,2.0,-161853.69824588066,2,1,6,-1.7133028580894876,1,triggered,2026-06-26 12:00:00,1552.8,0.113581916537867,True,2h_lower_wick+oi_flush,True,63,12,26,25,0,38,-741471.0563423805,1271035.6522721238,2012506.7086145042,-11769.381846704451,B_live_hit_rejected_for_live,REJECTED_FOR_LIVE
794.4703389830509,False,-0.1708018810655221,-1443.9618644067798,-413.7384104235416,-11,0.2457136066771764,-2.614753907499765,-0.3808771592513681,,1.5,-706201.7093872554,5795535.535468877,6501737.244856131,110,-0.5984868682720805,9.111926476902005,6,-1752.9475963321838,,0.5988958323450517,,3.6824094844379776,False,-0.3409291088945595,,0,4800862.772457157,19,236,110,True,2h_wick_r60_v2p0,0.6,2.0,-335206.7737965804,4,0,8,-2.070769238940549,0,triggered,2026-06-26 12:00:00,1552.8,0.113581916537867,True,2h_lower_wick,True,110,29,37,44,0,66,-808264.885016259,2446708.7086505527,3254973.5936668115,-7347.862591056901,B_live_hit_rejected_for_live,REJECTED_FOR_LIVE
1241.3093220338983,False,0.0219973179408051,-997.1228813559323,-395.1770559673084,-5,0.1321964435034375,-2.774740607079353,-0.1449082650416578,,1.5,-417722.9404425756,4481786.916246877,4899509.856689452,73,-0.4999323726868407,27.6732809331352,12,-19692.98396242474,,0.4853786691713128,0.0,3.5224227848583887,False,-0.1049602146848492,,0,3548914.814921305,15,236,73,True,2h_wick_r60_v2p0_oi0,0.6,2.0,-161853.69824588066,2,1,6,-1.7133028580894876,1,triggered,2026-06-26 12:00:00,1552.8,0.113581916537867,True,2h_lower_wick+oi_flush,True,73,17,29,27,0,46,-710910.3475579252,1512794.1497448161,2223704.4973027413,-9738.4979117524,B_live_hit_rejected_for_live,REJECTED_FOR_LIVE
1203.656779661017,False,0.0219973179408051,-1034.7754237288136,-408.14852912464175,-6,0.1391004586899376,-3.0897077717417307,-0.2307095364003172,,1.5,-338891.18128981395,4737422.460244263,5076313.641534077,74,-0.4999323726868407,14.70180777580186,11,-12876.116511490158,,0.4922826843578129,-0.005,3.2074556201960114,False,-0.1907614860435086,,0,3687289.8664215794,16,236,74,True,2h_wick_r60_v1p5_oiN0p5,0.6,1.5,-161853.69824588066,2,1,7,-1.8315107931847312,0,triggered,2026-06-26 12:00:00,1552.8,0.113581916537867,True,2h_lower_wick+oi_flush,True,74,15,27,32,0,42,-886880.6155445637,1466821.910336176,2353702.5258807396,-11984.873183034646,B_live_hit_rejected_for_live,REJECTED_FOR_LIVE
1075.0677966101696,False,-0.295837168649735,-1163.364406779661,-407.4595107330642,-9,0.1382468993160323,-3.0900935577505573,-0.4683030207654182,strict,1.5,-464179.9344660224,4854669.250463003,5318849.184929024,90,-0.6624020181364381,15.390826167379377,8,-9027.622482569155,,0.4914291249839075,0.0,3.207069834187185,False,-0.4283549704086096,,0,3609089.7843725113,15,236,90,False,1h_strict_engulf_v1p5_oi0,0.75,1.5,-202812.01658995837,3,1,6,-2.2787254460341444,1,triggered,2026-06-24 20:00:00,1679.79,0.0293965317093207,False,1h_bullish_strict_engulf+oi_flush,True,90,23,31,36,0,54,-1044447.7487995273,1668747.0344279148,2713194.783227442,-11604.974986661415,B_live_hit_rejected_for_live,REJECTED_FOR_LIVE
1158.271186440678,False,-0.295837168649735,-1080.1610169491528,-409.4389148513502,-9,0.1217531274452627,-3.153705347346616,-0.4683030207654182,strict,1.5,-401837.74230888335,4550911.880124483,4952749.622433368,77,-0.6624020181364381,13.411422049093394,8,-8524.4374201439,,0.474935353113138,-0.005,3.143458044591126,False,-0.4283549704086096,,0,3501374.840990619,14,236,77,False,1h_strict_engulf_v1p5_oiN0p5,0.75,1.5,-202812.01658995837,3,1,7,-2.2787254460341444,0,triggered,2026-06-26 22:00:00,1564.52,0.1052399457980723,True,1h_bullish_strict_engulf+oi_flush,True,77,18,28,31,0,46,-1057580.66229851,1470098.030551443,2527678.692849953,-13734.813796084547,B_live_hit_rejected_for_live,REJECTED_FOR_LIVE
1154.0635593220338,False,0.0219973179408051,-1084.3686440677968,-406.8183580489282,-6,0.1454659730181303,-3.162816009868449,-0.2307095364003172,,1.5,-451289.4752760551,5010197.534191672,5461487.009467727,87,-0.4999323726868407,16.03197885151539,11,-13193.728158111331,,0.4986481986860056,0.0,3.134347382069293,False,-0.1907614860435086,,0,3825667.2881681006,17,236,87,True,2h_wick_r60_v1p5_oi0,0.6,1.5,-161853.69824588066,2,1,7,-1.8315107931847312,0,triggered,2026-06-26 12:00:00,1552.8,0.113581916537867,True,2h_lower_wick+oi_flush,True,87,20,33,34,0,53,-694716.9197040673,1800192.5972914447,2494909.516995512,-7985.251950621463,B_live_hit_rejected_for_live,REJECTED_FOR_LIVE
679.2838983050848,False,-0.1458826346923221,-1559.148305084746,-417.0293102054396,-14,0.2474372160315087,-3.2224913636686745,-0.3833031987625382,strict,1.5,-559545.1199282123,5875063.456302753,6434608.576230966,126,-0.5857487253268163,5.821026695003983,3,-663.6326012238878,,0.600619441699384,,3.074672028269068,False,-0.3433551484057296,,0,4512999.143081311,18,236,126,False,1h_strict_engulf_v1p5,0.75,1.5,-202812.01658995837,3,0,7,-2.446571432794027,1,triggered,2026-06-23 22:00:00,1663.81,0.0392833316304146,False,1h_bullish_strict_engulf,True,126,37,44,45,0,81,-896826.7994479188,2034220.6414569018,2931047.4409048203,-7117.673011491419,B_live_hit_rejected_for_live,REJECTED_FOR_LIVE
557.9449152542373,False,-0.368444230363104,-1680.4872881355932,-418.2679026602726,-14,0.2624688502482172,-3.3069252495382107,-0.5320909170939626,loose,2.0,-1087450.5524324568,5657656.47562663,6745107.028059089,144,-0.699517070377151,4.582434240170968,3,-165.7681109146788,,0.6156510759160925,,2.9902381423995315,False,-0.492142866737154,,0,4719136.148079099,19,236,144,False,1h_loose_engulf_v2p0,0.75,1.5,-619214.3700434203,6,0,8,-2.446491577273661,0,triggered,2026-06-24 20:00:00,1679.79,0.0293965317093207,False,1h_bullish_loose_engulf,True,144,50,36,58,0,86,-1428073.056038962,2775475.790812012,4203548.846850974,-9917.17400027057,B_live_hit_rejected_for_live,REJECTED_FOR_LIVE
730.6271186440678,False,-0.1819063005901248,-1507.805084745763,-417.7919400357641,-12,0.2527153496608413,-3.5927254957527444,-0.39019466034385,,1.5,-753669.6286940693,6173450.313988625,6927119.942682692,125,-0.6041631909469387,5.058396864679502,5,-1112.9965292273537,,0.6058975753287166,,2.7044378961849977,False,-0.3502466099870414,,0,4939240.194203679,20,236,125,True,2h_wick_r60_v1p5,0.6,1.5,-335206.7737965804,4,0,8,-2.121923450047733,0,triggered,2026-06-23 22:00:00,1663.81,0.0392833316304146,False,2h_lower_wick,True,125,35,39,51,0,74,-1045633.7481647787,2572057.047657648,3617690.795822427,-8365.069985318229,B_live_hit_rejected_for_live,REJECTED_FOR_LIVE
935.6567796610168,False,-0.3820211235638589,-1302.7754237288136,-412.1293380746323,-11,0.1832987717604746,-3.604052734455663,-0.5172826229536868,loose,2.0,-587609.6829037735,6045969.809554409,6633579.492458185,110,-0.7064572644646335,10.720998825811296,6,-4932.280602024455,,0.5364809974283499,0.0,2.693110657482079,False,-0.4773345725968781,,0,4719136.148079099,19,236,110,False,1h_loose_engulf_v2p0_oi0,0.75,1.5,-202812.01658995837,3,1,7,-2.2427414083625083,0,triggered,2026-06-24 20:00:00,1679.79,0.0293965317093207,False,1h_bullish_loose_engulf+oi_flush,True,110,32,30,48,0,62,-1877024.8432999582,2068031.4013194737,3945056.244619432,-17063.862211817803,B_live_hit_rejected_for_live,REJECTED_FOR_LIVE
1006.915254237288,False,-0.3841506804165215,-1231.5169491525426,-414.177068982749,-9,0.1539238121752169,-4.029315424581709,-0.5192208867768078,loose,2.0,-484322.2774325815,5899506.572280681,6383828.849713264,95,-0.7075458447207547,8.673267917694627,8,-6916.129169282445,,0.5071060378430922,-0.005,2.267847967356033,False,-0.4792728364199992,,0,4611421.204697207,18,236,95,False,1h_loose_engulf_v2p0_oiN0p5,0.75,1.5,-202812.01658995837,3,1,7,-2.2427414083625083,0,triggered,2026-06-26 12:00:00,1552.8,0.113581916537867,True,1h_bullish_loose_engulf+oi_flush,True,95,24,25,46,0,49,-1821807.5809779228,2026341.3961839243,3848148.977161847,-19176.921905030766,B_live_hit_rejected_for_live,REJECTED_FOR_LIVE
468.4491525423729,False,-0.2201121233463346,-1769.983050847458,-421.56890906830137,-17,0.3138183397632833,-4.631400604618376,-0.4714475912166912,loose,1.5,-1190231.5874199448,5841936.875095306,7032168.462515253,162,-0.623693124730708,1.2814278321422208,0,0.0,,0.6670005654311586,,1.665762787319366,False,-0.4314995408598826,,0,4939240.194203679,20,236,162,False,1h_loose_engulf_v1p5,0.75,1.5,-666951.9921021984,7,0,8,-2.488551309601365,0,triggered,2026-06-23 22:00:00,1663.81,0.0392833316304146,False,1h_bullish_loose_engulf,True,162,59,35,68,0,94,-1959414.3430938239,2737843.0764055536,4697257.419499378,-12095.150266011258,B_live_hit_rejected_for_live,REJECTED_FOR_LIVE
844.8983050847457,False,-0.2968937198997196,-1393.533898305085,-417.88602512683866,-14,0.2082419819636585,-4.80789777582401,-0.480743998290794,loose,1.5,-757439.9179385877,6191081.0975011,6948521.015439689,130,-0.6629421027220528,4.964311773604946,3,-4423.197569477403,,0.5614242076315338,0.0,1.4892656161137316,False,-0.4407959479339854,,0,4939240.194203679,20,236,130,False,1h_loose_engulf_v1p5_oi0,0.75,1.5,-330252.84313500265,5,1,7,-2.2427414083625083,0,triggered,2026-06-24 20:00:00,1679.79,0.0293965317093207,False,1h_bullish_loose_engulf+oi_flush,True,130,41,32,57,0,73,-2178459.602306771,2297680.1574875084,4476139.759794279,-16757.38155620593,B_live_hit_rejected_for_live,REJECTED_FOR_LIVE
916.7161016949152,False,-0.301270152064421,-1321.716101694915,-418.5599855890231,-12,0.1912930329371895,-5.286921315671989,-0.480743998290794,loose,1.5,-526711.6859223514,6312041.096263386,6838752.782185739,114,-0.6651792337198896,4.290351311420533,5,-5752.128339250072,,0.5444752586050648,-0.005,1.010242076265753,False,-0.4407959479339854,,0,4939240.194203679,20,236,114,False,1h_loose_engulf_v1p5_oiN0p5,0.75,1.5,-202812.01658995837,3,1,7,-2.2427414083625083,0,triggered,2026-06-26 12:00:00,1552.8,0.113581916537867,True,1h_bullish_loose_engulf+oi_flush,True,114,31,30,53,0,61,-2250676.4969163015,2043414.2251371853,4294090.722053487,-19742.776288739486,B_live_hit_rejected_for_live,REJECTED_FOR_LIVE
1713.9449152542372,False,-0.0056344855729205,-524.4872881355934,-300.6566014236347,-1,0.0216772998502634,1.6755775210974555,-0.1065182684149664,,1.5,-10761.342604880008,1877588.418630547,1888349.761235427,21,-0.5140571121641885,122.19373547680893,16,-94244.26822947925,,0.3748595255181386,,7.972740913035198,False,-0.0665702180581578,2h,288,1616152.4933650582,6,236,21,True,2h_wick_r85_v1p5_then_macd2h_24h,0.85,1.5,0.0,0,0,6,-1.2706950222182734,2,no_trigger,,,,False,,False,21,3,11,7,0,14,211645.72916944505,383813.59342522954,172167.8642557845,10078.368055687859,C_overtrigger_or_winner_damage,REJECT
1507.9703389830509,False,-0.0897947614495479,-730.4618644067798,-382.5215093804037,-1,0.0321451342523027,1.6538071380886734,-0.2435186267388638,,1.5,-10761.342604880008,2116094.228058019,2126855.570662899,30,-0.5570779005288924,40.3288275200399,16,-32450.53893795129,,0.385327359920178,,7.950970530026415,False,-0.2035705763820552,,0,1616152.4933650582,6,236,30,True,2h_wick_r85_v1p5,0.85,1.5,0.0,0,0,5,-2.2285315231161658,3,no_trigger,,,,False,,False,30,3,14,13,0,17,261079.9148345879,547429.3153323556,286349.4004977676,8702.663827819597,C_overtrigger_or_winner_damage,REJECT
1714.7881355932204,False,-0.0056344855729203,-523.6440677966102,-305.19989799884013,-1,0.0177573512966287,1.4558625696772598,-0.1065182684149664,,1.5,-10717.2270847362,1691249.3867609345,1701966.6138456706,18,-0.5140571121641884,117.65043890160344,16,-93047.04445459555,,0.3709395769645039,,7.753025961615002,False,-0.0665702180581578,2h,288,1508437.5499831657,5,236,18,True,2h_wick_r85_v2p0_then_macd2h_24h,0.85,2.0,0.0,0,0,6,-1.2706950222182734,2,no_trigger,,,,False,,False,18,2,9,7,0,11,109921.4254461102,282089.2897018947,172167.8642557845,6106.745858117233,C_overtrigger_or_winner_damage,REJECT
1882.3050847457628,False,-0.0465795072263206,-356.1271186440679,-281.3438010454647,0,0.0123204106820898,1.4320020121920205,-0.1843186534075056,,1.5,-10664.777364131529,1706729.4672231907,1717394.2445873222,17,-0.534987261130446,141.50653585497892,17,-108254.19134921732,,0.3655026363499651,0.0,7.729165404129763,False,-0.144370603050697,,0,1392825.0056213364,5,236,17,True,2h_wick_r85_v1p5_oi0,0.85,1.5,0.0,0,1,3,-1.860765670026985,4,no_trigger,,,,False,,False,17,1,10,6,0,11,388194.96427972877,530584.0498165442,142389.08553681543,22834.997898807575,C_overtrigger_or_winner_damage,REJECT
1590.771186440678,False,-0.0200124930440499,-647.6610169491528,-366.63209716039177,-1,0.028737578448345,1.3513180909831508,-0.2537386429622636,,1.5,-10717.2270847362,1855114.5751195748,1865831.802204311,24,-0.5214068173556061,56.21823974005184,16,-45601.93880018628,,0.3819198041162203,,7.648481482920893,False,-0.213790592605455,,0,1508437.5499831657,5,236,24,True,2h_wick_r85_v2p0,0.85,2.0,0.0,0,0,5,-1.9480865252110595,3,no_trigger,,,,False,,False,24,2,9,13,0,11,117295.9936889884,381391.5514260066,264095.55773701816,4887.333070374517,C_overtrigger_or_winner_damage,REJECT
1941.877118644068,False,-0.1037270787240155,-296.5550847457628,-170.69689546977293,0,0.0125132109425152,1.1718632822898662,-0.1843186534075056,,1.5,-10664.777364131529,1512280.7570230062,1522945.5343871375,14,-0.5641997791901913,252.15344143067068,17,-192475.3343889143,,0.3656954366103905,0.0,7.469026674227608,False,-0.144370603050697,,0,1285110.062239444,4,236,14,True,2h_wick_r85_v2p0_oi0,0.85,2.0,0.0,0,2,2,-1.568766407643319,4,no_trigger,,,,False,,False,14,1,7,6,0,8,341807.6480855736,457372.2510518686,115564.60296629499,24414.8320061124,C_overtrigger_or_winner_damage,REJECT
1890.9872881355927,False,-0.0056344855729194,-347.44491525423746,-301.2167018974288,0,0.0095582555918873,0.9901441212963622,-0.1065182684149664,,1.5,-10708.892884275338,1347350.2634722,1358059.156356475,12,-0.5140571121641879,121.63363500301482,17,-96720.94936777272,,0.3627404812597626,,7.287307513234104,False,-0.0665702180581578,2h,144,1108577.3990957623,3,236,12,True,2h_wick_r85_v1p5_then_macd2h_12h,0.85,1.5,0.0,0,0,4,-1.5573530436449488,4,no_trigger,,,,False,,False,12,2,5,5,0,7,121046.10235682076,236439.1180628995,115393.01570607873,10087.17519640173,C_overtrigger_or_winner_damage,REJECT
1891.6737288135596,False,-0.0056344855729209,-346.7584745762713,-303.4748853935806,0,0.0086116368534714,0.9422092636856458,-0.1065182684149664,,1.5,-10664.777364131529,1268726.1749844796,1279390.952348611,10,-0.5140571121641887,119.37545150686302,17,-95492.92958222864,,0.3617938625213467,,7.239372655623388,False,-0.0665702180581578,2h,144,1108577.3990957623,3,236,10,True,2h_wick_r85_v2p0_then_macd2h_12h,0.85,2.0,0.0,0,1,4,-1.5573530436449488,3,no_trigger,,,,False,,False,10,1,4,5,0,5,96799.45681074503,212192.47251682376,115393.01570607873,9679.945681074503,C_overtrigger_or_winner_damage,REJECT
1917.8559322033896,False,0.0442187827128371,-320.57627118644086,-274.61865691708294,0,0.0125552296778888,0.3429014186633585,-0.0070609039714175,,1.5,0.0,1273113.447319172,1273113.447319172,12,-0.4885732733593538,148.2316799833607,17,-122599.83672077097,,0.3657374553457641,-0.005,6.640064810601101,False,0.032887146385391,,0,995818.0088425442,3,236,12,True,2h_wick_r85_v1p5_oiN0p5,0.85,1.5,0.0,0,2,3,-1.860765670026985,3,no_trigger,,,,False,,False,12,0,7,5,0,7,142887.12024423102,254828.3849765897,111941.2647323587,11907.260020352585,C_overtrigger_or_winner_damage,REJECT
1976.3559322033896,False,-0.0979079067340434,-262.07627118644086,-154.86785908021392,0,0.0113580410399949,0.2237697827968059,-0.0070609039714175,,1.5,0.0,1186379.68050088,1186379.68050088,10,-0.5612251529305841,267.9824778202297,17,-218444.86778826764,,0.3645402667078702,-0.005,6.520933174734548,False,0.032887146385391,,0,995818.0088425442,3,236,10,True,2h_wick_r85_v2p0_oiN0p5,0.85,2.0,0.0,0,3,2,-1.568766407643319,3,no_trigger,,,,False,,False,10,0,5,5,0,5,153318.24432188252,238435.02648372075,85116.78216183824,15331.824432188252,C_overtrigger_or_winner_damage,REJECT
1978.2457627118645,False,0.0442187827128366,-260.1864406779662,-335.5280382767314,0,0.0030242590071435,0.1966998946288587,-0.2334309344206007,strict,1.5,0.0,689987.9343872415,689987.9343872415,8,-0.4885732733593541,87.32229862371216,17,-76654.63854551096,4h,0.3562064846750188,,6.493863286566601,False,-0.1934828840637921,,0,433208.08843961335,2,236,8,False,1h_strict_engulf_v1p5_macd4h,0.75,1.5,0.0,0,4,2,-1.7984985823022916,2,no_trigger,,,,False,,False,8,0,5,3,0,5,-40425.430114834366,69965.4232099789,110390.85332481326,-5053.178764354296,C_overtrigger_or_winner_damage,REJECT
1698.2203389830509,False,0.0442187827128373,-540.2118644067798,-386.1849324595654,0,0.0065339155995431,-1.57796231392025,-0.3122816913380919,loose,1.5,-35698.0686171815,1757285.622086527,1792983.690703709,15,-0.4885732733593537,36.665404440878206,17,-46984.75651441133,4h,0.3597161412674184,,4.719201078017492,False,-0.2723336409812833,,0,1475820.921882198,5,236,15,False,1h_loose_engulf_v1p5_macd4h,0.75,1.5,0.0,0,2,3,-2.3982374781302056,3,no_trigger,,,,False,,False,15,1,9,5,0,10,-540620.5137413186,275566.1726992668,816186.6864405854,-36041.367582754574,C_overtrigger_or_winner_damage,REJECT
1786.334745762712,False,0.0442187827128379,-452.09745762711873,-385.1406998982152,0,-0.0008082469938267,-2.4283278318942987,-0.0853835824139209,loose,2.0,-35698.0686171815,1342762.582651894,1378460.6512690757,11,-0.4885732733593534,37.70963700222842,17,-50032.07651471855,4h,0.3523739786740485,,3.868835560043443,False,-0.0454355320571123,,0,1108577.3990957623,3,236,11,False,1h_loose_engulf_v2p0_macd4h,0.75,1.5,0.0,0,2,3,-2.3982374781302056,3,no_trigger,,,,False,,False,11,1,6,4,0,7,-685747.347143714,110442.09069499194,796189.437838706,-62340.667922155815,C_overtrigger_or_winner_damage,REJECT
2002.5593220338983,False,-0.0833280790799477,-235.87288135593235,-152.43660985856962,0,0.0092977428941598,0.7473612747953968,0.093064168084904,,1.5,-592.6942429088522,1109091.1057697805,1109683.8000126895,8,-0.5537722819250257,270.413727041874,17,-218520.25874297397,2h,0.362479968562035,,7.044524666733139,False,0.1330122184417126,,0,977225.206470054,2,236,8,True,2h_wick_r60_v1p5_macd2h,0.6,1.5,0.0,0,2,2,-1.0337545410353184,4,no_trigger,,,,False,,False,8,1,5,2,0,6,97139.00658630667,144915.6151416678,47776.60855536114,12142.375823288334,D_low_signal_or_neutral,REJECT_OR_IGNORE
2043.3813559322036,False,-0.0833280790799477,-195.05084745762724,-188.68286904579415,0,0.0031423454682927,0.2968047372293521,0.0,,1.5,-592.6942429088522,770773.8718728367,771366.5661157456,6,-0.5537722819250257,234.16746785464943,17,-195728.24094341477,2h,0.356324571136168,,6.593968129167094,False,0.0399480503568085,,0,687933.1530731542,1,236,6,True,2h_wick_r60_v2p0_macd2h,0.6,2.0,0.0,0,3,2,-1.0337545410353184,3,no_trigger,,,,False,,False,6,1,3,2,0,4,350.600298573554,48127.208853934695,47776.60855536114,58.43338309559234,D_low_signal_or_neutral,REJECT_OR_IGNORE
2101.983050847457,False,-2.171895950509738e-16,-136.4491525423732,-177.29340308763582,0,0.0036076647544792,0.0744315288665982,0.0,,1.5,0.0,221689.81494440263,221689.81494440263,4,-0.5111768933334907,245.55693381280776,17,-208011.00192012324,,0.3567898904223545,,6.37159492080434,False,0.0399480503568085,4h,144,131352.1926257087,1,236,4,True,2h_wick_r75_v1p5_then_macd4h_12h,0.75,1.5,0.0,0,4,2,-1.1115492097311592,2,no_trigger,,,,False,,False,4,0,2,2,0,2,-16885.60262070426,39435.430162228964,56321.032782933224,-4221.400655176065,D_low_signal_or_neutral,REJECT_OR_IGNORE
2225.4110169491523,False,0.0,-13.02118644067832,88.69484313475368,0,0.0051513256612892,0.0610106436322626,0.0,,1.5,0.0,277387.2455895847,277387.2455895847,3,-0.5111768933334906,511.5451800351973,17,-423982.5379052884,4h,0.3583335513291645,,6.358174035570005,False,0.0399480503568085,,0,275268.22766842233,2,236,3,True,2h_wick_r60_v1p5_macd4h,0.6,1.5,0.0,0,5,0,0.0,3,no_trigger,,,,False,,False,3,0,3,0,0,3,89787.08591036404,89787.08591036404,0.0,29929.028636788014,D_low_signal_or_neutral,REJECT_OR_IGNORE
2225.4110169491523,False,0.0,-13.02118644067832,88.69484313475368,0,0.0051513256612892,0.0610106436322626,0.0,,1.5,0.0,277387.2455895847,277387.2455895847,3,-0.5111768933334906,511.5451800351973,17,-423982.5379052884,4h,0.3583335513291645,,6.358174035570005,False,0.0399480503568085,,0,275268.22766842233,2,236,3,True,2h_wick_r60_v2p0_macd4h,0.6,2.0,0.0,0,5,0,0.0,3,no_trigger,,,,False,,False,3,0,3,0,0,3,89787.08591036404,89787.08591036404,0.0,29929.028636788014,D_low_signal_or_neutral,REJECT_OR_IGNORE
2077.542372881356,False,0.0,-160.88983050847492,88.08690815526711,0,0.0107305248289897,0.0288006780330523,0.0,,1.5,0.0,399707.2561680425,399707.2561680425,7,-0.5111768933334906,510.9372450557107,17,-421280.12009274086,,0.363912750496865,,6.325964069970794,False,0.0399480503568085,4h,288,307884.85576939007,2,236,7,True,2h_wick_r85_v1p5_then_macd4h_24h,0.85,1.5,0.0,0,3,3,-0.2590847761630819,2,no_trigger,,,,False,,False,7,0,5,2,0,5,179605.01224361532,196973.9847098892,17368.97246627385,25657.858891945045,D_low_signal_or_neutral,REJECT_OR_IGNORE
2129.398305084746,False,4.343791901019476e-16,-109.03389830508468,100.13839593808824,0,0.0098346566118973,0.0,0.0,,1.5,0.0,347989.6336861987,347989.6336861987,5,-0.5111768933334904,522.9887328385319,17,-431563.4709972272,,0.3630168822797726,,6.297163391937742,False,0.0399480503568085,4h,288,307884.85576939007,2,236,5,True,2h_wick_r85_v2p0_then_macd4h_24h,0.85,2.0,0.0,0,4,2,-0.2590847761630819,2,no_trigger,,,,False,,False,5,0,3,2,0,3,171519.1679890874,188888.14045536125,17368.97246627385,34303.83359781748,D_low_signal_or_neutral,REJECT_OR_IGNORE
2238.43220338983,True,0.0,0.0,0.0,0,0.0,0.0,0.0,,1.5,0.0,0.0,0.0,0,-0.5111768933334906,422.8503369004436,17,-357328.6943874144,2h,0.3531822256678752,-0.005,6.297163391937742,False,0.0399480503568085,,0,0.0,0,236,0,True,2h_wick_r60_v1p5_oiN05_macd2h_daily,0.6,1.5,0.0,0,8,0,0.0,0,no_trigger,,,,False,,False,0,0,0,0,0,0,0.0,0.0,0.0,0.0,D_low_signal_or_neutral,REJECT_OR_IGNORE
2238.43220338983,True,0.0,0.0,0.0,0,0.0,0.0,0.0,,1.5,0.0,0.0,0.0,0,-0.5111768933334906,422.8503369004436,17,-357328.6943874144,4h,0.3531822256678752,-0.005,6.297163391937742,False,0.0399480503568085,,0,0.0,0,236,0,True,2h_wick_r60_v1p5_oiN05_macd4h_daily,0.6,1.5,0.0,0,8,0,0.0,0,no_trigger,,,,False,,False,0,0,0,0,0,0,0.0,0.0,0.0,0.0,D_low_signal_or_neutral,REJECT_OR_IGNORE
2238.43220338983,True,0.0,0.0,0.0,0,0.0,0.0,0.0,,1.5,0.0,0.0,0.0,0,-0.5111768933334906,422.8503369004436,17,-357328.6943874144,2h,0.3531822256678752,-0.005,6.297163391937742,False,0.0399480503568085,,0,0.0,0,236,0,True,2h_wick_r60_v2p0_oiN05_macd2h_daily,0.6,2.0,0.0,0,8,0,0.0,0,no_trigger,,,,False,,False,0,0,0,0,0,0,0.0,0.0,0.0,0.0,D_low_signal_or_neutral,REJECT_OR_IGNORE
2238.43220338983,True,0.0,0.0,0.0,0,0.0,0.0,0.0,,1.5,0.0,0.0,0.0,0,-0.5111768933334906,422.8503369004436,17,-357328.6943874144,4h,0.3531822256678752,-0.005,6.297163391937742,False,0.0399480503568085,,0,0.0,0,236,0,True,2h_wick_r60_v2p0_oiN05_macd4h_daily,0.6,2.0,0.0,0,8,0,0.0,0,no_trigger,,,,False,,False,0,0,0,0,0,0,0.0,0.0,0.0,0.0,D_low_signal_or_neutral,REJECT_OR_IGNORE
2238.43220338983,True,0.0,0.0,0.0,0,0.0,0.0,0.0,,1.5,0.0,0.0,0.0,0,-0.5111768933334906,422.8503369004436,17,-357328.6943874144,2h,0.3531822256678752,-0.005,6.297163391937742,False,0.0399480503568085,,0,0.0,0,236,0,True,2h_wick_r75_v1p5_oiN05_macd2h_daily,0.75,1.5,0.0,0,8,0,0.0,0,no_trigger,,,,False,,False,0,0,0,0,0,0,0.0,0.0,0.0,0.0,D_low_signal_or_neutral,REJECT_OR_IGNORE
2238.43220338983,True,0.0,0.0,0.0,0,0.0,0.0,0.0,,1.5,0.0,0.0,0.0,0,-0.5111768933334906,422.8503369004436,17,-357328.6943874144,4h,0.3531822256678752,-0.005,6.297163391937742,False,0.0399480503568085,,0,0.0,0,236,0,True,2h_wick_r75_v1p5_oiN05_macd4h_daily,0.75,1.5,0.0,0,8,0,0.0,0,no_trigger,,,,False,,False,0,0,0,0,0,0,0.0,0.0,0.0,0.0,D_low_signal_or_neutral,REJECT_OR_IGNORE
2238.43220338983,True,0.0,0.0,0.0,0,0.0,0.0,0.0,,1.5,0.0,0.0,0.0,0,-0.5111768933334906,422.8503369004436,17,-357328.6943874144,2h,0.3531822256678752,-0.005,6.297163391937742,False,0.0399480503568085,,0,0.0,0,236,0,True,2h_wick_r75_v2p0_oiN05_macd2h_daily,0.75,2.0,0.0,0,8,0,0.0,0,no_trigger,,,,False,,False,0,0,0,0,0,0,0.0,0.0,0.0,0.0,D_low_signal_or_neutral,REJECT_OR_IGNORE
2238.43220338983,True,0.0,0.0,0.0,0,0.0,0.0,0.0,,1.5,0.0,0.0,0.0,0,-0.5111768933334906,422.8503369004436,17,-357328.6943874144,4h,0.3531822256678752,-0.005,6.297163391937742,False,0.0399480503568085,,0,0.0,0,236,0,True,2h_wick_r75_v2p0_oiN05_macd4h_daily,0.75,2.0,0.0,0,8,0,0.0,0,no_trigger,,,,False,,False,0,0,0,0,0,0,0.0,0.0,0.0,0.0,D_low_signal_or_neutral,REJECT_OR_IGNORE
2238.43220338983,False,0.0,0.0,0.0,0,0.0,0.0,0.0,,1.5,0.0,0.0,0.0,0,-0.5111768933334906,422.8503369004436,17,-357328.6943874144,2h,0.3531822256678752,,6.297163391937742,False,0.0399480503568085,,0,0.0,0,236,0,True,2h_wick_r85_v1p5_macd2h,0.85,1.5,0.0,0,8,0,0.0,0,no_trigger,,,,False,,False,0,0,0,0,0,0,0.0,0.0,0.0,0.0,D_low_signal_or_neutral,REJECT_OR_IGNORE
2238.43220338983,True,0.0,0.0,0.0,0,0.0,0.0,0.0,,1.5,0.0,0.0,0.0,0,-0.5111768933334906,422.8503369004436,17,-357328.6943874144,2h,0.3531822256678752,-0.005,6.297163391937742,False,0.0399480503568085,,0,0.0,0,236,0,True,2h_wick_r85_v1p5_oiN05_macd2h_daily,0.85,1.5,0.0,0,8,0,0.0,0,no_trigger,,,,False,,False,0,0,0,0,0,0,0.0,0.0,0.0,0.0,D_low_signal_or_neutral,REJECT_OR_IGNORE
2238.43220338983,True,0.0,0.0,0.0,0,0.0,0.0,0.0,,1.5,0.0,0.0,0.0,0,-0.5111768933334906,422.8503369004436,17,-357328.6943874144,4h,0.3531822256678752,-0.005,6.297163391937742,False,0.0399480503568085,,0,0.0,0,236,0,True,2h_wick_r85_v1p5_oiN05_macd4h_daily,0.85,1.5,0.0,0,8,0,0.0,0,no_trigger,,,,False,,False,0,0,0,0,0,0,0.0,0.0,0.0,0.0,D_low_signal_or_neutral,REJECT_OR_IGNORE
2238.43220338983,False,0.0,0.0,0.0,0,0.0,0.0,0.0,,1.5,0.0,0.0,0.0,0,-0.5111768933334906,422.8503369004436,17,-357328.6943874144,2h,0.3531822256678752,,6.297163391937742,False,0.0399480503568085,,0,0.0,0,236,0,True,2h_wick_r85_v2p0_macd2h,0.85,2.0,0.0,0,8,0,0.0,0,no_trigger,,,,False,,False,0,0,0,0,0,0,0.0,0.0,0.0,0.0,D_low_signal_or_neutral,REJECT_OR_IGNORE
2238.43220338983,True,0.0,0.0,0.0,0,0.0,0.0,0.0,,1.5,0.0,0.0,0.0,0,-0.5111768933334906,422.8503369004436,17,-357328.6943874144,2h,0.3531822256678752,-0.005,6.297163391937742,False,0.0399480503568085,,0,0.0,0,236,0,True,2h_wick_r85_v2p0_oiN05_macd2h_daily,0.85,2.0,0.0,0,8,0,0.0,0,no_trigger,,,,False,,False,0,0,0,0,0,0,0.0,0.0,0.0,0.0,D_low_signal_or_neutral,REJECT_OR_IGNORE
2238.43220338983,True,0.0,0.0,0.0,0,0.0,0.0,0.0,,1.5,0.0,0.0,0.0,0,-0.5111768933334906,422.8503369004436,17,-357328.6943874144,4h,0.3531822256678752,-0.005,6.297163391937742,False,0.0399480503568085,,0,0.0,0,236,0,True,2h_wick_r85_v2p0_oiN05_macd4h_daily,0.85,2.0,0.0,0,8,0,0.0,0,no_trigger,,,,False,,False,0,0,0,0,0,0,0.0,0.0,0.0,0.0,D_low_signal_or_neutral,REJECT_OR_IGNORE
2238.43220338983,True,0.0,0.0,0.0,0,0.0,0.0,0.0,strict,1.5,0.0,0.0,0.0,0,-0.5111768933334906,422.8503369004436,17,-357328.6943874144,2h,0.3531822256678752,-0.005,6.297163391937742,False,0.0399480503568085,,0,0.0,0,236,0,False,1h_strict_engulf_v1p5_oiN05_macd2h_daily,0.75,1.5,0.0,0,8,0,0.0,0,no_trigger,,,,False,,False,0,0,0,0,0,0,0.0,0.0,0.0,0.0,D_low_signal_or_neutral,REJECT_OR_IGNORE
2238.43220338983,True,0.0,0.0,0.0,0,0.0,0.0,0.0,strict,1.5,0.0,0.0,0.0,0,-0.5111768933334906,422.8503369004436,17,-357328.6943874144,4h,0.3531822256678752,-0.005,6.297163391937742,False,0.0399480503568085,,0,0.0,0,236,0,False,1h_strict_engulf_v1p5_oiN05_macd4h_daily,0.75,1.5,0.0,0,8,0,0.0,0,no_trigger,,,,False,,False,0,0,0,0,0,0,0.0,0.0,0.0,0.0,D_low_signal_or_neutral,REJECT_OR_IGNORE
2238.43220338983,True,0.0,0.0,0.0,0,0.0,0.0,0.0,strict,2.0,0.0,0.0,0.0,0,-0.5111768933334906,422.8503369004436,17,-357328.6943874144,2h,0.3531822256678752,-0.005,6.297163391937742,False,0.0399480503568085,,0,0.0,0,236,0,False,1h_strict_engulf_v2p0_oiN05_macd2h_daily,0.75,1.5,0.0,0,8,0,0.0,0,no_trigger,,,,False,,False,0,0,0,0,0,0,0.0,0.0,0.0,0.0,D_low_signal_or_neutral,REJECT_OR_IGNORE
2238.43220338983,True,0.0,0.0,0.0,0,0.0,0.0,0.0,strict,2.0,0.0,0.0,0.0,0,-0.5111768933334906,422.8503369004436,17,-357328.6943874144,4h,0.3531822256678752,-0.005,6.297163391937742,False,0.0399480503568085,,0,0.0,0,236,0,False,1h_strict_engulf_v2p0_oiN05_macd4h_daily,0.75,1.5,0.0,0,8,0,0.0,0,no_trigger,,,,False,,False,0,0,0,0,0,0,0.0,0.0,0.0,0.0,D_low_signal_or_neutral,REJECT_OR_IGNORE
2238.43220338983,True,0.0,0.0,0.0,0,0.0,0.0,0.0,loose,1.5,0.0,0.0,0.0,0,-0.5111768933334906,422.8503369004436,17,-357328.6943874144,2h,0.3531822256678752,-0.005,6.297163391937742,False,0.0399480503568085,,0,0.0,0,236,0,False,1h_loose_engulf_v1p5_oiN05_macd2h_daily,0.75,1.5,0.0,0,8,0,0.0,0,no_trigger,,,,False,,False,0,0,0,0,0,0,0.0,0.0,0.0,0.0,D_low_signal_or_neutral,REJECT_OR_IGNORE
2238.43220338983,True,0.0,0.0,0.0,0,0.0,0.0,0.0,loose,1.5,0.0,0.0,0.0,0,-0.5111768933334906,422.8503369004436,17,-357328.6943874144,4h,0.3531822256678752,-0.005,6.297163391937742,False,0.0399480503568085,,0,0.0,0,236,0,False,1h_loose_engulf_v1p5_oiN05_macd4h_daily,0.75,1.5,0.0,0,8,0,0.0,0,no_trigger,,,,False,,False,0,0,0,0,0,0,0.0,0.0,0.0,0.0,D_low_signal_or_neutral,REJECT_OR_IGNORE
2238.43220338983,True,0.0,0.0,0.0,0,0.0,0.0,0.0,loose,2.0,0.0,0.0,0.0,0,-0.5111768933334906,422.8503369004436,17,-357328.6943874144,2h,0.3531822256678752,-0.005,6.297163391937742,False,0.0399480503568085,,0,0.0,0,236,0,False,1h_loose_engulf_v2p0_oiN05_macd2h_daily,0.75,1.5,0.0,0,8,0,0.0,0,no_trigger,,,,False,,False,0,0,0,0,0,0,0.0,0.0,0.0,0.0,D_low_signal_or_neutral,REJECT_OR_IGNORE
2238.43220338983,True,0.0,0.0,0.0,0,0.0,0.0,0.0,loose,2.0,0.0,0.0,0.0,0,-0.5111768933334906,422.8503369004436,17,-357328.6943874144,4h,0.3531822256678752,-0.005,6.297163391937742,False,0.0399480503568085,,0,0.0,0,236,0,False,1h_loose_engulf_v2p0_oiN05_macd4h_daily,0.75,1.5,0.0,0,8,0,0.0,0,no_trigger,,,,False,,False,0,0,0,0,0,0,0.0,0.0,0.0,0.0,D_low_signal_or_neutral,REJECT_OR_IGNORE
