armed_bar,armed_open_profit_atr,armed_time,arming_lifecycle,arming_metric,arming_threshold_atr,bar,bars_held,base_trade_entry_bar,base_trade_exit_bar,base_trade_pnl,base_trade_top20_winner,base_trade_winner,base_trade_worst20_loser,close,current_return,current_return_after_cost,daily_context,delta_vs_base_pnl_proxy,early_exit_pnl_proxy,engulf_style,engulf_volume_ratio,entry_atr,entry_bar,entry_notional,entry_price,exit_quality,lower_shadow_ratio_2h,macd_hist_2h,macd_hist_4h,macd_tf,oi_change_2h,oi_change_4h,oi_threshold,open_profit_atr,reasons,sequence_macd_tf,sequence_window_bars,side,signal_variant,time,upper_shadow_ratio_2h,use_2h_wick,variant,volume_ratio_1h,volume_ratio_2h,wick_shadow_ratio,wick_volume_ratio
60992,3.9696787997743246,2020-04-22 07:30:00,latched,open_profit_atr_entry_based,1.5,95590,34598,60992,95701,15339.936809933251,False,True,False,403.0,1.3018705216909088,1.3010101475865703,False,897.0273759542924,16236.964185887544,strict,2.0,0.16499873995780945,60992,12480.274820306213,175.075008,improved_winner,0.0,-0.15535284215970324,-0.3871114999156262,4h,nan,nan,,1381.374136907233,1h_bearish_strict_engulf+macd_bear_cross_4h,,0,long,1h_strict_engulf_v2p0_macd4h,2020-08-21 12:00:00,0.011214953271028415,False,1h_strict_engulf_v2p0_macd4h_armATR1p5,17.13252363161507,8.365763642321847,0.75,1.5
109851,2.42284937565196,2020-10-10 00:25:00,latched,open_profit_atr_entry_based,1.5,112870,3023,109847,136783,37135.1622576107,False,True,False,368.44,0.008504426257058162,0.007902725371806653,False,-36946.7722036239,188.39005398679922,strict,2.0,0.7292851209640503,109847,23838.618340312023,365.333052,missed_winner,0.22425828970331568,-1.1107959983295908,-0.1977180306286208,4h,nan,nan,,4.260265170216114,1h_bearish_strict_engulf+macd_bear_cross_4h,,0,long,1h_strict_engulf_v2p0_macd4h,2020-10-20 12:00:00,0.1378708551483409,False,1h_strict_engulf_v2p0_macd4h_armATR1p5,15.206588264716355,8.443140076609355,0.75,1.5
150990,1.9190094883721285,2021-03-02 00:10:00,latched,open_profit_atr_entry_based,1.5,160492,9503,150989,172818,71695.46912793306,False,True,False,1996.92,0.2663296773228985,0.26567641138743386,False,-55496.17390995221,16199.295217980849,strict,2.0,5.375,150989,60973.78059792272,1576.9353239999998,missed_winner,0.2756807764896202,-17.046529596139273,-7.342034755972321,4h,-0.0197217616909916,-0.055899488619624904,,78.1366839069768,1h_bearish_strict_engulf+macd_bear_cross_4h,,0,long,1h_strict_engulf_v2p0_macd4h,2021-04-04 00:00:00,0.46373685629549827,False,1h_strict_engulf_v2p0_macd4h_armATR1p5,2.24183378730761,3.424777557289722,0.75,1.5
356614,1.6367118413497197,2023-02-14 14:55:00,latched,open_profit_atr_entry_based,1.5,359507,3448,356059,362196,2902.577303465514,False,True,False,1575.89,0.01795132739130989,0.017347737125831663,False,2109.788249649694,5012.365553115208,strict,2.0,3.5378506183624268,356059,288934.83436819783,1548.099558,improved_winner,0.0119987849331742,-4.610389267791495,-4.348299035172708,4h,0.010378263272518229,0.011534787232026611,,7.855176771953034,1h_bearish_strict_engulf+macd_bear_cross_4h,,0,long,1h_strict_engulf_v2p0_macd4h,2023-02-24 16:00:00,0.12029161603888298,False,1h_strict_engulf_v2p0_macd4h_armATR1p5,5.126590158367528,3.4765207546828822,0.75,1.5
563545,2.5195094578273873,2025-02-02 03:10:00,latched,open_profit_atr_entry_based,1.5,566627,3119,563508,566964,95432.27353813092,False,True,False,2677.49,0.16525398190095952,0.16462097770541856,False,13644.573781201354,109076.84731933227,strict,2.0,8.849295616149902,563508,662593.8494577534,3119.955884,improved_winner,0.7316211878009597,4.84348559683564,3.3163098104105195,4h,0.005107825672359123,0.020599552221117534,,50.000124664442566,1h_bullish_strict_engulf+macd_bull_cross_4h,,0,short,1h_strict_engulf_v2p0_macd4h,2025-02-12 20:00:00,0.05072231139648081,False,1h_strict_engulf_v2p0_macd4h_armATR1p5,2.2655829364257607,0.5365122425456114,0.75,1.5
590596,1.8651314513175448,2025-05-07 01:25:00,latched,open_profit_atr_entry_based,1.5,591923,1339,590584,599220,289292.0533968997,True,True,False,2455.16,0.33440012730793334,0.33373324728247183,False,25955.402338164044,315247.45573506376,strict,2.0,4.708565711975098,590584,944609.0801622719,1839.897906,improved_winner,0.21088107847857301,-18.53260935979941,-0.47421367014933935,4h,0.009048207147539067,0.019056845482253504,,130.66868588777038,1h_bearish_strict_engulf+macd_bear_cross_4h,,0,long,1h_strict_engulf_v2p0_macd4h,2025-05-11 16:00:00,0.3689616433959204,False,1h_strict_engulf_v2p0_macd4h_armATR1p5,2.7456901618148337,1.1207806017934292,0.75,1.5
60992,3.9696787997743246,2020-04-22 07:30:00,latched,open_profit_atr_entry_based,2.0,95590,34598,60992,95701,15339.936809933251,False,True,False,403.0,1.3018705216909088,1.3010101475865703,False,897.0273759542924,16236.964185887544,strict,2.0,0.16499873995780945,60992,12480.274820306213,175.075008,improved_winner,0.0,-0.15535284215970324,-0.3871114999156262,4h,nan,nan,,1381.374136907233,1h_bearish_strict_engulf+macd_bear_cross_4h,,0,long,1h_strict_engulf_v2p0_macd4h,2020-08-21 12:00:00,0.011214953271028415,False,1h_strict_engulf_v2p0_macd4h_armATR2p0,17.13252363161507,8.365763642321847,0.75,1.5
109851,2.42284937565196,2020-10-10 00:25:00,latched,open_profit_atr_entry_based,2.0,112870,3023,109847,136783,37135.1622576107,False,True,False,368.44,0.008504426257058162,0.007902725371806653,False,-36946.7722036239,188.39005398679922,strict,2.0,0.7292851209640503,109847,23838.618340312023,365.333052,missed_winner,0.22425828970331568,-1.1107959983295908,-0.1977180306286208,4h,nan,nan,,4.260265170216114,1h_bearish_strict_engulf+macd_bear_cross_4h,,0,long,1h_strict_engulf_v2p0_macd4h,2020-10-20 12:00:00,0.1378708551483409,False,1h_strict_engulf_v2p0_macd4h_armATR2p0,15.206588264716355,8.443140076609355,0.75,1.5
150991,3.351567627907021,2021-03-02 00:15:00,latched,open_profit_atr_entry_based,2.0,160492,9503,150989,172818,71695.46912793306,False,True,False,1996.92,0.2663296773228985,0.26567641138743386,False,-55496.17390995221,16199.295217980849,strict,2.0,5.375,150989,60973.78059792272,1576.9353239999998,missed_winner,0.2756807764896202,-17.046529596139273,-7.342034755972321,4h,-0.0197217616909916,-0.055899488619624904,,78.1366839069768,1h_bearish_strict_engulf+macd_bear_cross_4h,,0,long,1h_strict_engulf_v2p0_macd4h,2021-04-04 00:00:00,0.46373685629549827,False,1h_strict_engulf_v2p0_macd4h_armATR2p0,2.24183378730761,3.424777557289722,0.75,1.5
356615,2.26703805931536,2023-02-14 15:00:00,latched,open_profit_atr_entry_based,2.0,359507,3448,356059,362196,2902.577303465514,False,True,False,1575.89,0.01795132739130989,0.017347737125831663,False,2109.788249649694,5012.365553115208,strict,2.0,3.5378506183624268,356059,288934.83436819783,1548.099558,improved_winner,0.0119987849331742,-4.610389267791495,-4.348299035172708,4h,0.010378263272518229,0.011534787232026611,,7.855176771953034,1h_bearish_strict_engulf+macd_bear_cross_4h,,0,long,1h_strict_engulf_v2p0_macd4h,2023-02-24 16:00:00,0.12029161603888298,False,1h_strict_engulf_v2p0_macd4h_armATR2p0,5.126590158367528,3.4765207546828822,0.75,1.5
563545,2.5195094578273873,2025-02-02 03:10:00,latched,open_profit_atr_entry_based,2.0,566627,3119,563508,566964,95432.27353813092,False,True,False,2677.49,0.16525398190095952,0.16462097770541856,False,13644.573781201354,109076.84731933227,strict,2.0,8.849295616149902,563508,662593.8494577534,3119.955884,improved_winner,0.7316211878009597,4.84348559683564,3.3163098104105195,4h,0.005107825672359123,0.020599552221117534,,50.000124664442566,1h_bullish_strict_engulf+macd_bull_cross_4h,,0,short,1h_strict_engulf_v2p0_macd4h,2025-02-12 20:00:00,0.05072231139648081,False,1h_strict_engulf_v2p0_macd4h_armATR2p0,2.2655829364257607,0.5365122425456114,0.75,1.5
590904,3.7085802913590795,2025-05-08 03:05:00,latched,open_profit_atr_entry_based,2.0,591923,1339,590584,599220,289292.0533968997,True,True,False,2455.16,0.33440012730793334,0.33373324728247183,False,25955.402338164044,315247.45573506376,strict,2.0,4.708565711975098,590584,944609.0801622719,1839.897906,improved_winner,0.21088107847857301,-18.53260935979941,-0.47421367014933935,4h,0.009048207147539067,0.019056845482253504,,130.66868588777038,1h_bearish_strict_engulf+macd_bear_cross_4h,,0,long,1h_strict_engulf_v2p0_macd4h,2025-05-11 16:00:00,0.3689616433959204,False,1h_strict_engulf_v2p0_macd4h_armATR2p0,2.7456901618148337,1.1207806017934292,0.75,1.5
60992,3.9696787997743246,2020-04-22 07:30:00,latched,open_profit_atr_entry_based,2.5,95590,34598,60992,95701,15339.936809933251,False,True,False,403.0,1.3018705216909088,1.3010101475865703,False,897.0273759542924,16236.964185887544,strict,2.0,0.16499873995780945,60992,12480.274820306213,175.075008,improved_winner,0.0,-0.15535284215970324,-0.3871114999156262,4h,nan,nan,,1381.374136907233,1h_bearish_strict_engulf+macd_bear_cross_4h,,0,long,1h_strict_engulf_v2p0_macd4h,2020-08-21 12:00:00,0.011214953271028415,False,1h_strict_engulf_v2p0_macd4h_armATR2p5,17.13252363161507,8.365763642321847,0.75,1.5
109853,3.03989199322947,2020-10-10 00:35:00,latched,open_profit_atr_entry_based,2.5,112870,3023,109847,136783,37135.1622576107,False,True,False,368.44,0.008504426257058162,0.007902725371806653,False,-36946.7722036239,188.39005398679922,strict,2.0,0.7292851209640503,109847,23838.618340312023,365.333052,missed_winner,0.22425828970331568,-1.1107959983295908,-0.1977180306286208,4h,nan,nan,,4.260265170216114,1h_bearish_strict_engulf+macd_bear_cross_4h,,0,long,1h_strict_engulf_v2p0_macd4h,2020-10-20 12:00:00,0.1378708551483409,False,1h_strict_engulf_v2p0_macd4h_armATR2p5,15.206588264716355,8.443140076609355,0.75,1.5
150991,3.351567627907021,2021-03-02 00:15:00,latched,open_profit_atr_entry_based,2.5,160492,9503,150989,172818,71695.46912793306,False,True,False,1996.92,0.2663296773228985,0.26567641138743386,False,-55496.17390995221,16199.295217980849,strict,2.0,5.375,150989,60973.78059792272,1576.9353239999998,missed_winner,0.2756807764896202,-17.046529596139273,-7.342034755972321,4h,-0.0197217616909916,-0.055899488619624904,,78.1366839069768,1h_bearish_strict_engulf+macd_bear_cross_4h,,0,long,1h_strict_engulf_v2p0_macd4h,2021-04-04 00:00:00,0.46373685629549827,False,1h_strict_engulf_v2p0_macd4h_armATR2p5,2.24183378730761,3.424777557289722,0.75,1.5
356616,2.9878146762717046,2023-02-14 15:05:00,latched,open_profit_atr_entry_based,2.5,359507,3448,356059,362196,2902.577303465514,False,True,False,1575.89,0.01795132739130989,0.017347737125831663,False,2109.788249649694,5012.365553115208,strict,2.0,3.5378506183624268,356059,288934.83436819783,1548.099558,improved_winner,0.0119987849331742,-4.610389267791495,-4.348299035172708,4h,0.010378263272518229,0.011534787232026611,,7.855176771953034,1h_bearish_strict_engulf+macd_bear_cross_4h,,0,long,1h_strict_engulf_v2p0_macd4h,2023-02-24 16:00:00,0.12029161603888298,False,1h_strict_engulf_v2p0_macd4h_armATR2p5,5.126590158367528,3.4765207546828822,0.75,1.5
563545,2.5195094578273873,2025-02-02 03:10:00,latched,open_profit_atr_entry_based,2.5,566627,3119,563508,566964,95432.27353813092,False,True,False,2677.49,0.16525398190095952,0.16462097770541856,False,13644.573781201354,109076.84731933227,strict,2.0,8.849295616149902,563508,662593.8494577534,3119.955884,improved_winner,0.7316211878009597,4.84348559683564,3.3163098104105195,4h,0.005107825672359123,0.020599552221117534,,50.000124664442566,1h_bullish_strict_engulf+macd_bull_cross_4h,,0,short,1h_strict_engulf_v2p0_macd4h,2025-02-12 20:00:00,0.05072231139648081,False,1h_strict_engulf_v2p0_macd4h_armATR2p5,2.2655829364257607,0.5365122425456114,0.75,1.5
590904,3.7085802913590795,2025-05-08 03:05:00,latched,open_profit_atr_entry_based,2.5,591923,1339,590584,599220,289292.0533968997,True,True,False,2455.16,0.33440012730793334,0.33373324728247183,False,25955.402338164044,315247.45573506376,strict,2.0,4.708565711975098,590584,944609.0801622719,1839.897906,improved_winner,0.21088107847857301,-18.53260935979941,-0.47421367014933935,4h,0.009048207147539067,0.019056845482253504,,130.66868588777038,1h_bearish_strict_engulf+macd_bear_cross_4h,,0,long,1h_strict_engulf_v2p0_macd4h,2025-05-11 16:00:00,0.3689616433959204,False,1h_strict_engulf_v2p0_macd4h_armATR2p5,2.7456901618148337,1.1207806017934292,0.75,1.5
60992,3.9696787997743246,2020-04-22 07:30:00,latched,open_profit_atr_entry_based,3.0,95590,34598,60992,95701,15339.936809933251,False,True,False,403.0,1.3018705216909088,1.3010101475865703,False,897.0273759542924,16236.964185887544,strict,2.0,0.16499873995780945,60992,12480.274820306213,175.075008,improved_winner,0.0,-0.15535284215970324,-0.3871114999156262,4h,nan,nan,,1381.374136907233,1h_bearish_strict_engulf+macd_bear_cross_4h,,0,long,1h_strict_engulf_v2p0_macd4h,2020-08-21 12:00:00,0.011214953271028415,False,1h_strict_engulf_v2p0_macd4h_armATR3p0,17.13252363161507,8.365763642321847,0.75,1.5
109853,3.03989199322947,2020-10-10 00:35:00,latched,open_profit_atr_entry_based,3.0,112870,3023,109847,136783,37135.1622576107,False,True,False,368.44,0.008504426257058162,0.007902725371806653,False,-36946.7722036239,188.39005398679922,strict,2.0,0.7292851209640503,109847,23838.618340312023,365.333052,missed_winner,0.22425828970331568,-1.1107959983295908,-0.1977180306286208,4h,nan,nan,,4.260265170216114,1h_bearish_strict_engulf+macd_bear_cross_4h,,0,long,1h_strict_engulf_v2p0_macd4h,2020-10-20 12:00:00,0.1378708551483409,False,1h_strict_engulf_v2p0_macd4h_armATR3p0,15.206588264716355,8.443140076609355,0.75,1.5
150991,3.351567627907021,2021-03-02 00:15:00,latched,open_profit_atr_entry_based,3.0,160492,9503,150989,172818,71695.46912793306,False,True,False,1996.92,0.2663296773228985,0.26567641138743386,False,-55496.17390995221,16199.295217980849,strict,2.0,5.375,150989,60973.78059792272,1576.9353239999998,missed_winner,0.2756807764896202,-17.046529596139273,-7.342034755972321,4h,-0.0197217616909916,-0.055899488619624904,,78.1366839069768,1h_bearish_strict_engulf+macd_bear_cross_4h,,0,long,1h_strict_engulf_v2p0_macd4h,2021-04-04 00:00:00,0.46373685629549827,False,1h_strict_engulf_v2p0_macd4h_armATR3p0,2.24183378730761,3.424777557289722,0.75,1.5
356617,3.841440316745427,2023-02-14 15:10:00,latched,open_profit_atr_entry_based,3.0,359507,3448,356059,362196,2902.577303465514,False,True,False,1575.89,0.01795132739130989,0.017347737125831663,False,2109.788249649694,5012.365553115208,strict,2.0,3.5378506183624268,356059,288934.83436819783,1548.099558,improved_winner,0.0119987849331742,-4.610389267791495,-4.348299035172708,4h,0.010378263272518229,0.011534787232026611,,7.855176771953034,1h_bearish_strict_engulf+macd_bear_cross_4h,,0,long,1h_strict_engulf_v2p0_macd4h,2023-02-24 16:00:00,0.12029161603888298,False,1h_strict_engulf_v2p0_macd4h_armATR3p0,5.126590158367528,3.4765207546828822,0.75,1.5
563547,4.179528586716121,2025-02-02 03:20:00,latched,open_profit_atr_entry_based,3.0,566627,3119,563508,566964,95432.27353813092,False,True,False,2677.49,0.16525398190095952,0.16462097770541856,False,13644.573781201354,109076.84731933227,strict,2.0,8.849295616149902,563508,662593.8494577534,3119.955884,improved_winner,0.7316211878009597,4.84348559683564,3.3163098104105195,4h,0.005107825672359123,0.020599552221117534,,50.000124664442566,1h_bullish_strict_engulf+macd_bull_cross_4h,,0,short,1h_strict_engulf_v2p0_macd4h,2025-02-12 20:00:00,0.05072231139648081,False,1h_strict_engulf_v2p0_macd4h_armATR3p0,2.2655829364257607,0.5365122425456114,0.75,1.5
590904,3.7085802913590795,2025-05-08 03:05:00,latched,open_profit_atr_entry_based,3.0,591923,1339,590584,599220,289292.0533968997,True,True,False,2455.16,0.33440012730793334,0.33373324728247183,False,25955.402338164044,315247.45573506376,strict,2.0,4.708565711975098,590584,944609.0801622719,1839.897906,improved_winner,0.21088107847857301,-18.53260935979941,-0.47421367014933935,4h,0.009048207147539067,0.019056845482253504,,130.66868588777038,1h_bearish_strict_engulf+macd_bear_cross_4h,,0,long,1h_strict_engulf_v2p0_macd4h,2025-05-11 16:00:00,0.3689616433959204,False,1h_strict_engulf_v2p0_macd4h_armATR3p0,2.7456901618148337,1.1207806017934292,0.75,1.5
12915,2.801711494796262,2019-11-07 09:05:00,latched,open_profit_atr_entry_based,1.5,13430,559,12871,13737,47.644783237674346,False,True,False,184.47,0.019365663793570853,0.018761831427285446,False,146.68911329071528,194.33389652838963,,1.5,0.22571346163749695,12871,10357.93852436861,188.04238400000003,improved_winner,0.3529411764705981,0.005043165179750009,-0.647865104487022,,nan,nan,,15.827075505746269,2h_lower_wick_setup@2019-11-08 16:00:00+macd_bull_cross_2h,2h,144,short,2h_wick_r75_v2p0_then_macd2h_12h,2019-11-09 04:00:00,0.5441176470588247,True,2h_wick_r75_v2p0_then_macd2h_12h_armATR1p5,2.9258575582563338,2.020783105145457,0.75,2.0
60992,3.9696787997743246,2020-04-22 07:30:00,latched,open_profit_atr_entry_based,1.5,68498,7506,60992,95701,15339.936809933251,False,True,False,211.95,0.2106239629587794,0.2099818381661877,False,-12719.305762346165,2620.6310475870864,,1.5,0.16499873995780945,60992,12480.274820306213,175.075008,missed_winner,0.8293413173652717,-0.06680518203734342,1.0777622508270461,,nan,nan,,223.48650668137836,2h_upper_wick_setup@2020-05-18 06:00:00+macd_bear_cross_2h,2h,144,long,2h_wick_r75_v2p0_then_macd2h_12h,2020-05-18 18:00:00,0.1586826347305391,True,2h_wick_r75_v2p0_then_macd2h_12h_armATR1p5,1.3336817723364702,2.6360930695648936,0.75,2.0
150990,1.9190094883721285,2021-03-02 00:10:00,latched,open_profit_atr_entry_based,1.5,161236,10247,150989,172818,71695.46912793306,False,True,False,2095.03,0.32854529169009883,0.3278795826317608,False,-51703.4113940056,19992.057733927457,,1.5,5.375,150989,60973.78059792272,1576.9353239999998,missed_winner,0.15492604662823542,-0.5053689594672122,-2.0761052605783803,,0.028836993728024174,-0.004226629180129837,,96.38970716279077,2h_upper_wick_setup@2021-04-06 02:00:00+macd_bear_cross_2h,2h,144,long,2h_wick_r75_v2p0_then_macd2h_12h,2021-04-06 14:00:00,0.2511907746302335,True,2h_wick_r75_v2p0_then_macd2h_12h_armATR1p5,0.6776750572348363,0.5092794466269195,0.75,2.0
192945,5.316752772754756,2021-07-26 00:10:00,latched,open_profit_atr_entry_based,1.5,204439,11783,192656,209936,34274.426910554714,False,True,False,3922.31,0.7967715115695604,0.7960121572672465,False,33666.90033478057,67941.32724533528,,1.5,6.963553428649902,192656,85352.12260900838,2182.9765079999997,improved_winner,0.42351313969570975,-2.2943363096452174,13.783479864336243,,0.008028910774448228,0.007903666850874957,,249.77671383175172,2h_upper_wick_setup@2021-09-03 16:00:00+macd_bear_cross_2h,2h,144,long,2h_wick_r75_v2p0_then_macd2h_12h,2021-09-03 22:00:00,0.21493775933609854,True,2h_wick_r75_v2p0_then_macd2h_12h_armATR1p5,0.8584943158698614,0.8945072222215855,0.75,2.0
212540,1.658362251573079,2021-10-02 01:05:00,latched,open_profit_atr_entry_based,1.5,216751,4223,212528,231248,31590.289119135792,False,True,False,3901.96,0.18060155067400752,0.17996543036387264,False,-10061.645651902498,21528.643467233294,,1.5,7.374215126037598,212528,119626.5495195631,3305.06088,missed_winner,0.43534246575342117,-0.5386591672575136,12.018561325380517,,0.04301156659047667,0.04761930344662546,,80.94408825861487,2h_upper_wick_setup@2021-10-16 04:00:00+macd_bear_cross_2h,2h,144,long,2h_wick_r75_v2p0_then_macd2h_12h,2021-10-16 16:00:00,0.41753424657534893,True,2h_wick_r75_v2p0_then_macd2h_12h_armATR1p5,1.0889095643873674,0.7408472050220124,0.75,2.0
240464,1.507841251814092,2022-01-07 00:05:00,latched,open_profit_atr_entry_based,1.5,240727,263,240464,246224,39124.28035168933,False,True,False,3210.49,0.06107745172855261,0.060465278672818104,False,-30563.972453616225,8560.307898073106,,1.5,6.412178993225098,240464,141573.94269847884,3406.5785480000004,missed_winner,0.6252000914703791,2.4851197378910825,-34.18543107274277,,2.757409073383954e-05,-0.004506574122622231,,30.580641651953492,2h_lower_wick_setup@2022-01-07 20:00:00+macd_bull_cross_2h,2h,144,short,2h_wick_r75_v2p0_then_macd2h_12h,2022-01-07 22:00:00,0.3727418248342139,True,2h_wick_r75_v2p0_then_macd2h_12h_armATR1p5,1.2580534985790564,1.2209217148273661,0.75,2.0
274622,1.5619263098027554,2022-05-05 15:05:00,latched,open_profit_atr_entry_based,1.5,275953,1852,274101,277466,25933.17423582128,False,True,False,2399.12,0.15145444746407044,0.15082420262354573,False,-9868.613558213492,16064.560677607788,,1.5,7.962855815887451,274101,106511.8223611937,2762.4773940000005,missed_winner,0.03456402199528316,2.060684224410039,-23.45138116944547,,-0.0018363899638722536,0.028739009703399265,,45.63154255223756,2h_lower_wick_setup@2022-05-09 20:00:00+macd_bull_cross_2h,2h,144,short,2h_wick_r75_v2p0_then_macd2h_12h,2022-05-10 06:00:00,0.1656629135026627,True,2h_wick_r75_v2p0_then_macd2h_12h_armATR1p5,1.4430443450225638,3.6943406730520567,0.75,2.0
301072,4.498951537572423,2022-08-05 11:15:00,latched,open_profit_atr_entry_based,1.5,301417,908,300509,302229,4914.057706488122,False,True,False,1713.71,0.01932150618701578,0.018717641885778357,False,391.3758163608727,5305.4335228489945,,1.5,3.8128488063812256,300509,283445.61538385117,1681.2261780000001,improved_winner,0.3802281368821299,-0.19504051898703523,8.122760766784427,,-0.0025133473024134823,-0.00031544509972725177,,8.519567297196426,2h_upper_wick_setup@2022-08-06 12:00:00+macd_bear_cross_2h,2h,144,long,2h_wick_r75_v2p0_then_macd2h_12h,2022-08-06 16:00:00,0.4553231939163471,True,2h_wick_r75_v2p0_then_macd2h_12h_armATR1p5,0.7160975552900845,0.422021967736755,0.75,2.0
363281,4.964123410261668,2023-03-09 18:30:00,latched,open_profit_atr_entry_based,1.5,363611,551,363060,364212,-8797.535740603402,False,False,False,1428.24,0.07286833865456788,0.07225380789298926,False,29883.900019514986,21086.364278911584,,1.5,5.3571343421936035,363060,291837.41167166334,1532.313476,saved_loser,0.7410674900749846,1.056625843044337,-11.693191483161485,,0.02061173037219466,0.002794836661444977,,19.427079731844977,2h_lower_wick_setup@2023-03-10 16:00:00+macd_bull_cross_2h,2h,144,short,2h_wick_r75_v2p0_then_macd2h_12h,2023-03-10 22:00:00,0.04146449051610285,True,2h_wick_r75_v2p0_then_macd2h_12h_armATR1p5,0.7904747725620571,1.391408159859815,0.75,2.0
409888,1.5500347499431835,2023-08-18 14:25:00,latched,open_profit_atr_entry_based,1.5,415019,5303,409716,415082,8149.520137668995,False,True,False,1632.52,0.033771348589910044,0.03316463566277768,False,1824.027375646987,9973.547513315982,,1.5,14.259294509887695,409716,300728.3907692612,1687.652402,improved_winner,0.3323593864134358,0.2042687509885499,0.27296642376273006,,0.007085397207150734,0.0049993902267417845,,3.8664186339492455,2h_lower_wick_setup@2023-09-05 08:00:00+macd_bull_cross_2h,2h,144,short,2h_wick_r75_v2p0_then_macd2h_12h,2023-09-05 10:00:00,0.19868517165814584,True,2h_wick_r75_v2p0_then_macd2h_12h_armATR1p5,0.6276518653639521,1.059476182318382,0.75,2.0
427889,1.6816540564407418,2023-10-20 02:30:00,latched,open_profit_atr_entry_based,1.5,435851,7963,427888,455796,131352.1926257087,True,True,False,1996.73,0.2657596050249367,0.2651064531039317,False,-47440.969412040096,83911.2232136686,,1.5,1.5607038736343384,427888,316518.9765515525,1577.495436,missed_winner,0.10301507537688284,-2.491584237157908,-0.1150745691463333,,-0.010429965690247234,-0.015193472370976013,,268.61890399730225,2h_upper_wick_setup@2023-11-16 12:00:00+macd_bear_cross_2h,2h,144,long,2h_wick_r75_v2p0_then_macd2h_12h,2023-11-16 18:00:00,0.6452261306532666,True,2h_wick_r75_v2p0_then_macd2h_12h_armATR1p5,0.547763431075289,0.8919327842072171,0.75,2.0
459544,2.701017449971341,2024-02-07 00:25:00,latched,open_profit_atr_entry_based,1.5,462011,2471,459540,476244,176532.66314368136,True,True,False,2801.88,0.178361896291082,0.17772622391182374,False,-97396.81723155543,79135.84591212594,,1.5,2.9450161457061768,459540,445268.2568183524,2377.7754600000003,missed_winner,0.6363892013498353,-0.035394206151167396,8.999364178008705,,-0.007897660927114858,0.0024781183983821897,,144.00754325858034,2h_upper_wick_setup@2024-02-15 02:00:00+macd_bear_cross_2h,2h,144,long,2h_wick_r75_v2p0_then_macd2h_12h,2024-02-15 14:00:00,0.3084926884139431,True,2h_wick_r75_v2p0_then_macd2h_12h_armATR1p5,0.77914484102814,0.476745563923864,0.75,2.0
516626,5.453636796336931,2024-08-23 05:15:00,latched,open_profit_atr_entry_based,1.5,517115,489,516626,517456,14924.732541245874,False,True,False,2751.92,0.0372467931307332,0.03663934377210705,False,3377.4268126120623,18302.159353857936,,1.5,2.1085903644561768,516626,499522.0293162314,2653.100514,improved_winner,0.25175209564381157,-1.2275206009689086,13.183224675777943,,0.008335616893626163,0.006374627961747814,,46.86518902190196,2h_upper_wick_setup@2024-08-24 18:00:00+macd_bear_cross_2h,2h,144,long,2h_wick_r75_v2p0_then_macd2h_12h,2024-08-24 22:00:00,0.19541019650954794,True,2h_wick_r75_v2p0_then_macd2h_12h_armATR1p5,6.380283891945973,3.227250363651921,0.75,2.0
528850,3.557786110330719,2024-10-04 15:55:00,latched,open_profit_atr_entry_based,1.5,529763,913,528850,529800,3812.8622120580403,False,True,False,2449.49,0.02222694352916932,0.021622498140463752,False,8696.037405994204,12508.899618052244,,1.5,5.205723285675049,528850,578513.1549921806,2396.22915,improved_winner,0.49403341288782315,-1.0447352698322714,9.602937948706332,,-0.005696342823882983,-0.012044693327023959,,10.231210357753984,2h_upper_wick_setup@2024-10-07 16:00:00+macd_bear_cross_2h,2h,144,long,2h_wick_r75_v2p0_then_macd2h_12h,2024-10-07 20:00:00,0.0684780613181568,True,2h_wick_r75_v2p0_then_macd2h_12h_armATR1p5,1.0466878783861415,3.7046472034806737,0.75,2.0
536603,8.248203616684272,2024-10-31 14:00:00,latched,open_profit_atr_entry_based,1.5,537539,938,536601,538173,26850.177959806402,False,True,False,2453.56,0.06358026051940846,0.06296758700200829,False,8781.538128310094,35631.7160881165,,1.5,4.424961566925049,536601,565873.9326787298,2609.557984,improved_winner,0.758828788556104,0.5430487083993931,-5.357488331217638,,-0.008164304760358343,-0.011978144872594632,,35.25408789220393,2h_lower_wick_setup@2024-11-03 20:00:00+macd_bull_cross_2h,2h,144,short,2h_wick_r75_v2p0_then_macd2h_12h,2024-11-03 20:00:00,0.04023245417970882,True,2h_wick_r75_v2p0_then_macd2h_12h_armATR1p5,0.7814732848561492,2.3314117294999126,0.75,2.0
538175,1.543004298155006,2024-11-06 01:00:00,latched,open_profit_atr_entry_based,1.5,543347,5174,538173,551988,223327.4877437217,True,True,False,3398.64,0.3672564452199454,0.36658299393090127,False,-6086.396642902109,217241.09110081958,,1.5,8.712193489074707,538173,592610.9358520004,2485.7370479999995,missed_winner,0.5172286031863665,-0.12438977895817516,7.710821029217655,,0.002175628395626017,-0.0028288145838420986,,104.78451300981801,2h_upper_wick_setup@2024-11-23 20:00:00+macd_bear_cross_2h,2h,144,long,2h_wick_r75_v2p0_then_macd2h_12h,2024-11-24 00:00:00,0.0,True,2h_wick_r75_v2p0_then_macd2h_12h_armATR1p5,3.139214190887778,1.643250262675515,0.75,2.0
563545,2.5195094578273873,2025-02-02 03:10:00,latched,open_profit_atr_entry_based,1.5,565475,1967,563508,566964,95432.27353813092,False,True,False,2635.04,0.18402600491833132,0.18338924706891752,False,26080.313626422154,121512.58716455307,,1.5,8.849295616149902,563508,662593.8494577534,3119.955884,improved_winner,0.33073929961089193,2.0062096249168704,-0.8538387472204647,,0.0010567700900594446,0.0017812937147390073,,54.79711663321903,2h_lower_wick_setup@2025-02-08 08:00:00+macd_bull_cross_2h,2h,144,short,2h_wick_r75_v2p0_then_macd2h_12h,2025-02-08 20:00:00,0.4778917580474081,True,2h_wick_r75_v2p0_then_macd2h_12h_armATR1p5,1.1986530255513856,0.9563034039462909,0.75,2.0
590596,1.8651314513175448,2025-05-07 01:25:00,latched,open_profit_atr_entry_based,1.5,598643,8059,590584,599220,289292.0533968997,True,True,False,2597.95,0.41200769430083795,0.4113252927619779,False,99249.5530464694,388541.6064433691,,1.5,4.708565711975098,590584,944609.0801622719,1839.897906,improved_winner,0.35082140964495095,-0.4608462700492062,12.635349787887698,,-0.01926774015327737,-0.029397394847117342,,160.99426882204867,2h_upper_wick_setup@2025-06-03 16:00:00+macd_bear_cross_2h,2h,144,long,2h_wick_r75_v2p0_then_macd2h_12h,2025-06-04 00:00:00,0.5373608903020742,True,2h_wick_r75_v2p0_then_macd2h_12h_armATR1p5,1.3320676830811768,1.0122843998020419,0.75,2.0
603797,2.8296295919401366,2025-06-21 21:30:00,latched,open_profit_atr_entry_based,1.5,604139,343,603796,604284,460.46536167361774,False,True,False,2244.38,0.029481548579117556,0.02887569344042946,False,31014.415909382646,31474.881271056263,,1.5,10.4564208984375,603796,1090013.0012804342,2310.547798,improved_winner,0.0,1.3094933393423887,-20.321116689052232,,-0.017968163178675667,-0.031159301686518592,,6.327958547449767,2h_lower_wick_setup@2025-06-22 22:00:00+macd_bull_cross_2h,2h,144,short,2h_wick_r75_v2p0_then_macd2h_12h,2025-06-23 02:00:00,0.3633392751039782,True,2h_wick_r75_v2p0_then_macd2h_12h_armATR1p5,0.2943884323194668,0.5559670511901073,0.75,2.0
608021,3.07238333402222,2025-07-06 13:30:00,latched,open_profit_atr_entry_based,1.5,620555,12534,608021,631188,687933.1530731542,True,True,False,4298.91,0.6954098204504009,0.6946707384863109,False,59759.00388063537,747692.1569537895,,1.5,2.1328647136688232,608021,1076325.9707512835,2535.617022,improved_winner,0.3616112650046146,-0.27094693571145,-17.245177652217876,,-0.015077161004209971,-0.018014334775563468,,826.725186412265,2h_upper_wick_setup@2025-08-18 14:00:00+macd_bear_cross_2h,2h,144,long,2h_wick_r75_v2p0_then_macd2h_12h,2025-08-19 02:00:00,0.5081948291782143,True,2h_wick_r75_v2p0_then_macd2h_12h_armATR1p5,0.7838519606182113,5.279963236600428,0.75,2.0
642711,2.5480325035125624,2025-11-04 00:20:00,latched,open_profit_atr_entry_based,1.5,643115,407,642708,649044,291923.0081585888,True,True,False,3306.61,0.08948722528511066,0.08886937141082858,False,-147464.73233486933,144458.27582371945,,1.5,9.234322547912598,642708,1625512.5194473632,3602.5093540000003,missed_winner,0.566827212522578,0.07836542240227118,-34.51321407752906,,0.01882797927605151,0.02579675451883756,,32.043428466432296,2h_lower_wick_setup@2025-11-04 22:00:00+macd_bull_cross_2h,2h,144,short,2h_wick_r75_v2p0_then_macd2h_12h,2025-11-05 10:00:00,0.11408789885611037,True,2h_wick_r75_v2p0_then_macd2h_12h_armATR1p5,0.031208602398940223,0.25418980058020124,0.75,2.0
685663,2.4786313588639715,2026-04-02 03:40:00,latched,open_profit_atr_entry_based,1.5,686699,1053,685646,686759,-10664.777364131529,False,False,False,2061.13,0.009705205397039451,0.0091033047360924,False,46786.470811320694,36121.693447189165,,1.5,12.677839279174805,685646,3967975.860895373,2081.13369,saved_loser,0.5,0.5574602771370349,-1.21418074409315,,-0.01648066627601208,-0.012981533793845812,,1.5778469469051384,2h_lower_wick_setup@2026-04-05 14:00:00+macd_bull_cross_2h,2h,144,short,2h_wick_r75_v2p0_then_macd2h_12h,2026-04-05 18:00:00,0.11257763975153771,True,2h_wick_r75_v2p0_then_macd2h_12h_armATR1p5,2.4089960074722536,3.6969224859142904,0.75,2.0
694011,1.6054315711165807,2026-05-01 03:20:00,latched,open_profit_atr_entry_based,1.5,695579,1568,694011,695708,72878.66758759832,False,True,False,2359.1,0.03152271953166608,0.030916414987759832,False,34808.54643065248,107687.2140182508,,1.5,2.1257150173187256,694011,3483172.7436989513,2287.00731,improved_winner,0.0,-1.057262709561698,1.7995578594100365,,0.0045340894842034185,0.03740834599603038,,33.91456023627014,2h_upper_wick_setup@2026-05-06 12:00:00+macd_bear_cross_2h,2h,144,long,2h_wick_r75_v2p0_then_macd2h_12h,2026-05-06 14:00:00,0.07977736549165444,True,2h_wick_r75_v2p0_then_macd2h_12h_armATR1p5,3.4412886761950365,4.511985188014087,0.75,2.0
702809,2.682935368317206,2026-05-31 16:30:00,latched,open_profit_atr_entry_based,1.5,704459,1676,702783,704704,687331.854913211,True,True,False,1559.83,0.28604957976189715,0.2853924212776417,False,305658.7415766618,992990.5964898728,,1.5,2.3514230251312256,702783,3479386.7056611497,2006.018716,improved_winner,0.0036440935317306597,0.4078210943686784,-13.997762011408739,,0.0002426341387296027,-0.018235977047514673,,189.75263541748288,2h_lower_wick_setup@2026-06-06 06:00:00+macd_bull_cross_2h,2h,144,short,2h_wick_r75_v2p0_then_macd2h_12h,2026-06-06 10:00:00,0.6456119040388688,True,2h_wick_r75_v2p0_then_macd2h_12h_armATR1p5,0.20379047631232167,0.31221993689465655,0.75,2.0
12915,2.801711494796262,2019-11-07 09:05:00,latched,open_profit_atr_entry_based,2.0,13430,559,12871,13737,47.644783237674346,False,True,False,184.47,0.019365663793570853,0.018761831427285446,False,146.68911329071528,194.33389652838963,,1.5,0.22571346163749695,12871,10357.93852436861,188.04238400000003,improved_winner,0.3529411764705981,0.005043165179750009,-0.647865104487022,,nan,nan,,15.827075505746269,2h_lower_wick_setup@2019-11-08 16:00:00+macd_bull_cross_2h,2h,144,short,2h_wick_r75_v2p0_then_macd2h_12h,2019-11-09 04:00:00,0.5441176470588247,True,2h_wick_r75_v2p0_then_macd2h_12h_armATR2p0,2.9258575582563338,2.020783105145457,0.75,2.0
60992,3.9696787997743246,2020-04-22 07:30:00,latched,open_profit_atr_entry_based,2.0,68498,7506,60992,95701,15339.936809933251,False,True,False,211.95,0.2106239629587794,0.2099818381661877,False,-12719.305762346165,2620.6310475870864,,1.5,0.16499873995780945,60992,12480.274820306213,175.075008,missed_winner,0.8293413173652717,-0.06680518203734342,1.0777622508270461,,nan,nan,,223.48650668137836,2h_upper_wick_setup@2020-05-18 06:00:00+macd_bear_cross_2h,2h,144,long,2h_wick_r75_v2p0_then_macd2h_12h,2020-05-18 18:00:00,0.1586826347305391,True,2h_wick_r75_v2p0_then_macd2h_12h_armATR2p0,1.3336817723364702,2.6360930695648936,0.75,2.0
150991,3.351567627907021,2021-03-02 00:15:00,latched,open_profit_atr_entry_based,2.0,161236,10247,150989,172818,71695.46912793306,False,True,False,2095.03,0.32854529169009883,0.3278795826317608,False,-51703.4113940056,19992.057733927457,,1.5,5.375,150989,60973.78059792272,1576.9353239999998,missed_winner,0.15492604662823542,-0.5053689594672122,-2.0761052605783803,,0.028836993728024174,-0.004226629180129837,,96.38970716279077,2h_upper_wick_setup@2021-04-06 02:00:00+macd_bear_cross_2h,2h,144,long,2h_wick_r75_v2p0_then_macd2h_12h,2021-04-06 14:00:00,0.2511907746302335,True,2h_wick_r75_v2p0_then_macd2h_12h_armATR2p0,0.6776750572348363,0.5092794466269195,0.75,2.0
192945,5.316752772754756,2021-07-26 00:10:00,latched,open_profit_atr_entry_based,2.0,204439,11783,192656,209936,34274.426910554714,False,True,False,3922.31,0.7967715115695604,0.7960121572672465,False,33666.90033478057,67941.32724533528,,1.5,6.963553428649902,192656,85352.12260900838,2182.9765079999997,improved_winner,0.42351313969570975,-2.2943363096452174,13.783479864336243,,0.008028910774448228,0.007903666850874957,,249.77671383175172,2h_upper_wick_setup@2021-09-03 16:00:00+macd_bear_cross_2h,2h,144,long,2h_wick_r75_v2p0_then_macd2h_12h,2021-09-03 22:00:00,0.21493775933609854,True,2h_wick_r75_v2p0_then_macd2h_12h_armATR2p0,0.8584943158698614,0.8945072222215855,0.75,2.0
212541,3.345321444840399,2021-10-02 01:10:00,latched,open_profit_atr_entry_based,2.0,216751,4223,212528,231248,31590.289119135792,False,True,False,3901.96,0.18060155067400752,0.17996543036387264,False,-10061.645651902498,21528.643467233294,,1.5,7.374215126037598,212528,119626.5495195631,3305.06088,missed_winner,0.43534246575342117,-0.5386591672575136,12.018561325380517,,0.04301156659047667,0.04761930344662546,,80.94408825861487,2h_upper_wick_setup@2021-10-16 04:00:00+macd_bear_cross_2h,2h,144,long,2h_wick_r75_v2p0_then_macd2h_12h,2021-10-16 16:00:00,0.41753424657534893,True,2h_wick_r75_v2p0_then_macd2h_12h_armATR2p0,1.0889095643873674,0.7408472050220124,0.75,2.0
240465,2.3219170917922156,2022-01-07 00:10:00,latched,open_profit_atr_entry_based,2.0,240727,263,240464,246224,39124.28035168933,False,True,False,3210.49,0.06107745172855261,0.060465278672818104,False,-30563.972453616225,8560.307898073106,,1.5,6.412178993225098,240464,141573.94269847884,3406.5785480000004,missed_winner,0.6252000914703791,2.4851197378910825,-34.18543107274277,,2.757409073383954e-05,-0.004506574122622231,,30.580641651953492,2h_lower_wick_setup@2022-01-07 20:00:00+macd_bull_cross_2h,2h,144,short,2h_wick_r75_v2p0_then_macd2h_12h,2022-01-07 22:00:00,0.3727418248342139,True,2h_wick_r75_v2p0_then_macd2h_12h_armATR2p0,1.2580534985790564,1.2209217148273661,0.75,2.0
274631,3.9530282511453887,2022-05-05 15:50:00,latched,open_profit_atr_entry_based,2.0,275953,1852,274101,277466,25933.17423582128,False,True,False,2399.12,0.15145444746407044,0.15082420262354573,False,-9868.613558213492,16064.560677607788,,1.5,7.962855815887451,274101,106511.8223611937,2762.4773940000005,missed_winner,0.03456402199528316,2.060684224410039,-23.45138116944547,,-0.0018363899638722536,0.028739009703399265,,45.63154255223756,2h_lower_wick_setup@2022-05-09 20:00:00+macd_bull_cross_2h,2h,144,short,2h_wick_r75_v2p0_then_macd2h_12h,2022-05-10 06:00:00,0.1656629135026627,True,2h_wick_r75_v2p0_then_macd2h_12h_armATR2p0,1.4430443450225638,3.6943406730520567,0.75,2.0
301072,4.498951537572423,2022-08-05 11:15:00,latched,open_profit_atr_entry_based,2.0,301417,908,300509,302229,4914.057706488122,False,True,False,1713.71,0.01932150618701578,0.018717641885778357,False,391.3758163608727,5305.4335228489945,,1.5,3.8128488063812256,300509,283445.61538385117,1681.2261780000001,improved_winner,0.3802281368821299,-0.19504051898703523,8.122760766784427,,-0.0025133473024134823,-0.00031544509972725177,,8.519567297196426,2h_upper_wick_setup@2022-08-06 12:00:00+macd_bear_cross_2h,2h,144,long,2h_wick_r75_v2p0_then_macd2h_12h,2022-08-06 16:00:00,0.4553231939163471,True,2h_wick_r75_v2p0_then_macd2h_12h_armATR2p0,0.7160975552900845,0.422021967736755,0.75,2.0
363281,4.964123410261668,2023-03-09 18:30:00,latched,open_profit_atr_entry_based,2.0,363611,551,363060,364212,-8797.535740603402,False,False,False,1428.24,0.07286833865456788,0.07225380789298926,False,29883.900019514986,21086.364278911584,,1.5,5.3571343421936035,363060,291837.41167166334,1532.313476,saved_loser,0.7410674900749846,1.056625843044337,-11.693191483161485,,0.02061173037219466,0.002794836661444977,,19.427079731844977,2h_lower_wick_setup@2023-03-10 16:00:00+macd_bull_cross_2h,2h,144,short,2h_wick_r75_v2p0_then_macd2h_12h,2023-03-10 22:00:00,0.04146449051610285,True,2h_wick_r75_v2p0_then_macd2h_12h_armATR2p0,0.7904747725620571,1.391408159859815,0.75,2.0
409920,2.448396165447802,2023-08-18 17:05:00,latched,open_profit_atr_entry_based,2.0,415019,5303,409716,415082,8149.520137668995,False,True,False,1632.52,0.033771348589910044,0.03316463566277768,False,1824.027375646987,9973.547513315982,,1.5,14.259294509887695,409716,300728.3907692612,1687.652402,improved_winner,0.3323593864134358,0.2042687509885499,0.27296642376273006,,0.007085397207150734,0.0049993902267417845,,3.8664186339492455,2h_lower_wick_setup@2023-09-05 08:00:00+macd_bull_cross_2h,2h,144,short,2h_wick_r75_v2p0_then_macd2h_12h,2023-09-05 10:00:00,0.19868517165814584,True,2h_wick_r75_v2p0_then_macd2h_12h_armATR2p0,0.6276518653639521,1.059476182318382,0.75,2.0
427892,2.9054608478933406,2023-10-20 02:45:00,latched,open_profit_atr_entry_based,2.0,435851,7963,427888,455796,131352.1926257087,True,True,False,1996.73,0.2657596050249367,0.2651064531039317,False,-47440.969412040096,83911.2232136686,,1.5,1.5607038736343384,427888,316518.9765515525,1577.495436,missed_winner,0.10301507537688284,-2.491584237157908,-0.1150745691463333,,-0.010429965690247234,-0.015193472370976013,,268.61890399730225,2h_upper_wick_setup@2023-11-16 12:00:00+macd_bear_cross_2h,2h,144,long,2h_wick_r75_v2p0_then_macd2h_12h,2023-11-16 18:00:00,0.6452261306532666,True,2h_wick_r75_v2p0_then_macd2h_12h_armATR2p0,0.547763431075289,0.8919327842072171,0.75,2.0
459544,2.701017449971341,2024-02-07 00:25:00,latched,open_profit_atr_entry_based,2.0,462011,2471,459540,476244,176532.66314368136,True,True,False,2801.88,0.178361896291082,0.17772622391182374,False,-97396.81723155543,79135.84591212594,,1.5,2.9450161457061768,459540,445268.2568183524,2377.7754600000003,missed_winner,0.6363892013498353,-0.035394206151167396,8.999364178008705,,-0.007897660927114858,0.0024781183983821897,,144.00754325858034,2h_upper_wick_setup@2024-02-15 02:00:00+macd_bear_cross_2h,2h,144,long,2h_wick_r75_v2p0_then_macd2h_12h,2024-02-15 14:00:00,0.3084926884139431,True,2h_wick_r75_v2p0_then_macd2h_12h_armATR2p0,0.77914484102814,0.476745563923864,0.75,2.0
516626,5.453636796336931,2024-08-23 05:15:00,latched,open_profit_atr_entry_based,2.0,517115,489,516626,517456,14924.732541245874,False,True,False,2751.92,0.0372467931307332,0.03663934377210705,False,3377.4268126120623,18302.159353857936,,1.5,2.1085903644561768,516626,499522.0293162314,2653.100514,improved_winner,0.25175209564381157,-1.2275206009689086,13.183224675777943,,0.008335616893626163,0.006374627961747814,,46.86518902190196,2h_upper_wick_setup@2024-08-24 18:00:00+macd_bear_cross_2h,2h,144,long,2h_wick_r75_v2p0_then_macd2h_12h,2024-08-24 22:00:00,0.19541019650954794,True,2h_wick_r75_v2p0_then_macd2h_12h_armATR2p0,6.380283891945973,3.227250363651921,0.75,2.0
528850,3.557786110330719,2024-10-04 15:55:00,latched,open_profit_atr_entry_based,2.0,529763,913,528850,529800,3812.8622120580403,False,True,False,2449.49,0.02222694352916932,0.021622498140463752,False,8696.037405994204,12508.899618052244,,1.5,5.205723285675049,528850,578513.1549921806,2396.22915,improved_winner,0.49403341288782315,-1.0447352698322714,9.602937948706332,,-0.005696342823882983,-0.012044693327023959,,10.231210357753984,2h_upper_wick_setup@2024-10-07 16:00:00+macd_bear_cross_2h,2h,144,long,2h_wick_r75_v2p0_then_macd2h_12h,2024-10-07 20:00:00,0.0684780613181568,True,2h_wick_r75_v2p0_then_macd2h_12h_armATR2p0,1.0466878783861415,3.7046472034806737,0.75,2.0
536603,8.248203616684272,2024-10-31 14:00:00,latched,open_profit_atr_entry_based,2.0,537539,938,536601,538173,26850.177959806402,False,True,False,2453.56,0.06358026051940846,0.06296758700200829,False,8781.538128310094,35631.7160881165,,1.5,4.424961566925049,536601,565873.9326787298,2609.557984,improved_winner,0.758828788556104,0.5430487083993931,-5.357488331217638,,-0.008164304760358343,-0.011978144872594632,,35.25408789220393,2h_lower_wick_setup@2024-11-03 20:00:00+macd_bull_cross_2h,2h,144,short,2h_wick_r75_v2p0_then_macd2h_12h,2024-11-03 20:00:00,0.04023245417970882,True,2h_wick_r75_v2p0_then_macd2h_12h_armATR2p0,0.7814732848561492,2.3314117294999126,0.75,2.0
538177,2.3900929227654215,2024-11-06 01:10:00,latched,open_profit_atr_entry_based,2.0,543347,5174,538173,551988,223327.4877437217,True,True,False,3398.64,0.3672564452199454,0.36658299393090127,False,-6086.396642902109,217241.09110081958,,1.5,8.712193489074707,538173,592610.9358520004,2485.7370479999995,missed_winner,0.5172286031863665,-0.12438977895817516,7.710821029217655,,0.002175628395626017,-0.0028288145838420986,,104.78451300981801,2h_upper_wick_setup@2024-11-23 20:00:00+macd_bear_cross_2h,2h,144,long,2h_wick_r75_v2p0_then_macd2h_12h,2024-11-24 00:00:00,0.0,True,2h_wick_r75_v2p0_then_macd2h_12h_armATR2p0,3.139214190887778,1.643250262675515,0.75,2.0
563545,2.5195094578273873,2025-02-02 03:10:00,latched,open_profit_atr_entry_based,2.0,565475,1967,563508,566964,95432.27353813092,False,True,False,2635.04,0.18402600491833132,0.18338924706891752,False,26080.313626422154,121512.58716455307,,1.5,8.849295616149902,563508,662593.8494577534,3119.955884,improved_winner,0.33073929961089193,2.0062096249168704,-0.8538387472204647,,0.0010567700900594446,0.0017812937147390073,,54.79711663321903,2h_lower_wick_setup@2025-02-08 08:00:00+macd_bull_cross_2h,2h,144,short,2h_wick_r75_v2p0_then_macd2h_12h,2025-02-08 20:00:00,0.4778917580474081,True,2h_wick_r75_v2p0_then_macd2h_12h_armATR2p0,1.1986530255513856,0.9563034039462909,0.75,2.0
590904,3.7085802913590795,2025-05-08 03:05:00,latched,open_profit_atr_entry_based,2.0,598643,8059,590584,599220,289292.0533968997,True,True,False,2597.95,0.41200769430083795,0.4113252927619779,False,99249.5530464694,388541.6064433691,,1.5,4.708565711975098,590584,944609.0801622719,1839.897906,improved_winner,0.35082140964495095,-0.4608462700492062,12.635349787887698,,-0.01926774015327737,-0.029397394847117342,,160.99426882204867,2h_upper_wick_setup@2025-06-03 16:00:00+macd_bear_cross_2h,2h,144,long,2h_wick_r75_v2p0_then_macd2h_12h,2025-06-04 00:00:00,0.5373608903020742,True,2h_wick_r75_v2p0_then_macd2h_12h_armATR2p0,1.3320676830811768,1.0122843998020419,0.75,2.0
603797,2.8296295919401366,2025-06-21 21:30:00,latched,open_profit_atr_entry_based,2.0,604139,343,603796,604284,460.46536167361774,False,True,False,2244.38,0.029481548579117556,0.02887569344042946,False,31014.415909382646,31474.881271056263,,1.5,10.4564208984375,603796,1090013.0012804342,2310.547798,improved_winner,0.0,1.3094933393423887,-20.321116689052232,,-0.017968163178675667,-0.031159301686518592,,6.327958547449767,2h_lower_wick_setup@2025-06-22 22:00:00+macd_bull_cross_2h,2h,144,short,2h_wick_r75_v2p0_then_macd2h_12h,2025-06-23 02:00:00,0.3633392751039782,True,2h_wick_r75_v2p0_then_macd2h_12h_armATR2p0,0.2943884323194668,0.5559670511901073,0.75,2.0
608021,3.07238333402222,2025-07-06 13:30:00,latched,open_profit_atr_entry_based,2.0,620555,12534,608021,631188,687933.1530731542,True,True,False,4298.91,0.6954098204504009,0.6946707384863109,False,59759.00388063537,747692.1569537895,,1.5,2.1328647136688232,608021,1076325.9707512835,2535.617022,improved_winner,0.3616112650046146,-0.27094693571145,-17.245177652217876,,-0.015077161004209971,-0.018014334775563468,,826.725186412265,2h_upper_wick_setup@2025-08-18 14:00:00+macd_bear_cross_2h,2h,144,long,2h_wick_r75_v2p0_then_macd2h_12h,2025-08-19 02:00:00,0.5081948291782143,True,2h_wick_r75_v2p0_then_macd2h_12h_armATR2p0,0.7838519606182113,5.279963236600428,0.75,2.0
642711,2.5480325035125624,2025-11-04 00:20:00,latched,open_profit_atr_entry_based,2.0,643115,407,642708,649044,291923.0081585888,True,True,False,3306.61,0.08948722528511066,0.08886937141082858,False,-147464.73233486933,144458.27582371945,,1.5,9.234322547912598,642708,1625512.5194473632,3602.5093540000003,missed_winner,0.566827212522578,0.07836542240227118,-34.51321407752906,,0.01882797927605151,0.02579675451883756,,32.043428466432296,2h_lower_wick_setup@2025-11-04 22:00:00+macd_bull_cross_2h,2h,144,short,2h_wick_r75_v2p0_then_macd2h_12h,2025-11-05 10:00:00,0.11408789885611037,True,2h_wick_r75_v2p0_then_macd2h_12h_armATR2p0,0.031208602398940223,0.25418980058020124,0.75,2.0
685663,2.4786313588639715,2026-04-02 03:40:00,latched,open_profit_atr_entry_based,2.0,686699,1053,685646,686759,-10664.777364131529,False,False,False,2061.13,0.009705205397039451,0.0091033047360924,False,46786.470811320694,36121.693447189165,,1.5,12.677839279174805,685646,3967975.860895373,2081.13369,saved_loser,0.5,0.5574602771370349,-1.21418074409315,,-0.01648066627601208,-0.012981533793845812,,1.5778469469051384,2h_lower_wick_setup@2026-04-05 14:00:00+macd_bull_cross_2h,2h,144,short,2h_wick_r75_v2p0_then_macd2h_12h,2026-04-05 18:00:00,0.11257763975153771,True,2h_wick_r75_v2p0_then_macd2h_12h_armATR2p0,2.4089960074722536,3.6969224859142904,0.75,2.0
694107,2.2687377944401383,2026-05-01 11:20:00,latched,open_profit_atr_entry_based,2.0,695579,1568,694011,695708,72878.66758759832,False,True,False,2359.1,0.03152271953166608,0.030916414987759832,False,34808.54643065248,107687.2140182508,,1.5,2.1257150173187256,694011,3483172.7436989513,2287.00731,improved_winner,0.0,-1.057262709561698,1.7995578594100365,,0.0045340894842034185,0.03740834599603038,,33.91456023627014,2h_upper_wick_setup@2026-05-06 12:00:00+macd_bear_cross_2h,2h,144,long,2h_wick_r75_v2p0_then_macd2h_12h,2026-05-06 14:00:00,0.07977736549165444,True,2h_wick_r75_v2p0_then_macd2h_12h_armATR2p0,3.4412886761950365,4.511985188014087,0.75,2.0
702809,2.682935368317206,2026-05-31 16:30:00,latched,open_profit_atr_entry_based,2.0,704459,1676,702783,704704,687331.854913211,True,True,False,1559.83,0.28604957976189715,0.2853924212776417,False,305658.7415766618,992990.5964898728,,1.5,2.3514230251312256,702783,3479386.7056611497,2006.018716,improved_winner,0.0036440935317306597,0.4078210943686784,-13.997762011408739,,0.0002426341387296027,-0.018235977047514673,,189.75263541748288,2h_lower_wick_setup@2026-06-06 06:00:00+macd_bull_cross_2h,2h,144,short,2h_wick_r75_v2p0_then_macd2h_12h,2026-06-06 10:00:00,0.6456119040388688,True,2h_wick_r75_v2p0_then_macd2h_12h_armATR2p0,0.20379047631232167,0.31221993689465655,0.75,2.0
12915,2.801711494796262,2019-11-07 09:05:00,latched,open_profit_atr_entry_based,2.5,13430,559,12871,13737,47.644783237674346,False,True,False,184.47,0.019365663793570853,0.018761831427285446,False,146.68911329071528,194.33389652838963,,1.5,0.22571346163749695,12871,10357.93852436861,188.04238400000003,improved_winner,0.3529411764705981,0.005043165179750009,-0.647865104487022,,nan,nan,,15.827075505746269,2h_lower_wick_setup@2019-11-08 16:00:00+macd_bull_cross_2h,2h,144,short,2h_wick_r75_v2p0_then_macd2h_12h,2019-11-09 04:00:00,0.5441176470588247,True,2h_wick_r75_v2p0_then_macd2h_12h_armATR2p5,2.9258575582563338,2.020783105145457,0.75,2.0
60992,3.9696787997743246,2020-04-22 07:30:00,latched,open_profit_atr_entry_based,2.5,68498,7506,60992,95701,15339.936809933251,False,True,False,211.95,0.2106239629587794,0.2099818381661877,False,-12719.305762346165,2620.6310475870864,,1.5,0.16499873995780945,60992,12480.274820306213,175.075008,missed_winner,0.8293413173652717,-0.06680518203734342,1.0777622508270461,,nan,nan,,223.48650668137836,2h_upper_wick_setup@2020-05-18 06:00:00+macd_bear_cross_2h,2h,144,long,2h_wick_r75_v2p0_then_macd2h_12h,2020-05-18 18:00:00,0.1586826347305391,True,2h_wick_r75_v2p0_then_macd2h_12h_armATR2p5,1.3336817723364702,2.6360930695648936,0.75,2.0
150991,3.351567627907021,2021-03-02 00:15:00,latched,open_profit_atr_entry_based,2.5,161236,10247,150989,172818,71695.46912793306,False,True,False,2095.03,0.32854529169009883,0.3278795826317608,False,-51703.4113940056,19992.057733927457,,1.5,5.375,150989,60973.78059792272,1576.9353239999998,missed_winner,0.15492604662823542,-0.5053689594672122,-2.0761052605783803,,0.028836993728024174,-0.004226629180129837,,96.38970716279077,2h_upper_wick_setup@2021-04-06 02:00:00+macd_bear_cross_2h,2h,144,long,2h_wick_r75_v2p0_then_macd2h_12h,2021-04-06 14:00:00,0.2511907746302335,True,2h_wick_r75_v2p0_then_macd2h_12h_armATR2p5,0.6776750572348363,0.5092794466269195,0.75,2.0
192945,5.316752772754756,2021-07-26 00:10:00,latched,open_profit_atr_entry_based,2.5,204439,11783,192656,209936,34274.426910554714,False,True,False,3922.31,0.7967715115695604,0.7960121572672465,False,33666.90033478057,67941.32724533528,,1.5,6.963553428649902,192656,85352.12260900838,2182.9765079999997,improved_winner,0.42351313969570975,-2.2943363096452174,13.783479864336243,,0.008028910774448228,0.007903666850874957,,249.77671383175172,2h_upper_wick_setup@2021-09-03 16:00:00+macd_bear_cross_2h,2h,144,long,2h_wick_r75_v2p0_then_macd2h_12h,2021-09-03 22:00:00,0.21493775933609854,True,2h_wick_r75_v2p0_then_macd2h_12h_armATR2p5,0.8584943158698614,0.8945072222215855,0.75,2.0
212541,3.345321444840399,2021-10-02 01:10:00,latched,open_profit_atr_entry_based,2.5,216751,4223,212528,231248,31590.289119135792,False,True,False,3901.96,0.18060155067400752,0.17996543036387264,False,-10061.645651902498,21528.643467233294,,1.5,7.374215126037598,212528,119626.5495195631,3305.06088,missed_winner,0.43534246575342117,-0.5386591672575136,12.018561325380517,,0.04301156659047667,0.04761930344662546,,80.94408825861487,2h_upper_wick_setup@2021-10-16 04:00:00+macd_bear_cross_2h,2h,144,long,2h_wick_r75_v2p0_then_macd2h_12h,2021-10-16 16:00:00,0.41753424657534893,True,2h_wick_r75_v2p0_then_macd2h_12h_armATR2p5,1.0889095643873674,0.7408472050220124,0.75,2.0
240466,3.0361828670987077,2022-01-07 00:15:00,latched,open_profit_atr_entry_based,2.5,240727,263,240464,246224,39124.28035168933,False,True,False,3210.49,0.06107745172855261,0.060465278672818104,False,-30563.972453616225,8560.307898073106,,1.5,6.412178993225098,240464,141573.94269847884,3406.5785480000004,missed_winner,0.6252000914703791,2.4851197378910825,-34.18543107274277,,2.757409073383954e-05,-0.004506574122622231,,30.580641651953492,2h_lower_wick_setup@2022-01-07 20:00:00+macd_bull_cross_2h,2h,144,short,2h_wick_r75_v2p0_then_macd2h_12h,2022-01-07 22:00:00,0.3727418248342139,True,2h_wick_r75_v2p0_then_macd2h_12h_armATR2p5,1.2580534985790564,1.2209217148273661,0.75,2.0
274631,3.9530282511453887,2022-05-05 15:50:00,latched,open_profit_atr_entry_based,2.5,275953,1852,274101,277466,25933.17423582128,False,True,False,2399.12,0.15145444746407044,0.15082420262354573,False,-9868.613558213492,16064.560677607788,,1.5,7.962855815887451,274101,106511.8223611937,2762.4773940000005,missed_winner,0.03456402199528316,2.060684224410039,-23.45138116944547,,-0.0018363899638722536,0.028739009703399265,,45.63154255223756,2h_lower_wick_setup@2022-05-09 20:00:00+macd_bull_cross_2h,2h,144,short,2h_wick_r75_v2p0_then_macd2h_12h,2022-05-10 06:00:00,0.1656629135026627,True,2h_wick_r75_v2p0_then_macd2h_12h_armATR2p5,1.4430443450225638,3.6943406730520567,0.75,2.0
301072,4.498951537572423,2022-08-05 11:15:00,latched,open_profit_atr_entry_based,2.5,301417,908,300509,302229,4914.057706488122,False,True,False,1713.71,0.01932150618701578,0.018717641885778357,False,391.3758163608727,5305.4335228489945,,1.5,3.8128488063812256,300509,283445.61538385117,1681.2261780000001,improved_winner,0.3802281368821299,-0.19504051898703523,8.122760766784427,,-0.0025133473024134823,-0.00031544509972725177,,8.519567297196426,2h_upper_wick_setup@2022-08-06 12:00:00+macd_bear_cross_2h,2h,144,long,2h_wick_r75_v2p0_then_macd2h_12h,2022-08-06 16:00:00,0.4553231939163471,True,2h_wick_r75_v2p0_then_macd2h_12h_armATR2p5,0.7160975552900845,0.422021967736755,0.75,2.0
363281,4.964123410261668,2023-03-09 18:30:00,latched,open_profit_atr_entry_based,2.5,363611,551,363060,364212,-8797.535740603402,False,False,False,1428.24,0.07286833865456788,0.07225380789298926,False,29883.900019514986,21086.364278911584,,1.5,5.3571343421936035,363060,291837.41167166334,1532.313476,saved_loser,0.7410674900749846,1.056625843044337,-11.693191483161485,,0.02061173037219466,0.002794836661444977,,19.427079731844977,2h_lower_wick_setup@2023-03-10 16:00:00+macd_bull_cross_2h,2h,144,short,2h_wick_r75_v2p0_then_macd2h_12h,2023-03-10 22:00:00,0.04146449051610285,True,2h_wick_r75_v2p0_then_macd2h_12h_armATR2p5,0.7904747725620571,1.391408159859815,0.75,2.0
409923,2.8754860187204856,2023-08-18 17:20:00,latched,open_profit_atr_entry_based,2.5,415019,5303,409716,415082,8149.520137668995,False,True,False,1632.52,0.033771348589910044,0.03316463566277768,False,1824.027375646987,9973.547513315982,,1.5,14.259294509887695,409716,300728.3907692612,1687.652402,improved_winner,0.3323593864134358,0.2042687509885499,0.27296642376273006,,0.007085397207150734,0.0049993902267417845,,3.8664186339492455,2h_lower_wick_setup@2023-09-05 08:00:00+macd_bull_cross_2h,2h,144,short,2h_wick_r75_v2p0_then_macd2h_12h,2023-09-05 10:00:00,0.19868517165814584,True,2h_wick_r75_v2p0_then_macd2h_12h_armATR2p5,0.6276518653639521,1.059476182318382,0.75,2.0
427892,2.9054608478933406,2023-10-20 02:45:00,latched,open_profit_atr_entry_based,2.5,435851,7963,427888,455796,131352.1926257087,True,True,False,1996.73,0.2657596050249367,0.2651064531039317,False,-47440.969412040096,83911.2232136686,,1.5,1.5607038736343384,427888,316518.9765515525,1577.495436,missed_winner,0.10301507537688284,-2.491584237157908,-0.1150745691463333,,-0.010429965690247234,-0.015193472370976013,,268.61890399730225,2h_upper_wick_setup@2023-11-16 12:00:00+macd_bear_cross_2h,2h,144,long,2h_wick_r75_v2p0_then_macd2h_12h,2023-11-16 18:00:00,0.6452261306532666,True,2h_wick_r75_v2p0_then_macd2h_12h_armATR2p5,0.547763431075289,0.8919327842072171,0.75,2.0
459544,2.701017449971341,2024-02-07 00:25:00,latched,open_profit_atr_entry_based,2.5,462011,2471,459540,476244,176532.66314368136,True,True,False,2801.88,0.178361896291082,0.17772622391182374,False,-97396.81723155543,79135.84591212594,,1.5,2.9450161457061768,459540,445268.2568183524,2377.7754600000003,missed_winner,0.6363892013498353,-0.035394206151167396,8.999364178008705,,-0.007897660927114858,0.0024781183983821897,,144.00754325858034,2h_upper_wick_setup@2024-02-15 02:00:00+macd_bear_cross_2h,2h,144,long,2h_wick_r75_v2p0_then_macd2h_12h,2024-02-15 14:00:00,0.3084926884139431,True,2h_wick_r75_v2p0_then_macd2h_12h_armATR2p5,0.77914484102814,0.476745563923864,0.75,2.0
516626,5.453636796336931,2024-08-23 05:15:00,latched,open_profit_atr_entry_based,2.5,517115,489,516626,517456,14924.732541245874,False,True,False,2751.92,0.0372467931307332,0.03663934377210705,False,3377.4268126120623,18302.159353857936,,1.5,2.1085903644561768,516626,499522.0293162314,2653.100514,improved_winner,0.25175209564381157,-1.2275206009689086,13.183224675777943,,0.008335616893626163,0.006374627961747814,,46.86518902190196,2h_upper_wick_setup@2024-08-24 18:00:00+macd_bear_cross_2h,2h,144,long,2h_wick_r75_v2p0_then_macd2h_12h,2024-08-24 22:00:00,0.19541019650954794,True,2h_wick_r75_v2p0_then_macd2h_12h_armATR2p5,6.380283891945973,3.227250363651921,0.75,2.0
528850,3.557786110330719,2024-10-04 15:55:00,latched,open_profit_atr_entry_based,2.5,529763,913,528850,529800,3812.8622120580403,False,True,False,2449.49,0.02222694352916932,0.021622498140463752,False,8696.037405994204,12508.899618052244,,1.5,5.205723285675049,528850,578513.1549921806,2396.22915,improved_winner,0.49403341288782315,-1.0447352698322714,9.602937948706332,,-0.005696342823882983,-0.012044693327023959,,10.231210357753984,2h_upper_wick_setup@2024-10-07 16:00:00+macd_bear_cross_2h,2h,144,long,2h_wick_r75_v2p0_then_macd2h_12h,2024-10-07 20:00:00,0.0684780613181568,True,2h_wick_r75_v2p0_then_macd2h_12h_armATR2p5,1.0466878783861415,3.7046472034806737,0.75,2.0
536603,8.248203616684272,2024-10-31 14:00:00,latched,open_profit_atr_entry_based,2.5,537539,938,536601,538173,26850.177959806402,False,True,False,2453.56,0.06358026051940846,0.06296758700200829,False,8781.538128310094,35631.7160881165,,1.5,4.424961566925049,536601,565873.9326787298,2609.557984,improved_winner,0.758828788556104,0.5430487083993931,-5.357488331217638,,-0.008164304760358343,-0.011978144872594632,,35.25408789220393,2h_lower_wick_setup@2024-11-03 20:00:00+macd_bull_cross_2h,2h,144,short,2h_wick_r75_v2p0_then_macd2h_12h,2024-11-03 20:00:00,0.04023245417970882,True,2h_wick_r75_v2p0_then_macd2h_12h_armATR2p5,0.7814732848561492,2.3314117294999126,0.75,2.0
538190,2.6781948804581446,2024-11-06 02:15:00,latched,open_profit_atr_entry_based,2.5,543347,5174,538173,551988,223327.4877437217,True,True,False,3398.64,0.3672564452199454,0.36658299393090127,False,-6086.396642902109,217241.09110081958,,1.5,8.712193489074707,538173,592610.9358520004,2485.7370479999995,missed_winner,0.5172286031863665,-0.12438977895817516,7.710821029217655,,0.002175628395626017,-0.0028288145838420986,,104.78451300981801,2h_upper_wick_setup@2024-11-23 20:00:00+macd_bear_cross_2h,2h,144,long,2h_wick_r75_v2p0_then_macd2h_12h,2024-11-24 00:00:00,0.0,True,2h_wick_r75_v2p0_then_macd2h_12h_armATR2p5,3.139214190887778,1.643250262675515,0.75,2.0
563545,2.5195094578273873,2025-02-02 03:10:00,latched,open_profit_atr_entry_based,2.5,565475,1967,563508,566964,95432.27353813092,False,True,False,2635.04,0.18402600491833132,0.18338924706891752,False,26080.313626422154,121512.58716455307,,1.5,8.849295616149902,563508,662593.8494577534,3119.955884,improved_winner,0.33073929961089193,2.0062096249168704,-0.8538387472204647,,0.0010567700900594446,0.0017812937147390073,,54.79711663321903,2h_lower_wick_setup@2025-02-08 08:00:00+macd_bull_cross_2h,2h,144,short,2h_wick_r75_v2p0_then_macd2h_12h,2025-02-08 20:00:00,0.4778917580474081,True,2h_wick_r75_v2p0_then_macd2h_12h_armATR2p5,1.1986530255513856,0.9563034039462909,0.75,2.0
590904,3.7085802913590795,2025-05-08 03:05:00,latched,open_profit_atr_entry_based,2.5,598643,8059,590584,599220,289292.0533968997,True,True,False,2597.95,0.41200769430083795,0.4113252927619779,False,99249.5530464694,388541.6064433691,,1.5,4.708565711975098,590584,944609.0801622719,1839.897906,improved_winner,0.35082140964495095,-0.4608462700492062,12.635349787887698,,-0.01926774015327737,-0.029397394847117342,,160.99426882204867,2h_upper_wick_setup@2025-06-03 16:00:00+macd_bear_cross_2h,2h,144,long,2h_wick_r75_v2p0_then_macd2h_12h,2025-06-04 00:00:00,0.5373608903020742,True,2h_wick_r75_v2p0_then_macd2h_12h_armATR2p5,1.3320676830811768,1.0122843998020419,0.75,2.0
603797,2.8296295919401366,2025-06-21 21:30:00,latched,open_profit_atr_entry_based,2.5,604139,343,603796,604284,460.46536167361774,False,True,False,2244.38,0.029481548579117556,0.02887569344042946,False,31014.415909382646,31474.881271056263,,1.5,10.4564208984375,603796,1090013.0012804342,2310.547798,improved_winner,0.0,1.3094933393423887,-20.321116689052232,,-0.017968163178675667,-0.031159301686518592,,6.327958547449767,2h_lower_wick_setup@2025-06-22 22:00:00+macd_bull_cross_2h,2h,144,short,2h_wick_r75_v2p0_then_macd2h_12h,2025-06-23 02:00:00,0.3633392751039782,True,2h_wick_r75_v2p0_then_macd2h_12h_armATR2p5,0.2943884323194668,0.5559670511901073,0.75,2.0
608021,3.07238333402222,2025-07-06 13:30:00,latched,open_profit_atr_entry_based,2.5,620555,12534,608021,631188,687933.1530731542,True,True,False,4298.91,0.6954098204504009,0.6946707384863109,False,59759.00388063537,747692.1569537895,,1.5,2.1328647136688232,608021,1076325.9707512835,2535.617022,improved_winner,0.3616112650046146,-0.27094693571145,-17.245177652217876,,-0.015077161004209971,-0.018014334775563468,,826.725186412265,2h_upper_wick_setup@2025-08-18 14:00:00+macd_bear_cross_2h,2h,144,long,2h_wick_r75_v2p0_then_macd2h_12h,2025-08-19 02:00:00,0.5081948291782143,True,2h_wick_r75_v2p0_then_macd2h_12h_armATR2p5,0.7838519606182113,5.279963236600428,0.75,2.0
642711,2.5480325035125624,2025-11-04 00:20:00,latched,open_profit_atr_entry_based,2.5,643115,407,642708,649044,291923.0081585888,True,True,False,3306.61,0.08948722528511066,0.08886937141082858,False,-147464.73233486933,144458.27582371945,,1.5,9.234322547912598,642708,1625512.5194473632,3602.5093540000003,missed_winner,0.566827212522578,0.07836542240227118,-34.51321407752906,,0.01882797927605151,0.02579675451883756,,32.043428466432296,2h_lower_wick_setup@2025-11-04 22:00:00+macd_bull_cross_2h,2h,144,short,2h_wick_r75_v2p0_then_macd2h_12h,2025-11-05 10:00:00,0.11408789885611037,True,2h_wick_r75_v2p0_then_macd2h_12h_armATR2p5,0.031208602398940223,0.25418980058020124,0.75,2.0
685674,2.9116704500771036,2026-04-02 04:35:00,latched,open_profit_atr_entry_based,2.5,686699,1053,685646,686759,-10664.777364131529,False,False,False,2061.13,0.009705205397039451,0.0091033047360924,False,46786.470811320694,36121.693447189165,,1.5,12.677839279174805,685646,3967975.860895373,2081.13369,saved_loser,0.5,0.5574602771370349,-1.21418074409315,,-0.01648066627601208,-0.012981533793845812,,1.5778469469051384,2h_lower_wick_setup@2026-04-05 14:00:00+macd_bull_cross_2h,2h,144,short,2h_wick_r75_v2p0_then_macd2h_12h,2026-04-05 18:00:00,0.11257763975153771,True,2h_wick_r75_v2p0_then_macd2h_12h_armATR2p5,2.4089960074722536,3.6969224859142904,0.75,2.0
694118,3.6423932356493838,2026-05-01 12:15:00,latched,open_profit_atr_entry_based,2.5,695579,1568,694011,695708,72878.66758759832,False,True,False,2359.1,0.03152271953166608,0.030916414987759832,False,34808.54643065248,107687.2140182508,,1.5,2.1257150173187256,694011,3483172.7436989513,2287.00731,improved_winner,0.0,-1.057262709561698,1.7995578594100365,,0.0045340894842034185,0.03740834599603038,,33.91456023627014,2h_upper_wick_setup@2026-05-06 12:00:00+macd_bear_cross_2h,2h,144,long,2h_wick_r75_v2p0_then_macd2h_12h,2026-05-06 14:00:00,0.07977736549165444,True,2h_wick_r75_v2p0_then_macd2h_12h_armATR2p5,3.4412886761950365,4.511985188014087,0.75,2.0
702809,2.682935368317206,2026-05-31 16:30:00,latched,open_profit_atr_entry_based,2.5,704459,1676,702783,704704,687331.854913211,True,True,False,1559.83,0.28604957976189715,0.2853924212776417,False,305658.7415766618,992990.5964898728,,1.5,2.3514230251312256,702783,3479386.7056611497,2006.018716,improved_winner,0.0036440935317306597,0.4078210943686784,-13.997762011408739,,0.0002426341387296027,-0.018235977047514673,,189.75263541748288,2h_lower_wick_setup@2026-06-06 06:00:00+macd_bull_cross_2h,2h,144,short,2h_wick_r75_v2p0_then_macd2h_12h,2026-06-06 10:00:00,0.6456119040388688,True,2h_wick_r75_v2p0_then_macd2h_12h_armATR2p5,0.20379047631232167,0.31221993689465655,0.75,2.0
12922,3.9536144345401003,2019-11-07 09:40:00,latched,open_profit_atr_entry_based,3.0,13430,559,12871,13737,47.644783237674346,False,True,False,184.47,0.019365663793570853,0.018761831427285446,False,146.68911329071528,194.33389652838963,,1.5,0.22571346163749695,12871,10357.93852436861,188.04238400000003,improved_winner,0.3529411764705981,0.005043165179750009,-0.647865104487022,,nan,nan,,15.827075505746269,2h_lower_wick_setup@2019-11-08 16:00:00+macd_bull_cross_2h,2h,144,short,2h_wick_r75_v2p0_then_macd2h_12h,2019-11-09 04:00:00,0.5441176470588247,True,2h_wick_r75_v2p0_then_macd2h_12h_armATR3p0,2.9258575582563338,2.020783105145457,0.75,2.0
60992,3.9696787997743246,2020-04-22 07:30:00,latched,open_profit_atr_entry_based,3.0,68498,7506,60992,95701,15339.936809933251,False,True,False,211.95,0.2106239629587794,0.2099818381661877,False,-12719.305762346165,2620.6310475870864,,1.5,0.16499873995780945,60992,12480.274820306213,175.075008,missed_winner,0.8293413173652717,-0.06680518203734342,1.0777622508270461,,nan,nan,,223.48650668137836,2h_upper_wick_setup@2020-05-18 06:00:00+macd_bear_cross_2h,2h,144,long,2h_wick_r75_v2p0_then_macd2h_12h,2020-05-18 18:00:00,0.1586826347305391,True,2h_wick_r75_v2p0_then_macd2h_12h_armATR3p0,1.3336817723364702,2.6360930695648936,0.75,2.0
150991,3.351567627907021,2021-03-02 00:15:00,latched,open_profit_atr_entry_based,3.0,161236,10247,150989,172818,71695.46912793306,False,True,False,2095.03,0.32854529169009883,0.3278795826317608,False,-51703.4113940056,19992.057733927457,,1.5,5.375,150989,60973.78059792272,1576.9353239999998,missed_winner,0.15492604662823542,-0.5053689594672122,-2.0761052605783803,,0.028836993728024174,-0.004226629180129837,,96.38970716279077,2h_upper_wick_setup@2021-04-06 02:00:00+macd_bear_cross_2h,2h,144,long,2h_wick_r75_v2p0_then_macd2h_12h,2021-04-06 14:00:00,0.2511907746302335,True,2h_wick_r75_v2p0_then_macd2h_12h_armATR3p0,0.6776750572348363,0.5092794466269195,0.75,2.0
192945,5.316752772754756,2021-07-26 00:10:00,latched,open_profit_atr_entry_based,3.0,204439,11783,192656,209936,34274.426910554714,False,True,False,3922.31,0.7967715115695604,0.7960121572672465,False,33666.90033478057,67941.32724533528,,1.5,6.963553428649902,192656,85352.12260900838,2182.9765079999997,improved_winner,0.42351313969570975,-2.2943363096452174,13.783479864336243,,0.008028910774448228,0.007903666850874957,,249.77671383175172,2h_upper_wick_setup@2021-09-03 16:00:00+macd_bear_cross_2h,2h,144,long,2h_wick_r75_v2p0_then_macd2h_12h,2021-09-03 22:00:00,0.21493775933609854,True,2h_wick_r75_v2p0_then_macd2h_12h_armATR3p0,0.8584943158698614,0.8945072222215855,0.75,2.0
212541,3.345321444840399,2021-10-02 01:10:00,latched,open_profit_atr_entry_based,3.0,216751,4223,212528,231248,31590.289119135792,False,True,False,3901.96,0.18060155067400752,0.17996543036387264,False,-10061.645651902498,21528.643467233294,,1.5,7.374215126037598,212528,119626.5495195631,3305.06088,missed_winner,0.43534246575342117,-0.5386591672575136,12.018561325380517,,0.04301156659047667,0.04761930344662546,,80.94408825861487,2h_upper_wick_setup@2021-10-16 04:00:00+macd_bear_cross_2h,2h,144,long,2h_wick_r75_v2p0_then_macd2h_12h,2021-10-16 16:00:00,0.41753424657534893,True,2h_wick_r75_v2p0_then_macd2h_12h_armATR3p0,1.0889095643873674,0.7408472050220124,0.75,2.0
240466,3.0361828670987077,2022-01-07 00:15:00,latched,open_profit_atr_entry_based,3.0,240727,263,240464,246224,39124.28035168933,False,True,False,3210.49,0.06107745172855261,0.060465278672818104,False,-30563.972453616225,8560.307898073106,,1.5,6.412178993225098,240464,141573.94269847884,3406.5785480000004,missed_winner,0.6252000914703791,2.4851197378910825,-34.18543107274277,,2.757409073383954e-05,-0.004506574122622231,,30.580641651953492,2h_lower_wick_setup@2022-01-07 20:00:00+macd_bull_cross_2h,2h,144,short,2h_wick_r75_v2p0_then_macd2h_12h,2022-01-07 22:00:00,0.3727418248342139,True,2h_wick_r75_v2p0_then_macd2h_12h_armATR3p0,1.2580534985790564,1.2209217148273661,0.75,2.0
274631,3.9530282511453887,2022-05-05 15:50:00,latched,open_profit_atr_entry_based,3.0,275953,1852,274101,277466,25933.17423582128,False,True,False,2399.12,0.15145444746407044,0.15082420262354573,False,-9868.613558213492,16064.560677607788,,1.5,7.962855815887451,274101,106511.8223611937,2762.4773940000005,missed_winner,0.03456402199528316,2.060684224410039,-23.45138116944547,,-0.0018363899638722536,0.028739009703399265,,45.63154255223756,2h_lower_wick_setup@2022-05-09 20:00:00+macd_bull_cross_2h,2h,144,short,2h_wick_r75_v2p0_then_macd2h_12h,2022-05-10 06:00:00,0.1656629135026627,True,2h_wick_r75_v2p0_then_macd2h_12h_armATR3p0,1.4430443450225638,3.6943406730520567,0.75,2.0
301072,4.498951537572423,2022-08-05 11:15:00,latched,open_profit_atr_entry_based,3.0,301417,908,300509,302229,4914.057706488122,False,True,False,1713.71,0.01932150618701578,0.018717641885778357,False,391.3758163608727,5305.4335228489945,,1.5,3.8128488063812256,300509,283445.61538385117,1681.2261780000001,improved_winner,0.3802281368821299,-0.19504051898703523,8.122760766784427,,-0.0025133473024134823,-0.00031544509972725177,,8.519567297196426,2h_upper_wick_setup@2022-08-06 12:00:00+macd_bear_cross_2h,2h,144,long,2h_wick_r75_v2p0_then_macd2h_12h,2022-08-06 16:00:00,0.4553231939163471,True,2h_wick_r75_v2p0_then_macd2h_12h_armATR3p0,0.7160975552900845,0.422021967736755,0.75,2.0
363281,4.964123410261668,2023-03-09 18:30:00,latched,open_profit_atr_entry_based,3.0,363611,551,363060,364212,-8797.535740603402,False,False,False,1428.24,0.07286833865456788,0.07225380789298926,False,29883.900019514986,21086.364278911584,,1.5,5.3571343421936035,363060,291837.41167166334,1532.313476,saved_loser,0.7410674900749846,1.056625843044337,-11.693191483161485,,0.02061173037219466,0.002794836661444977,,19.427079731844977,2h_lower_wick_setup@2023-03-10 16:00:00+macd_bull_cross_2h,2h,144,short,2h_wick_r75_v2p0_then_macd2h_12h,2023-03-10 22:00:00,0.04146449051610285,True,2h_wick_r75_v2p0_then_macd2h_12h_armATR3p0,0.7904747725620571,1.391408159859815,0.75,2.0
411061,3.1167321755773125,2023-08-22 16:10:00,latched,open_profit_atr_entry_based,3.0,415019,5303,409716,415082,8149.520137668995,False,True,False,1632.52,0.033771348589910044,0.03316463566277768,False,1824.027375646987,9973.547513315982,,1.5,14.259294509887695,409716,300728.3907692612,1687.652402,improved_winner,0.3323593864134358,0.2042687509885499,0.27296642376273006,,0.007085397207150734,0.0049993902267417845,,3.8664186339492455,2h_lower_wick_setup@2023-09-05 08:00:00+macd_bull_cross_2h,2h,144,short,2h_wick_r75_v2p0_then_macd2h_12h,2023-09-05 10:00:00,0.19868517165814584,True,2h_wick_r75_v2p0_then_macd2h_12h_armATR3p0,0.6276518653639521,1.059476182318382,0.75,2.0
427893,6.435919183444922,2023-10-20 02:50:00,latched,open_profit_atr_entry_based,3.0,435851,7963,427888,455796,131352.1926257087,True,True,False,1996.73,0.2657596050249367,0.2651064531039317,False,-47440.969412040096,83911.2232136686,,1.5,1.5607038736343384,427888,316518.9765515525,1577.495436,missed_winner,0.10301507537688284,-2.491584237157908,-0.1150745691463333,,-0.010429965690247234,-0.015193472370976013,,268.61890399730225,2h_upper_wick_setup@2023-11-16 12:00:00+macd_bear_cross_2h,2h,144,long,2h_wick_r75_v2p0_then_macd2h_12h,2023-11-16 18:00:00,0.6452261306532666,True,2h_wick_r75_v2p0_then_macd2h_12h_armATR3p0,0.547763431075289,0.8919327842072171,0.75,2.0
459553,3.142441175914432,2024-02-07 01:10:00,latched,open_profit_atr_entry_based,3.0,462011,2471,459540,476244,176532.66314368136,True,True,False,2801.88,0.178361896291082,0.17772622391182374,False,-97396.81723155543,79135.84591212594,,1.5,2.9450161457061768,459540,445268.2568183524,2377.7754600000003,missed_winner,0.6363892013498353,-0.035394206151167396,8.999364178008705,,-0.007897660927114858,0.0024781183983821897,,144.00754325858034,2h_upper_wick_setup@2024-02-15 02:00:00+macd_bear_cross_2h,2h,144,long,2h_wick_r75_v2p0_then_macd2h_12h,2024-02-15 14:00:00,0.3084926884139431,True,2h_wick_r75_v2p0_then_macd2h_12h_armATR3p0,0.77914484102814,0.476745563923864,0.75,2.0
516626,5.453636796336931,2024-08-23 05:15:00,latched,open_profit_atr_entry_based,3.0,517115,489,516626,517456,14924.732541245874,False,True,False,2751.92,0.0372467931307332,0.03663934377210705,False,3377.4268126120623,18302.159353857936,,1.5,2.1085903644561768,516626,499522.0293162314,2653.100514,improved_winner,0.25175209564381157,-1.2275206009689086,13.183224675777943,,0.008335616893626163,0.006374627961747814,,46.86518902190196,2h_upper_wick_setup@2024-08-24 18:00:00+macd_bear_cross_2h,2h,144,long,2h_wick_r75_v2p0_then_macd2h_12h,2024-08-24 22:00:00,0.19541019650954794,True,2h_wick_r75_v2p0_then_macd2h_12h_armATR3p0,6.380283891945973,3.227250363651921,0.75,2.0
528850,3.557786110330719,2024-10-04 15:55:00,latched,open_profit_atr_entry_based,3.0,529763,913,528850,529800,3812.8622120580403,False,True,False,2449.49,0.02222694352916932,0.021622498140463752,False,8696.037405994204,12508.899618052244,,1.5,5.205723285675049,528850,578513.1549921806,2396.22915,improved_winner,0.49403341288782315,-1.0447352698322714,9.602937948706332,,-0.005696342823882983,-0.012044693327023959,,10.231210357753984,2h_upper_wick_setup@2024-10-07 16:00:00+macd_bear_cross_2h,2h,144,long,2h_wick_r75_v2p0_then_macd2h_12h,2024-10-07 20:00:00,0.0684780613181568,True,2h_wick_r75_v2p0_then_macd2h_12h_armATR3p0,1.0466878783861415,3.7046472034806737,0.75,2.0
536603,8.248203616684272,2024-10-31 14:00:00,latched,open_profit_atr_entry_based,3.0,537539,938,536601,538173,26850.177959806402,False,True,False,2453.56,0.06358026051940846,0.06296758700200829,False,8781.538128310094,35631.7160881165,,1.5,4.424961566925049,536601,565873.9326787298,2609.557984,improved_winner,0.758828788556104,0.5430487083993931,-5.357488331217638,,-0.008164304760358343,-0.011978144872594632,,35.25408789220393,2h_lower_wick_setup@2024-11-03 20:00:00+macd_bull_cross_2h,2h,144,short,2h_wick_r75_v2p0_then_macd2h_12h,2024-11-03 20:00:00,0.04023245417970882,True,2h_wick_r75_v2p0_then_macd2h_12h_armATR3p0,0.7814732848561492,2.3314117294999126,0.75,2.0
538191,4.849863820516206,2024-11-06 02:20:00,latched,open_profit_atr_entry_based,3.0,543347,5174,538173,551988,223327.4877437217,True,True,False,3398.64,0.3672564452199454,0.36658299393090127,False,-6086.396642902109,217241.09110081958,,1.5,8.712193489074707,538173,592610.9358520004,2485.7370479999995,missed_winner,0.5172286031863665,-0.12438977895817516,7.710821029217655,,0.002175628395626017,-0.0028288145838420986,,104.78451300981801,2h_upper_wick_setup@2024-11-23 20:00:00+macd_bear_cross_2h,2h,144,long,2h_wick_r75_v2p0_then_macd2h_12h,2024-11-24 00:00:00,0.0,True,2h_wick_r75_v2p0_then_macd2h_12h_armATR3p0,3.139214190887778,1.643250262675515,0.75,2.0
563547,4.179528586716121,2025-02-02 03:20:00,latched,open_profit_atr_entry_based,3.0,565475,1967,563508,566964,95432.27353813092,False,True,False,2635.04,0.18402600491833132,0.18338924706891752,False,26080.313626422154,121512.58716455307,,1.5,8.849295616149902,563508,662593.8494577534,3119.955884,improved_winner,0.33073929961089193,2.0062096249168704,-0.8538387472204647,,0.0010567700900594446,0.0017812937147390073,,54.79711663321903,2h_lower_wick_setup@2025-02-08 08:00:00+macd_bull_cross_2h,2h,144,short,2h_wick_r75_v2p0_then_macd2h_12h,2025-02-08 20:00:00,0.4778917580474081,True,2h_wick_r75_v2p0_then_macd2h_12h_armATR3p0,1.1986530255513856,0.9563034039462909,0.75,2.0
590904,3.7085802913590795,2025-05-08 03:05:00,latched,open_profit_atr_entry_based,3.0,598643,8059,590584,599220,289292.0533968997,True,True,False,2597.95,0.41200769430083795,0.4113252927619779,False,99249.5530464694,388541.6064433691,,1.5,4.708565711975098,590584,944609.0801622719,1839.897906,improved_winner,0.35082140964495095,-0.4608462700492062,12.635349787887698,,-0.01926774015327737,-0.029397394847117342,,160.99426882204867,2h_upper_wick_setup@2025-06-03 16:00:00+macd_bear_cross_2h,2h,144,long,2h_wick_r75_v2p0_then_macd2h_12h,2025-06-04 00:00:00,0.5373608903020742,True,2h_wick_r75_v2p0_then_macd2h_12h_armATR3p0,1.3320676830811768,1.0122843998020419,0.75,2.0
603802,3.1127092449830194,2025-06-21 21:55:00,latched,open_profit_atr_entry_based,3.0,604139,343,603796,604284,460.46536167361774,False,True,False,2244.38,0.029481548579117556,0.02887569344042946,False,31014.415909382646,31474.881271056263,,1.5,10.4564208984375,603796,1090013.0012804342,2310.547798,improved_winner,0.0,1.3094933393423887,-20.321116689052232,,-0.017968163178675667,-0.031159301686518592,,6.327958547449767,2h_lower_wick_setup@2025-06-22 22:00:00+macd_bull_cross_2h,2h,144,short,2h_wick_r75_v2p0_then_macd2h_12h,2025-06-23 02:00:00,0.3633392751039782,True,2h_wick_r75_v2p0_then_macd2h_12h_armATR3p0,0.2943884323194668,0.5559670511901073,0.75,2.0
608021,3.07238333402222,2025-07-06 13:30:00,latched,open_profit_atr_entry_based,3.0,620555,12534,608021,631188,687933.1530731542,True,True,False,4298.91,0.6954098204504009,0.6946707384863109,False,59759.00388063537,747692.1569537895,,1.5,2.1328647136688232,608021,1076325.9707512835,2535.617022,improved_winner,0.3616112650046146,-0.27094693571145,-17.245177652217876,,-0.015077161004209971,-0.018014334775563468,,826.725186412265,2h_upper_wick_setup@2025-08-18 14:00:00+macd_bear_cross_2h,2h,144,long,2h_wick_r75_v2p0_then_macd2h_12h,2025-08-19 02:00:00,0.5081948291782143,True,2h_wick_r75_v2p0_then_macd2h_12h_armATR3p0,0.7838519606182113,5.279963236600428,0.75,2.0
642712,3.7056702126714773,2025-11-04 00:25:00,latched,open_profit_atr_entry_based,3.0,643115,407,642708,649044,291923.0081585888,True,True,False,3306.61,0.08948722528511066,0.08886937141082858,False,-147464.73233486933,144458.27582371945,,1.5,9.234322547912598,642708,1625512.5194473632,3602.5093540000003,missed_winner,0.566827212522578,0.07836542240227118,-34.51321407752906,,0.01882797927605151,0.02579675451883756,,32.043428466432296,2h_lower_wick_setup@2025-11-04 22:00:00+macd_bull_cross_2h,2h,144,short,2h_wick_r75_v2p0_then_macd2h_12h,2025-11-05 10:00:00,0.11408789885611037,True,2h_wick_r75_v2p0_then_macd2h_12h_armATR3p0,0.031208602398940223,0.25418980058020124,0.75,2.0
685677,3.0023799136281313,2026-04-02 04:50:00,latched,open_profit_atr_entry_based,3.0,686699,1053,685646,686759,-10664.777364131529,False,False,False,2061.13,0.009705205397039451,0.0091033047360924,False,46786.470811320694,36121.693447189165,,1.5,12.677839279174805,685646,3967975.860895373,2081.13369,saved_loser,0.5,0.5574602771370349,-1.21418074409315,,-0.01648066627601208,-0.012981533793845812,,1.5778469469051384,2h_lower_wick_setup@2026-04-05 14:00:00+macd_bull_cross_2h,2h,144,short,2h_wick_r75_v2p0_then_macd2h_12h,2026-04-05 18:00:00,0.11257763975153771,True,2h_wick_r75_v2p0_then_macd2h_12h_armATR3p0,2.4089960074722536,3.6969224859142904,0.75,2.0
694118,3.6423932356493838,2026-05-01 12:15:00,latched,open_profit_atr_entry_based,3.0,695579,1568,694011,695708,72878.66758759832,False,True,False,2359.1,0.03152271953166608,0.030916414987759832,False,34808.54643065248,107687.2140182508,,1.5,2.1257150173187256,694011,3483172.7436989513,2287.00731,improved_winner,0.0,-1.057262709561698,1.7995578594100365,,0.0045340894842034185,0.03740834599603038,,33.91456023627014,2h_upper_wick_setup@2026-05-06 12:00:00+macd_bear_cross_2h,2h,144,long,2h_wick_r75_v2p0_then_macd2h_12h,2026-05-06 14:00:00,0.07977736549165444,True,2h_wick_r75_v2p0_then_macd2h_12h_armATR3p0,3.4412886761950365,4.511985188014087,0.75,2.0
702841,3.023154882819625,2026-05-31 19:10:00,latched,open_profit_atr_entry_based,3.0,704459,1676,702783,704704,687331.854913211,True,True,False,1559.83,0.28604957976189715,0.2853924212776417,False,305658.7415766618,992990.5964898728,,1.5,2.3514230251312256,702783,3479386.7056611497,2006.018716,improved_winner,0.0036440935317306597,0.4078210943686784,-13.997762011408739,,0.0002426341387296027,-0.018235977047514673,,189.75263541748288,2h_lower_wick_setup@2026-06-06 06:00:00+macd_bull_cross_2h,2h,144,short,2h_wick_r75_v2p0_then_macd2h_12h,2026-06-06 10:00:00,0.6456119040388688,True,2h_wick_r75_v2p0_then_macd2h_12h_armATR3p0,0.20379047631232167,0.31221993689465655,0.75,2.0
15723,4.751763152820109,2019-11-17 03:05:00,latched,open_profit_atr_entry_based,1.5,29318,13631,15687,30375,2119.0179211623945,False,True,False,129.15,0.4111772512582268,0.4104950722437783,False,2092.275497008848,4211.293418171243,,1.5,0.08071572333574295,15687,10259.059615873553,182.253542,improved_winner,0.7647058823529903,0.023976753872579915,-0.3625105959083864,2h,nan,nan,,657.9082712188793,2h_lower_wick+macd_bull_cross_2h,,0,short,2h_wick_r75_v1p5_macd2h,2020-01-03 08:00:00,0.0,True,2h_wick_r75_v1p5_macd2h_armATR1p5,5.025637736794046,1.5572152132307888,0.75,1.5
536603,8.248203616684272,2024-10-31 14:00:00,latched,open_profit_atr_entry_based,1.5,537539,938,536601,538173,26850.177959806402,False,True,False,2453.56,0.06358026051940846,0.06296758700200829,False,8781.538128310094,35631.7160881165,,1.5,4.424961566925049,536601,565873.9326787298,2609.557984,improved_winner,0.758828788556104,0.5430487083993931,-5.357488331217638,2h,-0.008164304760358343,-0.011978144872594632,,35.25408789220393,2h_lower_wick+macd_bull_cross_2h,,0,short,2h_wick_r75_v1p5_macd2h,2024-11-03 20:00:00,0.04023245417970882,True,2h_wick_r75_v1p5_macd2h_armATR1p5,0.7814732848561492,2.3314117294999126,0.75,1.5
15723,4.751763152820109,2019-11-17 03:05:00,latched,open_profit_atr_entry_based,2.0,29318,13631,15687,30375,2119.0179211623945,False,True,False,129.15,0.4111772512582268,0.4104950722437783,False,2092.275497008848,4211.293418171243,,1.5,0.08071572333574295,15687,10259.059615873553,182.253542,improved_winner,0.7647058823529903,0.023976753872579915,-0.3625105959083864,2h,nan,nan,,657.9082712188793,2h_lower_wick+macd_bull_cross_2h,,0,short,2h_wick_r75_v1p5_macd2h,2020-01-03 08:00:00,0.0,True,2h_wick_r75_v1p5_macd2h_armATR2p0,5.025637736794046,1.5572152132307888,0.75,1.5
536603,8.248203616684272,2024-10-31 14:00:00,latched,open_profit_atr_entry_based,2.0,537539,938,536601,538173,26850.177959806402,False,True,False,2453.56,0.06358026051940846,0.06296758700200829,False,8781.538128310094,35631.7160881165,,1.5,4.424961566925049,536601,565873.9326787298,2609.557984,improved_winner,0.758828788556104,0.5430487083993931,-5.357488331217638,2h,-0.008164304760358343,-0.011978144872594632,,35.25408789220393,2h_lower_wick+macd_bull_cross_2h,,0,short,2h_wick_r75_v1p5_macd2h,2024-11-03 20:00:00,0.04023245417970882,True,2h_wick_r75_v1p5_macd2h_armATR2p0,0.7814732848561492,2.3314117294999126,0.75,1.5
15723,4.751763152820109,2019-11-17 03:05:00,latched,open_profit_atr_entry_based,2.5,29318,13631,15687,30375,2119.0179211623945,False,True,False,129.15,0.4111772512582268,0.4104950722437783,False,2092.275497008848,4211.293418171243,,1.5,0.08071572333574295,15687,10259.059615873553,182.253542,improved_winner,0.7647058823529903,0.023976753872579915,-0.3625105959083864,2h,nan,nan,,657.9082712188793,2h_lower_wick+macd_bull_cross_2h,,0,short,2h_wick_r75_v1p5_macd2h,2020-01-03 08:00:00,0.0,True,2h_wick_r75_v1p5_macd2h_armATR2p5,5.025637736794046,1.5572152132307888,0.75,1.5
536603,8.248203616684272,2024-10-31 14:00:00,latched,open_profit_atr_entry_based,2.5,537539,938,536601,538173,26850.177959806402,False,True,False,2453.56,0.06358026051940846,0.06296758700200829,False,8781.538128310094,35631.7160881165,,1.5,4.424961566925049,536601,565873.9326787298,2609.557984,improved_winner,0.758828788556104,0.5430487083993931,-5.357488331217638,2h,-0.008164304760358343,-0.011978144872594632,,35.25408789220393,2h_lower_wick+macd_bull_cross_2h,,0,short,2h_wick_r75_v1p5_macd2h,2024-11-03 20:00:00,0.04023245417970882,True,2h_wick_r75_v1p5_macd2h_armATR2p5,0.7814732848561492,2.3314117294999126,0.75,1.5
15723,4.751763152820109,2019-11-17 03:05:00,latched,open_profit_atr_entry_based,3.0,29318,13631,15687,30375,2119.0179211623945,False,True,False,129.15,0.4111772512582268,0.4104950722437783,False,2092.275497008848,4211.293418171243,,1.5,0.08071572333574295,15687,10259.059615873553,182.253542,improved_winner,0.7647058823529903,0.023976753872579915,-0.3625105959083864,2h,nan,nan,,657.9082712188793,2h_lower_wick+macd_bull_cross_2h,,0,short,2h_wick_r75_v1p5_macd2h,2020-01-03 08:00:00,0.0,True,2h_wick_r75_v1p5_macd2h_armATR3p0,5.025637736794046,1.5572152132307888,0.75,1.5
536603,8.248203616684272,2024-10-31 14:00:00,latched,open_profit_atr_entry_based,3.0,537539,938,536601,538173,26850.177959806402,False,True,False,2453.56,0.06358026051940846,0.06296758700200829,False,8781.538128310094,35631.7160881165,,1.5,4.424961566925049,536601,565873.9326787298,2609.557984,improved_winner,0.758828788556104,0.5430487083993931,-5.357488331217638,2h,-0.008164304760358343,-0.011978144872594632,,35.25408789220393,2h_lower_wick+macd_bull_cross_2h,,0,short,2h_wick_r75_v1p5_macd2h,2024-11-03 20:00:00,0.04023245417970882,True,2h_wick_r75_v1p5_macd2h_armATR3p0,0.7814732848561492,2.3314117294999126,0.75,1.5
