adverse_rate_12,adverse_rate_144,adverse_rate_24,adverse_rate_288,adverse_rate_6,adverse_rate_72,also_inside_bb,avg_bars_held_at_signal,avg_baseline_realized_return,avg_giveback_capture_ratio,avg_lead_time_bars,avg_post_return_12,avg_post_return_144,avg_post_return_24,avg_post_return_288,avg_post_return_6,avg_post_return_72,avg_signal_mfe_capture_ratio,avg_signal_return_from_entry,avg_signal_vs_baseline_return_delta,base_trade_pnl_sum,direction,events,is_top20,median_lead_time_bars,positive_delta_rate,regime,tol_bp,top20_events,unique_trades,worst20_events
0.5068702290076336,0.5642201834862385,0.5114503816793893,0.5650842266462481,0.5389312977099237,0.5465648854961832,False,437.9832061068702,0.04381553188135368,0.13084131313249753,1335.1175572519085,0.0001609867157359239,-0.0014245498318080458,0.0002649879264739611,-0.005485226880500793,0.00018114040833478836,5.5860518262910476e-05,0.32903513790579025,0.037799970336946764,-0.006015561544406918,-161105.54550526658,long,655,False,591.0,0.6854961832061068,BEAR,0,0,80,34
0.4497354497354497,0.3544973544973545,0.455026455026455,0.32275132275132273,0.5079365079365079,0.3862433862433862,False,665.5343915343915,0.19269724161285495,-0.669647622601356,7721.312169312169,0.0032363887042287497,0.017276943917369784,0.003802146139637403,0.03188803774448187,0.001569337472400662,0.009320005182817795,0.2992936662450426,0.07236451813671016,-0.12033272347614486,1579251.9246896137,long,189,True,2027.0,0.21164021164021163,BEAR,0,189,9,0
0.5,0.6818181818181818,0.5454545454545454,0.5909090909090909,0.45454545454545453,0.5,True,270.04545454545456,0.08602068861140884,-0.17298921359964659,1118.6363636363637,0.0034106085382135513,-0.0019303977254745016,0.002724538198831566,-0.004124392238850618,3.0415463248152768e-06,0.00336015941339456,0.28053554086910587,0.042290347416763484,-0.04373034119464534,-47394.04108636466,long,22,False,953.5,0.5454545454545454,BEAR,0,0,16,1
0.5454545454545454,0.2727272727272727,0.45454545454545453,0.2727272727272727,0.2727272727272727,0.2727272727272727,True,490.45454545454544,0.1793453683950639,-0.09348759159630812,5218.818181818182,-0.001280859170101032,0.015453587791841451,0.00018651188468481056,0.02116343192905309,0.00019265580830395525,0.00882690583232194,0.5287540309147991,0.09634567744652972,-0.08299969094853421,646325.6803983721,long,11,True,610.0,0.6363636363636364,BEAR,0,11,4,0
0.49298597194388777,0.5509586276488395,0.5200400801603207,0.5727272727272728,0.4819639278557114,0.5511022044088176,False,433.5861723446894,0.03950017971358854,0.14786902143860262,1372.8677354709419,0.0005472385951480985,-0.0012439548421286134,0.0005122173771968411,-0.006118031565807635,0.00047029938604803857,-0.0003001265888830344,0.2786991245808311,0.03494144362024697,-0.004558736093341558,-161105.54550526658,long,998,False,560.0,0.685370741482966,BEAR,50,0,80,51
0.4675324675324675,0.4329004329004329,0.5021645021645021,0.3939393939393939,0.45021645021645024,0.47186147186147187,False,811.952380952381,0.154296502014173,-0.47255977525232723,5168.30303030303,0.0007041334303511725,0.01255719785508779,0.0018366468601569107,0.02128197628732597,0.000575131959952309,0.0056901907608419315,0.36383256647578416,0.07600497852368254,-0.07829152349049048,1579251.9246896137,long,231,True,1343.0,0.27705627705627706,BEAR,50,231,9,0
0.4945652173913043,0.5461956521739131,0.5054347826086957,0.5,0.49728260869565216,0.529891304347826,True,511.5054347826087,0.030538978846953457,0.05869096408022945,856.3967391304348,5.3081518846131934e-05,-0.001280249629004529,0.0001482073160042157,-0.001595283247923658,-3.738639337891465e-05,0.0005336222571495953,-0.37990616036913744,0.020838767488185375,-0.009700211358768081,-217096.13165237277,long,368,False,476.5,0.6983695652173914,BEAR,50,0,65,32
0.29473684210526313,0.30526315789473685,0.29473684210526313,0.3368421052631579,0.3473684210526316,0.2736842105263158,True,751.1894736842105,0.1432498058106007,-0.7475543464928719,5657.852631578948,0.0024328477566823805,0.014120815798142972,0.0041482620832282435,0.01954827268405791,0.0013539782675715925,0.009664674482899573,0.264106314178766,0.04680333889388096,-0.09644646691671968,1579251.9246896137,long,95,True,1324.0,0.14736842105263157,BEAR,50,95,9,0
0.5678092399403875,0.5350223546944859,0.5797317436661699,0.5096870342771982,0.5484351713859911,0.5618479880774963,False,540.461997019374,0.053934891486047964,0.11193222882988751,842.655737704918,-4.897170258700711e-05,-0.0006620596980893685,-0.00032097274589997616,0.0016341900919719348,0.000102014318322112,-0.0014784368230923203,0.36525509206491114,0.061661644209195565,0.0077267527231476086,-287981.46474310936,short,671,False,736.0,0.6482861400894188,BEAR,0,0,81,27
0.535483870967742,0.36774193548387096,0.4774193548387097,0.3548387096774194,0.5419354838709678,0.47096774193548385,False,688.1354838709677,0.15620936384830097,-0.4294722290518322,1126.483870967742,0.00028382957080857275,0.013309271786940387,0.0005043248770324628,0.016541723531596744,0.00047199823596734387,0.0058788307685902945,0.5392188165836205,0.131838380670731,-0.024370983177569975,2203599.4451386407,short,155,True,1051.0,0.41935483870967744,BEAR,0,155,8,0
0.5,0.7272727272727273,0.5909090909090909,0.5909090909090909,0.4090909090909091,0.6363636363636364,True,727.3181818181819,0.05685530148931555,0.27649853098861293,785.1818181818181,0.003523522403365958,-0.006035921723684223,0.004357268013724047,-0.0069157689629846955,0.004000601067134301,-4.691259865915252e-05,-0.37841587903164736,0.07131570921155655,0.01446040772224102,260063.1458863351,short,22,False,562.0,0.7727272727272727,BEAR,0,0,21,2
0.4,0.4,0.6,0.4,0.4,0.4,True,594.6,0.1300646522281274,-0.5980163363312492,1115.6,0.004429841265381684,0.030425779639657535,0.0012967084139604568,0.017243782904463288,0.001157690467457173,0.017091324943483154,0.5131602769019986,0.11650090912623412,-0.013563743101893283,1677077.1638744513,short,5,True,1122.0,0.6,BEAR,0,5,4,0
0.5176876617773943,0.47540983606557374,0.5194132873166523,0.4900776531492666,0.5220017256255393,0.5125107851596203,False,580.7446074201898,0.05496340219008154,0.03606543850485423,832.0655737704918,0.00035401427067773315,0.0018166476266952103,0.00028457044231007224,0.004128130067520067,0.00031598665318909215,0.0008887041828727334,0.2408517811543042,0.056374414357335985,0.0014110121672544428,-130922.83143783896,short,1159,False,719.0,0.6117342536669542,BEAR,50,0,80,28
0.5608695652173913,0.4434782608695652,0.5869565217391305,0.41304347826086957,0.5478260869565217,0.5347826086956522,False,745.7347826086957,0.1555326381206313,-0.34067582215741515,1051.878260869565,-0.0007451890805020777,0.011105070074190303,-0.0002446171057478666,0.013481904920493493,-0.00042943847549208665,0.0034113341653346204,0.5890166381447155,0.13489048956467825,-0.020642148555953126,2203599.4451386407,short,230,True,980.5,0.4826086956521739,BEAR,50,230,8,0
0.5115681233933161,0.46786632390745503,0.4961439588688946,0.41645244215938304,0.5115681233933161,0.5424164524421594,True,692.508997429306,0.02345195079748522,0.046211412918822976,691.0719794344473,0.0005403741866328149,0.0020805119646016943,0.0013179702398983973,0.004015126478682035,0.0002498973566475045,0.0008363626355600908,-0.3510907990868646,0.021397838803508085,-0.002054111993977132,53635.588038654125,short,389,False,595.0,0.6632390745501285,BEAR,50,0,58,24
0.36363636363636365,0.5151515151515151,0.3939393939393939,0.5151515151515151,0.3939393939393939,0.45454545454545453,True,692.969696969697,0.09319017178152113,-0.31090873785345696,725.3636363636364,0.0022302142880886926,0.009757782728179967,0.005303648521747587,0.004140249262065371,0.0017232121350207884,0.006852109223442307,0.5682127801725333,0.07723898881375217,-0.015951182967768963,1960289.323719682,short,33,True,595.0,0.6060606060606061,BEAR,50,33,6,0
0.5110584518167457,0.4755134281200632,0.5086887835703001,0.4731437598736177,0.5213270142180095,0.5173775671406003,False,11207.617693522907,0.8544194983666256,-0.6124386350872825,10254.327804107425,0.0002490778162818005,0.002536196397332205,0.0005964762569706405,0.006729548773073872,0.00016182727228512996,0.00047879899707719084,0.31450171079028333,0.44010796617458287,-0.41431153219204253,-132386.92161699227,long,1266,False,8892.0,0.3854660347551343,BULL,0,0,20,50
0.5122749590834698,0.44844517184942717,0.5155482815057283,0.4664484451718494,0.5106382978723404,0.4844517184942717,False,10394.057283142389,0.4763657735791661,0.005334829232058548,10960.196399345336,6.53573608344579e-06,0.0032791963701646817,-1.3745468304571604e-05,0.004789273555529965,0.00017890183927301797,0.0009529759428959445,0.6071142957032394,0.4743619562793393,-0.002003817299826673,1219145.496586266,long,611,True,10825.0,0.5875613747954174,BULL,0,611,4,0
0.578125,0.53125,0.515625,0.5625,0.515625,0.6875,True,8063.953125,0.5933018534706112,-0.3783170106215282,9314.609375,-0.0006524333416541607,-0.0043443793936612934,-0.0021340308606854173,0.0025828071522312618,0.0006287024759283385,-0.0060329988075968535,0.24607777144897539,0.32651187139779225,-0.2667899820728189,32163.345018514927,long,64,False,8857.0,0.5,BULL,0,0,18,4
0.5357142857142857,0.5714285714285714,0.6428571428571429,0.5714285714285714,0.5714285714285714,0.5714285714285714,True,9804.857142857143,0.4990323984339677,0.09440980889918456,9759.607142857143,-0.0007967882261685448,-0.0056218735354748904,-0.0023002386985547874,-0.0053081064005467615,-0.0003274896674943517,-0.003493984554738479,0.6417254182469092,0.5283249100942549,0.029292511660287204,1219145.496586266,long,28,True,11445.0,0.6785714285714286,BULL,0,28,4,0
0.46595982142857145,0.45870535714285715,0.5066964285714286,0.49386160714285715,0.46484375,0.5050223214285714,False,10898.020089285714,0.7727524268926754,-0.4653492860853702,9508.25111607143,0.0007935226581428917,0.0029934125891288824,0.0005843776774936651,0.0050838721699191115,0.0005410065551926811,0.00029060109900475,0.26923527579621914,0.43120905674007887,-0.34154337015259667,-137558.39061837917,long,1792,False,8368.0,0.4525669642857143,BULL,50,0,21,55
0.47536617842876167,0.4766977363515313,0.4647137150466045,0.511318242343542,0.4394141145139814,0.45006657789613846,False,10561.545938748335,0.48600805199220704,-0.029753471441185706,11043.454061251665,0.0006995017336006308,0.0034399664081915453,0.0010059992663480166,0.004588545021040874,0.0007087448152745834,0.0018517612980086587,0.5950416892377691,0.4740860562192182,-0.011921995772988777,1219145.496586266,long,751,True,10953.0,0.5832223701731025,BULL,50,751,4,0
0.5120828538550057,0.5362485615650172,0.5120828538550057,0.5040276179516686,0.48791714614499426,0.5270425776754891,True,9452.751438434983,0.557718361456131,-0.4105010478693019,8619.490218642117,0.00020555870908210878,0.00025573612613867877,0.0005252983100541624,0.0023456729990531233,-4.278338521854631e-05,0.0009423320625280567,-0.11754736463165039,0.25852824336613045,-0.2991901180900005,-165998.54824173052,long,869,False,7242.0,0.5891829689298044,BULL,50,0,22,24
0.4569672131147541,0.6168032786885246,0.5020491803278688,0.48975409836065575,0.4385245901639344,0.5532786885245902,True,12375.952868852459,0.5011129461229794,0.11088888942131214,9057.581967213115,7.237661909424959e-05,-0.0020475717023088727,8.830530295593179e-05,0.00014000068153881818,0.000510778771877814,-0.0007935900679982054,0.6487388585490574,0.5332225936619827,0.03210964753900328,1219145.496586266,long,488,True,8174.0,0.6905737704918032,BULL,50,488,4,0
0.5621621621621622,0.4918918918918919,0.5783783783783784,0.5405405405405406,0.5513513513513514,0.572972972972973,False,1740.427027027027,0.1819357197246901,-0.004206515211772603,6101.518918918919,0.0008479214538688297,0.0028501457245734495,0.00032338515752140497,-0.0002980795885972779,0.0007811652161218992,0.001017544682510319,0.46871144245398777,0.1101332075371297,-0.07180251218756042,-42748.778167847486,long,185,False,2502.0,0.7621621621621621,NEUTRAL,0,0,14,36
0.5874125874125874,0.5104895104895105,0.6433566433566433,0.5734265734265734,0.5944055944055944,0.4755244755244755,False,3152.188811188811,0.3938057799352027,-0.3067658293544885,13041.02097902098,-0.0009479448348703982,-0.0023972732522371796,-0.0014039898398920808,-0.002916681705614617,-0.000532349929440988,-0.00027521983780275707,0.4878046516730435,0.27987810237617533,-0.11392767755902747,1331904.8868394843,long,143,True,12158.0,0.3706293706293706,NEUTRAL,0,143,4,0
0.4,0.6,0.6,0.6,0.6,0.6,True,1846.8,0.5099464863599662,-0.8833221634472089,15407.4,0.002148402467750654,0.007897799981768917,0.0002045126777464601,0.028887358190379485,0.00022931415947056167,0.0005260735406455331,0.5502983229604715,0.13047738604617137,-0.37946910031379477,27696.399605485116,long,5,False,4995.0,0.6,NEUTRAL,0,0,3,0
0.3333333333333333,0.3333333333333333,0.6666666666666666,0.3333333333333333,0.6666666666666666,0.3333333333333333,True,2341.3333333333335,0.5281849160033764,-0.8689241749599691,15982.0,0.0020958247327927206,0.028704027318499043,0.0033500759036965144,0.01906483660817319,0.0003092677503210665,0.03130965118100748,0.3768577690354338,0.22754594020377228,-0.300638975799604,977225.2064700539,long,3,True,21962.0,0.3333333333333333,NEUTRAL,0,3,2,0
0.5667870036101083,0.5415162454873647,0.5740072202166066,0.631768953068592,0.5126353790613718,0.5631768953068592,False,1998.7292418772563,0.15757957416122176,0.11221107006922647,4871.891696750902,0.0005932118220114526,0.0006478288772536467,0.0002335819071874653,-0.0044856226003548265,0.00047880853236791874,0.0005177723706395433,0.4685271632493501,0.11545943647768088,-0.042120137683540865,-66586.13704099105,long,277,False,1500.0,0.8014440433212996,NEUTRAL,50,0,15,34
0.5380710659898477,0.4873096446700508,0.5177664974619289,0.5939086294416244,0.4873096446700508,0.41116751269035534,False,3060.8984771573605,0.39975586771664484,-0.3965183342892717,13709.096446700507,-0.00019371509466652685,0.0013995555146782876,0.0007903918767391384,0.0013895537889353606,-7.171349286591423e-05,0.003446695934888614,0.4497263260787218,0.2642199781430022,-0.13553588957364254,1331904.8868394843,long,197,True,12528.0,0.2893401015228426,NEUTRAL,50,197,4,0
0.5625,0.5125,0.5,0.5625,0.5,0.5875,True,2100.575,0.04708267465459095,0.32396653549518184,3715.0375,-0.00036192234963950407,0.005051956818140269,-0.0004849525448526612,0.001152880619788335,0.0002903137313880047,-0.0003198171885339746,0.1937560740829079,0.07415443893409406,0.02707176427950312,-67323.28740752843,long,80,False,2050.5,0.8625,NEUTRAL,50,0,9,28
0.4606741573033708,0.4044943820224719,0.5842696629213483,0.20224719101123595,0.48314606741573035,0.4044943820224719,True,4148.224719101124,0.40020612642660347,-0.4860751914023215,14329.932584269663,0.0021059932481913173,0.007647669517560027,0.0017033188557726805,0.02461175246073537,0.0007271423121658964,0.004515340616770357,0.4063990665889143,0.2424409998358269,-0.1577651265907765,1331904.8868394843,long,89,True,13077.0,0.2808988764044944,NEUTRAL,50,89,4,0
0.5484848484848485,0.5666666666666667,0.5666666666666667,0.6121212121212121,0.5151515151515151,0.5121212121212121,False,2688.8121212121214,0.14464572313889149,0.2056428980094448,4015.690909090909,0.0007243990652469444,0.007775425707637579,0.0005669191139691046,0.011177753082825984,0.0006885531980801325,0.002623701987071869,0.5885549406659121,0.19004086935523742,0.04539514621634594,120009.1911533545,short,330,False,2667.0,0.6727272727272727,NEUTRAL,0,0,21,1
0.41935483870967744,0.6129032258064516,0.43548387096774194,0.4032258064516129,0.45161290322580644,0.532258064516129,False,2579.467741935484,0.17958828656566472,-0.46913644288549544,3756.532258064516,0.0016469848111872393,-0.005277150097182437,0.0039011323969823258,-4.525808644914138e-05,0.0010518276632204425,-0.004948422977223949,0.5034860479501814,0.13657879325157982,-0.043009493314084934,291923.0081585888,short,62,True,3535.0,0.27419354838709675,NEUTRAL,0,62,1,0
0.4666666666666667,0.4,0.5333333333333333,0.4,0.5333333333333333,0.3333333333333333,True,2636.733333333333,0.17654786709015982,-0.01992368817936122,4421.6,-0.005014073457862852,0.016896451240940493,0.0005165854567307522,0.026812729403652345,-0.0043980858460167605,0.018531879872669067,0.5204482470953105,0.21656810760496117,0.040020240514801415,84122.81104872539,short,15,False,4361.0,0.5333333333333333,NEUTRAL,0,0,7,0
0.5,0.5,0.75,0.5,0.5,0.5,True,1566.25,0.17958828656566475,-1.2010251642593335,4769.75,0.0025139737337723234,-0.0008922648660608379,-0.010985976398641212,0.011816941917891038,-0.0003813099556121968,-0.0027640554329649014,0.25613464415797704,0.0694806951482412,-0.11010759141742354,291923.0081585888,short,4,True,4719.5,0.0,NEUTRAL,0,4,1,0
0.5433884297520661,0.5351239669421488,0.518595041322314,0.5826446280991735,0.506198347107438,0.49173553719008267,False,2455.7644628099174,0.13828293705386774,0.09861805917058018,3835.5929752066118,0.0010147250866016282,0.005135875505119968,0.0012020150865227125,0.010031287474662212,0.0006774339751399034,0.003735789966004709,0.546346465407021,0.17179342677067877,0.03351048971681104,122414.89135888829,short,484,False,2521.0,0.6838842975206612,NEUTRAL,50,0,19,1
0.41025641025641024,0.5769230769230769,0.5,0.38461538461538464,0.46153846153846156,0.6282051282051282,False,2603.9615384615386,0.17958828656566475,-0.4953545194134989,3732.0384615384614,0.0021811101368820586,-0.006455234647422276,0.00225207029507553,0.002443808996642831,0.0010393020442342727,-0.005199512332894493,0.49462530471894256,0.13417517229175052,-0.04541311427391424,291923.0081585888,short,78,True,3552.5,0.32051282051282054,NEUTRAL,50,78,1,0
0.475,0.435,0.45,0.48,0.42,0.435,True,3401.02,0.11113855277631948,0.14758792644014584,4059.58,0.0005144226646696337,0.012156530531917493,0.002028483524122725,0.016806103283139574,0.00020433716144456547,0.005238777062377987,0.4629345739605059,0.1379644706502445,0.026825917873925,178757.9014852487,short,200,False,2556.5,0.695,NEUTRAL,50,0,15,0
0.5882352941176471,0.4117647058823529,0.47058823529411764,0.4117647058823529,0.5294117647058824,0.47058823529411764,True,2024.2941176470588,0.17958828656566475,-1.1955276173837583,4311.705882352941,0.000129374096644675,0.004277283235193751,0.002370254543640077,0.015522077500275696,-8.811019833349414e-05,0.010894553705719411,0.2579926123126637,0.0699846992800341,-0.10960358728563065,291923.0081585888,short,17,True,3840.0,0.0,NEUTRAL,50,17,1,0
