atr_at_entry,atr_bucket,atr_pct_at_entry,breakout_strength,breakout_strength_bucket,direction,entry_month,entry_notional,entry_quarter,entry_ref_close,entry_step,entry_time,entry_year,er100_at_entry,er100_bucket,er20_at_entry,er20_bucket,er50_at_entry,er50_bucket,exit_step,exit_time,is_oos,is_top20_winner,is_worst20_loser,mae,mfe,pnl,realized_vol_20d_at_entry,realized_vol_bucket,regime,side,trade_id,trade_return,win
0.24279513888888898,Q2,0.0014015767412624198,2.0181623167678855,Q4,1,2019-09,10000.0,2019Q3,173.23,1982,2019-09-30 10:00:00,2019,0.17527450183001084,Q3,0.7424999999999997,Q5,0.5409556313993178,Q5,2899,2019-10-03 14:25:00,False,False,False,-0.008864739647402198,0.07206430218462878,-52.4497206046708,nan,missing,NEUTRAL,long,0,-0.00524497206046708,False
0.29173611111111153,Q3,0.0016918122889765224,8.055224946441292,Q5,-1,2019-10,9947.55027939533,2019Q4,172.44,2899,2019-10-03 14:25:00,2019,0.27246653919693997,Q5,0.8042226487523931,Q5,0.4511627906976727,Q5,4027,2019-10-07 12:25:00,False,False,False,-0.03868490023232418,0.02563277966303512,-218.8229585764857,nan,missing,NEUTRAL,short,1,-0.021997673038128846,False
0.2702430555555552,Q3,0.001534425707219823,1.480149042785581,Q4,1,2019-10,9726.737810762965,2019Q4,176.12,4027,2019-10-07 12:25:00,2019,0.20327700972862137,Q4,0.35193133047209785,Q2,0.35294117647058315,Q4,5104,2019-10-11 06:10:00,False,False,False,-0.0016198884860872953,0.11560940666493758,528.8814636934749,nan,missing,NEUTRAL,long,2,0.05437398169695184,True
0.39267361111111126,Q4,0.0021144451624097314,3.3615704306304526,Q5,-1,2019-10,10255.61927445644,2019Q4,185.71,5104,2019-10-11 06:10:00,2019,0.158429067592839,Q3,0.3348264277715552,Q2,0.20427455815865125,Q2,6094,2019-10-14 16:40:00,False,False,False,-0.009192417218302218,0.04333061797752813,20.200317302334952,nan,missing,NEUTRAL,short,3,0.0019696828403768523,True
0.28331597222222193,Q3,0.0015295361022632508,3.0354801152030886,Q5,1,2019-10,10273.768467903883,2019Q4,185.23,6094,2019-10-14 16:40:00,2019,0.11346765641569481,Q2,0.3271245634458685,Q2,0.2624798711755259,Q3,6611,2019-10-16 11:45:00,False,False,False,-0.049297042539579006,0.01598589137603912,-474.10192523146,0.9541072443736248,Q4,NEUTRAL,long,4,-0.04614683761976866,False
0.3144965277777777,Q3,0.0017760138230052953,2.5437482749102416,Q5,-1,2019-10,9799.666542672423,2019Q4,177.08,6611,2019-10-16 11:45:00,2019,0.16934964584674636,Q3,0.7095709570956952,Q5,0.2844272844272804,Q3,7835,2019-10-20 17:45:00,False,False,False,-0.011338502861680366,0.048770279886148016,72.55769383132247,0.7537111997018238,Q3,NEUTRAL,short,5,0.0074040982430750735,True
0.27111111111111014,Q3,0.001544968720715239,3.024590163934412,Q5,1,2019-10,9870.26430319521,2019Q4,175.48,7835,2019-10-20 17:45:00,2019,0.18681318681318798,Q4,0.5164410058027125,Q4,0.3516068052930108,Q4,8379,2019-10-22 15:05:00,False,False,False,-0.024864580411173898,0.013357036887973406,-242.7653158399753,0.6183421229038473,Q2,NEUTRAL,long,6,-0.024595624634021918,False
0.2468055555555551,Q2,0.001440863772290006,1.3776027011817833,Q4,-1,2019-10,9627.498987355235,2019Q4,171.29,8379,2019-10-22 15:05:00,2019,0.14625000000000046,Q3,0.33514986376021627,Q2,0.17062146892655597,Q2,9191,2019-10-25 10:45:00,False,False,False,-0.012750700017440275,0.11643464546402504,405.93351207319574,0.5883898711133508,Q2,NEUTRAL,short,7,0.042163963102603196,True
0.3165104166666668,Q3,0.00192829545916088,2.843508310021319,Q5,1,2019-10,10031.50699963096,2019Q4,164.14,9191,2019-10-25 10:45:00,2019,0.21259842519685118,Q4,0.663043478260878,Q5,0.38651994497936615,Q5,10628,2019-10-30 10:30:00,False,False,False,-0.00019996000799826774,0.20049138602636063,1124.774948054297,0.6099770234053994,Q2,NEUTRAL,long,8,0.11212422501381651,True
0.43277777777777826,Q4,0.0023702162099664727,0.02310654685492119,Q1,-1,2019-10,11156.281947685256,2019Q4,182.59,10628,2019-10-30 10:30:00,2019,0.2433720583854639,Q5,0.43979721166033175,Q3,0.26731391585760705,Q3,11330,2019-11-01 21:00:00,False,False,False,-0.01449722005302534,0.026792744248832934,-103.48484822953833,0.7331641839612162,Q3,NEUTRAL,short,9,-0.009275926219398723,False
0.2976562500000003,Q3,0.0016158528310080901,0.2687664041995168,Q2,1,2019-11,11050.56584306618,2019Q4,184.21,11330,2019-11-01 21:00:00,2019,0.16013071895424813,Q3,0.6964656964656908,Q5,0.5163551401869142,Q5,11781,2019-11-03 10:35:00,False,False,False,-0.017622239625686542,0.006747241833322759,-189.85912797185483,0.718876287204222,Q3,NEUTRAL,long,10,-0.017180941742542928,False
0.16980902777777784,Q1,0.0009371876360603667,3.1800429403945945,Q5,-1,2019-11,10860.706715094326,2019Q4,181.19,11781,2019-11-03 10:35:00,2019,0.20474777448071207,Q4,0.5476190476190375,Q4,0.3439490445859898,Q4,12405,2019-11-05 14:35:00,False,False,False,-0.05269687968169268,0.011580087111905168,-456.48052923888827,0.7167369904042611,Q3,NEUTRAL,short,11,-0.04203046276946847,False
0.1820659722222223,Q1,0.0009659184690021873,0.3295508725088328,Q2,1,2019-11,10402.054044512419,2019Q4,188.49,12405,2019-11-05 14:35:00,2019,0.17719568567026178,Q3,0.22580645161290402,Q1,0.28937728937728485,Q3,12871,2019-11-07 05:25:00,False,False,False,-0.006609953376250921,0.02845959711782542,-44.11552014380868,0.7077046582878924,Q3,NEUTRAL,long,12,-0.004241039313488448,False
0.2394791666666676,Q2,0.0012749103847245933,0.2505437146585557,Q2,-1,2019-11,10357.93852436861,2019Q4,187.84,12871,2019-11-07 05:25:00,2019,0.05911574764033737,Q1,0.4293478260869514,Q3,0.39374999999999805,Q5,13737,2019-11-10 05:35:00,False,False,False,-0.010516863049343073,0.034791899625798095,47.644783237674346,0.7127115303035224,Q3,NEUTRAL,short,13,0.004599832594640605,True
0.17279513888888928,Q1,0.0009244336555151364,6.944639807093257,Q5,1,2019-11,10403.511719901411,2019Q4,186.92,13737,2019-11-10 05:35:00,2019,0.20065520065519912,Q4,0.6824644549762978,Q5,0.3124246079613955,Q4,14236,2019-11-11 23:10:00,False,False,False,-0.015960407362793694,0.022131792515067472,-147.18908353427105,0.7004938063953702,Q3,NEUTRAL,long,14,-0.014148019197470168,False
0.17637152777777831,Q1,0.0009572403135836001,3.4019096367752306,Q5,-1,2019-11,10256.32263636714,2019Q4,184.25,14236,2019-11-11 23:10:00,2019,0.29337539432176335,Q5,0.6942148760330561,Q5,0.5155875299760221,Q5,14247,2019-11-12 00:05:00,False,False,False,-0.0012292753178020366,0.0019706469821971773,4.788244033688898,0.7018709409577225,Q3,NEUTRAL,short,15,0.0004668577816293157,True
0.19793402777777752,Q1,0.001084688885235519,0.0,Q1,-1,2019-11,10259.059615873555,2019Q4,182.48,15687,2019-11-17 00:05:00,2019,0.022964509394572286,Q1,0.044247787610607894,Q1,0.020952380952378478,Q1,30375,2020-01-07 00:05:00,False,False,False,-0.019513793592006,0.565886605378469,2119.0179211623936,0.49603559267109304,Q1,NEUTRAL,short,16,0.2065508926260353,True
0.19347222222222266,Q2,0.0013504028911999904,0.0,Q1,-1,2020-01,12376.025725112773,2020Q1,143.27,30663,2020-01-08 00:05:00,2020,0.14708442123585874,Q3,0.41618497109825403,Q3,0.02742230347349029,Q1,31527,2020-01-11 00:05:00,False,False,False,-0.028956226330542734,0.05923202301054653,-11.845984554431197,0.5578930721712766,Q2,NEUTRAL,short,17,-0.0009571719401321181,False
0.7055902777777784,Q5,0.0035223156837948205,0.0,Q1,-1,2020-03,12361.704535413319,2020Q1,200.32,48807,2020-03-11 00:05:00,2020,0.019645424053665327,Q1,0.2912751677852375,Q2,0.10077519379844964,Q1,55344,2020-04-02 16:50:00,False,False,False,-0.24359680709205955,2.122065320701972,3600.431091184704,1.0303001262174467,Q5,NEUTRAL,short,18,0.29125684737653557,True
0.25859375000000007,Q2,0.001519262969273251,0.0,Q1,1,2020-04,15959.66328569094,2020Q2,170.21,57447,2020-04-10 00:05:00,2020,0.03750884642604375,Q1,0.036144578313253836,Q1,0.2187500000000026,Q2,57493,2020-04-10 03:55:00,False,False,False,-0.03636294017792174,0.0038181488997708346,-533.9592270444609,1.0415058964135526,Q5,BEAR,long,19,-0.033456797771115654,False
0.23833333333333323,Q2,0.0014573396926338097,7.258741258741338,Q5,-1,2020-04,15425.70405864648,2020Q2,163.54,57493,2020-04-10 03:55:00,2020,0.2754081095313331,Q5,0.593896713615025,Q4,0.5287539936102248,Q5,58193,2020-04-12 14:15:00,False,False,False,-0.00527223425989054,0.07472261920399315,308.74608281948167,1.0305297909616022,Q5,BEAR,short,20,0.020015039938901334,True
0.2142187499999998,Q2,0.001336695058030699,0.6535375638219647,Q3,1,2020-04,15731.365000654232,2020Q2,160.26,58193,2020-04-12 14:15:00,2020,0.24647302904564108,Q5,0.08609271523178397,Q1,0.3281653746769976,Q4,59163,2020-04-15 23:05:00,False,False,False,-0.06810878827166023,0.028173333710978632,-690.0384291273622,0.9234024604393061,Q4,BEAR,long,21,-0.043863862360237975,False
0.17748263888888907,Q2,0.0011575961315476722,11.550425511102468,Q5,-1,2020-04,15041.32657152687,2020Q2,153.32,59163,2020-04-15 23:05:00,2020,0.3753637245392805,Q5,1.0,Q5,0.7142857142857052,Q5,59905,2020-04-18 12:55:00,False,False,False,-0.17244150172753892,0.03160478848611192,-2558.0434859063516,0.8899760059588907,Q4,BEAR,short,22,-0.17006767812280008,False
0.305381944444444,Q3,0.0017492378533878106,0.7204093234792469,Q3,1,2020-04,12480.274820306213,2020Q2,174.58,60992,2020-04-22 07:30:00,2020,0.13106796116505037,Q2,0.47520000000000195,Q3,0.3276283618581913,Q4,95701,2020-08-21 21:15:00,False,False,False,-0.0036841808969101386,1.5474795351715764,15339.936809933251,0.9609194803263307,Q4,BEAR,long,23,1.2291345367630995,True
0.8547743055555546,Q4,0.0023140784708309994,0.0,Q1,1,2020-09,27820.211630239464,2020Q3,369.38,101495,2020-09-11 00:05:00,2020,0.0006176652254481207,Q1,0.19237435008665033,Q1,0.19885139985642522,Q2,105239,2020-09-24 00:05:00,False,False,False,-0.1535357417474984,0.06382265472287552,-3981.593289927441,1.1217200241529268,Q5,BULL,long,24,-0.14311872759442304,False
0.30069444444444365,Q1,0.0008251994962662083,0.0,Q1,1,2020-10,23838.618340312023,2020Q4,364.39,109847,2020-10-10 00:05:00,2020,0.040741967538919045,Q1,0.010570824524315259,Q1,0.12348993288590503,Q1,136783,2021-01-11 16:15:00,False,False,False,-0.9260948335985763,2.6903860535454647,37135.162257610704,0.6364014580410021,Q2,BULL,long,25,1.5577732621698848,True
7.7455729166666645,Q5,0.0049127709382518715,0.672642302390454,Q3,1,2021-03,60973.78059792273,2021Q1,1576.62,150989,2021-03-02 00:05:00,2021,0.06261840410214951,Q1,0.6986761141152348,Q5,0.29856197215247543,Q4,172818,2021-05-16 19:10:00,False,False,False,-0.08550466334787987,1.7743940625937813,71695.46912793307,1.3869752187539166,Q5,BULL,long,26,1.1758409668036167,True
22.971545138888878,Q5,0.00799716798106462,0.0,Q1,1,2021-05,132669.2497258558,2021Q2,2872.46,175757,2021-05-27 00:05:00,2021,0.11938759394654465,Q2,0.255391467416783,Q1,0.29804462055301817,Q4,176621,2021-05-30 00:05:00,False,False,False,-0.2316375084086868,-6.0657282344833696e-05,-28440.157623351377,2.6957387576550027,Q5,BULL,long,27,-0.21436887358690399,False
12.138697916666672,Q5,0.004272203735118421,0.0,Q1,1,2021-06,104229.09210250442,2021Q2,2841.32,178061,2021-06-04 00:05:00,2021,0.07885473745327867,Q1,0.0860767139836934,Q1,0.18294158630046747,Q2,178925,2021-06-07 00:05:00,False,False,False,-0.10473120673744107,-0.00019996000799848979,-5171.469001386868,2.6612584316848573,Q5,BULL,long,28,-0.049616368108636795,False
8.654652777777777,Q5,0.0048083007087890576,0.0,Q1,-1,2021-06,99057.62310111756,2021Q2,1799.94,184304,2021-06-26 00:05:00,2021,0.05698794205713372,Q1,0.41831208864450675,Q3,0.17447033099600442,Q2,184880,2021-06-28 00:05:00,False,False,False,-0.1044087890231975,0.05026720372526183,-9946.49670065318,1.159141521088045,Q5,NEUTRAL,short,29,-0.10041121913958953,False
5.449843749999998,Q5,0.0028051635791825147,0.0,Q1,-1,2021-07,89091.31487584415,2021Q3,1942.79,189488,2021-07-14 00:05:00,2021,0.14189775302907365,Q3,0.05895756194816355,Q1,0.08237511781338257,Q1,192080,2021-07-23 00:05:00,False,False,False,-0.053434210198107124,0.13006833255759842,-3721.374003860561,0.95221523606828,Q4,NEUTRAL,short,30,-0.041770334280581585,False
5.894791666666667,Q5,0.002700997350072931,0.0,Q1,1,2021-07,85352.12260900842,2021Q3,2182.45,192656,2021-07-25 00:05:00,2021,0.06323959791322054,Q1,0.30384271671134666,Q2,0.1670820353063344,Q1,209936,2021-09-23 00:05:00,False,False,False,-0.03486822131207268,0.8453199039190029,34274.42691055476,0.8605477220933164,Q4,BULL,long,31,0.4015650210313257,True
10.020312499999992,Q5,0.0030251278544602615,0.0,Q1,1,2021-10,119626.54951956318,2021Q4,3312.36,212528,2021-10-02 00:05:00,2021,0.14308925476603063,Q3,0.013629985969128844,Q1,0.0487869901359647,Q1,231248,2021-12-06 00:05:00,False,False,False,-0.014323754302522973,0.4723510932724484,31590.289119135792,1.049659390043115,Q5,BULL,long,32,0.2640742313976853,True
17.10515624999998,Q5,0.003921680873698034,0.0,Q1,1,2021-12,151216.83863869897,2021Q4,4361.69,231536,2021-12-07 00:05:00,2021,0.2800610615312369,Q5,0.06510997420088112,Q1,0.294446553687918,Q3,232976,2021-12-12 00:05:00,False,False,False,-0.11950380717093245,0.030347023570577836,-9642.895940220042,0.9218680356364732,Q4,BULL,long,33,-0.06376866509727615,False
10.405399305555575,Q5,0.0030546974792903785,0.0,Q1,-1,2022-01,141573.94269847893,2022Q1,3406.36,240464,2022-01-07 00:05:00,2022,0.03037128805796489,Q1,0.2464159567837093,Q1,0.19062365591397723,Q2,246224,2022-01-27 00:05:00,False,False,False,-0.0013184642410892788,0.5770758904845239,39124.28035168935,0.6339010080072524,Q2,NEUTRAL,short,34,0.2763522693933542,True
10.960625000000007,Q5,0.004448305600649354,0.0,Q1,1,2022-01,180669.9082616286,2022Q1,2464.0,246224,2022-01-27 00:05:00,2022,0.1136477651219214,Q2,0.33982118838515474,Q2,0.2403051619934616,Q3,246475,2022-01-27 21:00:00,False,False,False,-0.05392866011671105,0.022378669271359453,-9399.757836988516,1.0591610455019629,Q5,BEAR,long,35,-0.052027246415472246,False
11.421805555555546,Q5,0.004885518803517508,1.4025803470457332,Q4,-1,2022-01,171270.15042464007,2022Q1,2337.89,246475,2022-01-27 21:00:00,2022,0.13506900264265448,Q2,0.5659554402923482,Q4,0.3498279278339768,Q4,246962,2022-01-29 13:35:00,False,False,False,-0.11367219152483332,0.009583632241487283,-18589.395825067797,1.0564363333650584,Q5,BEAR,short,36,-0.10853844513464853,False
8.389756944444441,Q5,0.0030502772031326935,2.909500258665271,Q5,1,2022-02,152646.50056948734,2022Q1,2750.49,248591,2022-02-04 05:20:00,2022,0.3143822801617483,Q5,0.5044338335607093,Q4,0.29646326160710484,Q3,249284,2022-02-06 15:05:00,False,False,False,-0.0028046276508812973,0.11156098843453455,11417.843141022488,1.1131905565506914,Q5,BEAR,long,37,0.0747992459599484,True
7.261510416666665,Q4,0.0024519538671583054,0.13633527230477865,Q2,-1,2022-02,164064.34371050983,2022Q1,2961.52,249284,2022-02-06 15:05:00,2022,0.13651786504587932,Q2,0.5277069088682534,Q4,0.2453416149068323,Q3,249750,2022-02-08 05:55:00,False,False,False,-0.07951181545679731,-0.000200000000000089,-13035.561191439367,1.1324992742451172,Q5,BEAR,short,38,-0.07945395627486558,False
6.893385416666664,Q4,0.0021575000991107154,1.1039568426858666,Q3,1,2022-02,150995.96965032836,2022Q1,3195.08,249750,2022-02-08 05:55:00,2022,0.13303004329575085,Q2,0.4019960732984305,Q3,0.20608431116905693,Q2,250537,2022-02-10 23:30:00,False,False,False,-0.05301045495625123,0.027177115752824887,-5640.711929682555,1.1307663797670309,Q5,BEAR,long,39,-0.03735670523355779,False
6.687013888888893,Q4,0.0022598363299580248,0.06131286801745142,Q2,1,2022-02,145355.2577206458,2022Q1,2959.07,251580,2022-02-14 14:25:00,2022,0.26181112162094794,Q5,0.5158490910751773,Q4,0.42027645897231014,Q5,252179,2022-02-16 16:20:00,False,False,False,-0.034055057712029324,0.08014929164013918,4424.30129698629,0.949586835875766,Q4,BEAR,long,40,0.03043784838859583,True
6.838715277777769,Q4,0.002243511058184045,0.6463202254322168,Q3,-1,2022-02,149779.5590176321,2022Q1,3048.22,252179,2022-02-16 16:20:00,2022,0.22193108869383035,Q4,0.20318148951554774,Q1,0.29635656172621194,Q3,254066,2022-02-23 06:05:00,False,False,False,-0.04475201525434458,0.22014792159999996,18872.726227091713,0.8532279203939618,Q4,BEAR,short,41,0.126003350195937,True
10.841145833333318,Q5,0.004066324278841339,0.008301705500854175,Q1,1,2022-02,168622.3293329203,2022Q1,2666.08,254066,2022-02-23 06:05:00,2022,0.09244573082489134,Q1,0.21505712944122538,Q1,0.17841771656624086,Q2,255380,2022-02-27 19:35:00,False,False,False,-0.13696222893572774,0.07852433445060614,-1059.6266151731543,0.849926491531025,Q4,BEAR,long,42,-0.006284023114643824,False
8.482847222222235,Q5,0.003203891429907139,3.7452047841641143,Q5,-1,2022-02,167562.70271774713,2022Q1,2647.67,255380,2022-02-27 19:35:00,2022,0.21126570855164736,Q4,0.6299424589558135,Q5,0.4985457388584813,Q5,255884,2022-03-01 13:35:00,False,False,False,-0.13415745751711783,0.035839565859721256,-21851.909666429943,0.9590062937160194,Q4,BEAR,short,43,-0.13041034378180588,False
7.918298611111104,Q5,0.0030075122723413135,1.0204212289571803,Q3,1,2022-03,145677.28051077365,2022Q1,2632.84,258056,2022-03-09 02:35:00,2022,0.032546674578902264,Q1,0.39505274645325444,Q3,0.30841668699682895,Q4,258628,2022-03-11 02:15:00,False,False,False,-0.038147288154742554,0.05544092714850901,-5494.143050322455,1.0207722274559115,Q5,BEAR,long,44,-0.03771448115353947,False
7.097708333333336,Q5,0.0027983284773886465,2.328920719715898,Q4,-1,2022-03,140183.1374604512,2022Q1,2536.41,258628,2022-03-11 02:15:00,2022,0.11885512498838419,Q2,0.4456144940807114,Q3,0.20305017313784673,Q2,259955,2022-03-15 16:50:00,False,False,False,-0.056128190483865525,0.016404389954359777,-3983.593514871318,1.0143210541101444,Q5,BEAR,short,45,-0.02841706632507907,False
5.325815972222221,Q3,0.0018458831751335147,1.5734678110748757,Q4,-1,2022-03,136171.5073180878,2022Q1,2885.24,261337,2022-03-20 12:00:00,2022,0.18094454623639933,Q3,0.2987236131566029,Q2,0.20118929633300303,Q2,261799,2022-03-22 02:30:00,False,False,False,-0.027379690227719022,0.023982730566032506,-3684.5744068966887,0.7970746559567659,Q3,BEAR,short,46,-0.02705833606063978,False
5.766666666666662,Q4,0.0019461008800200669,0.5843930635837966,Q2,1,2022-03,132459.6986097275,2022Q1,2963.19,261799,2022-03-22 02:30:00,2022,0.12225535375440627,Q2,0.4706239562775171,Q3,0.2152553329023922,Q2,266378,2022-04-07 00:05:00,False,False,False,-0.014730642760186985,0.207804385105405,9453.885492086352,0.7561155090625362,Q3,BEAR,long,47,0.07137178773100487,True
8.15246527777779,Q4,0.0025708878321127533,0.0,Q1,-1,2022-04,141913.58410181385,2022Q2,3171.07,266378,2022-04-07 00:05:00,2022,0.09200690718184644,Q1,0.3326619671030528,Q2,0.18074088503619848,Q2,266666,2022-04-08 00:05:00,False,False,False,-0.028624024553457472,0.010456197479659757,-2313.084327748016,0.6137901924894972,Q2,BEAR,short,48,-0.016299245363914756,False
8.163593749999997,Q4,0.002497504741946339,0.10657071219398824,Q2,1,2022-04,139572.11705724546,2022Q2,3268.7,266698,2022-04-08 02:45:00,2022,0.08527914325842688,Q1,0.37899199246349813,Q3,0.17639523463854176,Q2,267818,2022-04-12 00:05:00,False,False,False,-0.09848077763325536,0.012537825615374976,-12330.77108191885,0.6186633991351538,Q2,NEUTRAL,long,49,-0.08834695168277334,False
6.101684027777771,Q4,0.002040621926209327,0.0,Q1,-1,2022-04,127241.3459753266,2022Q2,2990.11,267818,2022-04-12 00:05:00,2022,0.0514340738702798,Q1,0.03575969485060416,Q1,0.042996123931514064,Q1,268277,2022-04-13 14:20:00,False,False,False,-0.038370267944089376,0.011271781768892097,-4802.0890557596285,0.6210580625095901,Q2,BEAR,short,50,-0.03774000517638978,False
3.290451388888886,Q1,0.0010924038182040842,0.7506568880916731,Q3,-1,2022-04,122413.80865037191,2022Q2,3012.12,269538,2022-04-17 23:25:00,2022,0.1414020712416099,Q2,0.32668209753372657,Q2,0.08261521168977387,Q1,270002,2022-04-19 14:05:00,False,False,False,-0.03675333681493398,0.04514817672466154,-4284.297832795855,0.6074402886651474,Q2,BEAR,short,51,-0.034998484893418426,False
5.749704861111101,Q3,0.00184574697558388,3.6784496788784673,Q5,1,2022-04,118105.02805584598,2022Q2,3115.11,270002,2022-04-19 14:05:00,2022,0.22864267462980603,Q5,0.5853053435114558,Q4,0.4047179487179491,Q5,270647,2022-04-21 19:50:00,False,False,False,-0.031040010000181306,0.019931382941349884,-3549.5178020271414,0.6115864610213076,Q2,BEAR,long,52,-0.03005390930815199,False
4.895659722222219,Q3,0.0016451243412735205,1.7341891556438667,Q4,1,2022-04,114555.51025381884,2022Q2,2975.86,271787,2022-04-25 18:50:00,2022,0.30012190166599007,Q5,0.6019994596055188,Q5,0.3280910420041903,Q4,272853,2022-04-29 11:40:00,False,False,False,-0.06885483233433864,0.0223181650280575,-5215.688354639584,0.6062032310040562,Q2,BEAR,long,53,-0.0455297902569965,False
6.892968749999999,Q4,0.0024258289664929314,1.3129321092599155,Q4,-1,2022-04,109339.82189917925,2022Q2,2841.49,272853,2022-04-29 11:40:00,2022,0.2352345595680051,Q5,0.4436611303620442,Q3,0.4659090909090859,Q5,273570,2022-05-01 23:25:00,False,False,False,-0.01731531026763533,0.044582547291376784,59.94627962015511,0.5882312647339903,Q2,BEAR,short,54,0.0005482566056805063,True
5.064687499999993,Q3,0.001787191941790052,1.070154871351901,Q3,1,2022-05,109377.90021441957,2022Q2,2833.88,273570,2022-05-01 23:25:00,2022,0.14630055289805563,Q3,0.2744186046511598,Q2,0.277065243368118,Q3,274101,2022-05-03 19:40:00,False,False,False,-0.026514663488358292,0.01669547611829536,-2866.07785322587,0.5928582623917308,Q2,BEAR,long,55,-0.02620344555533923,False
5.748697916666674,Q4,0.0020788996031717356,0.8071392978482215,Q3,-1,2022-05,106511.8223611937,2022Q2,2765.26,274101,2022-05-03 19:40:00,2022,0.18060081605827413,Q3,0.44322780290407515,Q3,0.35704742818971413,Q4,277466,2022-05-15 12:05:00,False,False,False,-0.07398887912854324,0.5858261254434611,25933.17423582128,0.582629074841763,Q2,BEAR,short,56,0.24347695552404444,True
7.445937499999993,Q5,0.0035624790679871744,0.6849372560540448,Q3,1,2022-05,132423.69423254274,2022Q2,2090.1,277466,2022-05-15 12:05:00,2022,0.23295388546869458,Q5,0.6590517241379314,Q5,0.29740426027237804,Q4,278340,2022-05-18 12:55:00,False,False,False,-0.05264800035503703,0.03585956303326454,-5619.723724207841,1.1690150651643834,Q5,BEAR,long,57,-0.042437448651291364,False
5.96418402777778,Q5,0.0029790682596053902,0.8785778533316657,Q3,-1,2022-05,126803.9705083349,2022Q2,2002.03,278340,2022-05-18 12:55:00,2022,0.11724007799232689,Q2,0.351657235246566,Q2,0.15748329340562417,Q1,278781,2022-05-20 01:40:00,False,False,False,-0.02522514600853132,0.051851795302894965,-3047.8929082214745,1.1900149892412724,Q5,BEAR,short,58,-0.024036257666088894,False
3.8713368055555595,Q3,0.001944779695651909,0.06199408939448768,Q2,-1,2022-05,123730.71680601175,2022Q2,1990.63,279862,2022-05-23 19:45:00,2022,0.21317249698431814,Q4,0.5830138602182214,Q4,0.4261992619926204,Q5,281661,2022-05-30 01:40:00,False,False,False,-0.01610687459083371,0.1670756860467164,9503.979987315004,1.2078795933146163,Q5,BEAR,short,59,0.07681180738826231,True
3.5331423611111124,Q3,0.0019275085030147749,1.8510434427961306,Q4,1,2022-05,133209.95064996555,2022Q2,1833.01,281661,2022-05-30 01:40:00,2022,0.13382390690510812,Q2,0.3851071831515623,Q3,0.26878918654832623,Q3,282267,2022-06-01 04:10:00,False,False,False,-0.00077176287738423,0.09761100510666476,5789.827658736322,1.192897072105399,Q5,BEAR,long,60,0.04346392766070602,True
5.299027777777776,Q5,0.0027608593463262247,1.2945770974759765,Q4,-1,2022-06,138999.77830870188,2022Q2,1919.34,282267,2022-06-01 04:10:00,2022,0.05216663878199824,Q1,0.2334092102959214,Q1,0.12537295969110163,Q1,283346,2022-06-04 22:05:00,False,False,False,-0.028506505573879126,0.10372107972408062,8742.063103900015,1.0429749199231126,Q5,BEAR,short,61,0.06289264062338962,True
3.462430555555557,Q3,0.00192861908413435,0.2252752762790991,Q2,1,2022-06,147714.04145694018,2022Q2,1795.29,283346,2022-06-04 22:05:00,2022,0.1652679147837325,Q3,0.45188571428571855,Q3,0.2020761245674764,Q2,283952,2022-06-07 00:35:00,False,False,False,-0.024750162553515698,0.06851833936203922,-1365.6554053572763,0.8021551023163044,Q4,BEAR,long,62,-0.009245264647067259,False
3.7886979166666532,Q4,0.0021229123124536487,4.632198287120414,Q5,-1,2022-06,146348.3860515829,2022Q2,1784.67,283952,2022-06-07 00:35:00,2022,0.22801311208802424,Q5,0.5999670347783089,Q4,0.37369581190301215,Q5,286538,2022-06-16 00:05:00,False,False,False,-0.0525695925245091,0.7553919547256127,43704.53024715526,0.7812428424368787,Q3,BEAR,short,63,0.29863349659183036,True
4.550746527777776,Q5,0.003985694603797416,2.553427207837519,Q5,1,2022-06,190023.64662152785,2022Q2,1141.77,288796,2022-06-23 20:15:00,2022,0.12237041110958305,Q2,0.6122202056866316,Q5,0.3888224745965338,Q5,289870,2022-06-27 13:45:00,False,False,False,-0.01733488402643646,0.12196959539135732,8474.028016407072,1.5091191083310345,Q5,BEAR,long,64,0.044594597393896374,True
3.3917534722222173,Q5,0.0028448579750907682,0.7193919074552931,Q3,-1,2022-06,198497.67463793492,2022Q2,1192.24,289870,2022-06-27 13:45:00,2022,0.12248305667419737,Q2,0.508396383096513,Q4,0.33502538071065835,Q4,291864,2022-07-04 11:55:00,False,False,False,-0.037009145113605424,0.19490686446365424,16756.747354300227,1.5302967027046175,Q5,BEAR,short,65,0.08441785217315509,True
2.2856770833333364,Q4,0.002090545560697804,2.6162925828870955,Q5,1,2022-07,215214.72245730757,2022Q3,1093.34,291864,2022-07-04 11:55:00,2022,0.327773406766326,Q5,0.5102472005070734,Q4,0.5226377952755924,Q5,293479,2022-07-10 02:30:00,False,False,False,-0.013201141857545062,0.16816534494363045,18880.601961238688,1.393039334636112,Q5,BEAR,long,66,0.08772913741988102,True
3.2047395833333336,Q5,0.002695912969474682,5.03317027189543,Q5,-1,2022-07,234095.32441854625,2022Q3,1188.74,293479,2022-07-10 02:30:00,2022,0.21644069866862162,Q4,0.4346493600144238,Q3,0.3541872896456153,Q4,294463,2022-07-13 12:30:00,False,False,False,-0.005038061972473251,0.15034529845040012,17465.501745553338,1.0145311800047927,Q5,BEAR,short,67,0.07460850313407469,True
2.855833333333334,Q5,0.0025966134160127783,2.2900496060694353,Q4,1,2022-07,251514.00709921587,2022Q3,1099.83,294463,2022-07-13 12:30:00,2022,0.24233641734477762,Q5,0.48063127690100355,Q3,0.3468124613162752,Q4,296666,2022-07-21 04:05:00,False,False,False,-0.08441298071903147,0.48242920781346066,87236.47471089859,0.9277486660677129,Q4,BEAR,long,68,0.34684539329249375,True
8.002777777777784,Q5,0.005397654034544989,0.09996528982991441,Q2,-1,2022-07,338750.48181011446,2022Q3,1482.64,296666,2022-07-21 04:05:00,2022,0.14879202352038876,Q3,0.4524267179240744,Q3,0.17438504878384015,Q2,297550,2022-07-24 05:45:00,False,False,False,-0.1103496514144382,0.012160155454924215,-28571.30892885907,1.0638380006498782,Q5,BEAR,short,69,-0.08434322742860224,False
5.936631944444438,Q5,0.0036934053008936636,0.6889428278988026,Q3,1,2022-07,310111.42278489337,2022Q3,1607.36,297550,2022-07-24 05:45:00,2022,0.26084274168671756,Q5,0.6990722065348921,Q5,0.30983058935814806,Q4,297999,2022-07-25 19:10:00,False,False,False,-0.08232799212490938,0.035776561448988886,-24760.34055638779,1.0769200938177073,Q5,BEAR,long,70,-0.07984336834171576,False
5.07102430555555,Q5,0.003035941583732287,0.5679325963484204,Q2,-1,2022-07,285351.0822285056,2022Q3,1670.33,299769,2022-07-31 22:40:00,2022,0.10217280308617498,Q2,0.8330039525691784,Q5,0.28985967363007525,Q3,300509,2022-08-03 12:20:00,False,False,False,-0.02053042855359921,0.07080043847278139,-1848.3966282086913,1.1518308818703975,Q5,BEAR,short,71,-0.0064776226316482595,False
5.484878472222223,Q5,0.0032648474816499144,0.5141408354408626,Q2,1,2022-08,283445.61538385117,2022Q3,1679.98,300509,2022-08-03 12:20:00,2022,0.23388638275097576,Q5,0.34957983193277103,Q2,0.3163626078348187,Q4,302229,2022-08-09 11:40:00,False,False,False,-0.05940079883766847,0.08101457363817,4914.057706488122,1.1419102307605566,Q5,BEAR,long,72,0.017336862663524875,True
3.447760416666672,Q4,0.00202252646635537,1.3283985679109094,Q4,-1,2022-08,288359.6730903393,2022Q3,1704.68,302229,2022-08-09 11:40:00,2022,0.2660509459258152,Q5,0.3563614013521814,Q2,0.4250974460410733,Q5,302683,2022-08-11 01:30:00,False,False,False,-0.10725662720483786,0.032648778485901975,-30464.735373436066,0.974623212741187,Q5,BEAR,short,73,-0.10564839059132886,False
4.6337326388888895,Q4,0.0024541645555020046,0.6582166554890629,Q3,1,2022-08,257837.26578228513,2022Q3,1888.11,302683,2022-08-11 01:30:00,2022,0.1757028404952657,Q3,0.5137922144882678,Q4,0.27416445623342023,Q3,303731,2022-08-14 16:50:00,False,False,False,-0.019942766581633076,0.07322636559156215,8961.978736356134,0.9489458302794118,Q4,BEAR,long,74,0.0347582755703108,True
4.030572916666666,Q4,0.002061115358325705,2.1436158527918376,Q4,-1,2022-08,266799.24451864127,2022Q3,1955.53,303731,2022-08-14 16:50:00,2022,0.2428921674050498,Q5,0.5248662571824846,Q4,0.2484561373826265,Q3,304463,2022-08-17 05:50:00,False,False,False,-0.02759018997330065,0.05643600701281182,5268.834124774468,0.8926816554021573,Q4,BEAR,short,75,0.01974830976107331,True
5.1463194444444404,Q5,0.0026795094523874795,0.1535077657980958,Q2,1,2022-08,272014.718794512,2022Q3,1920.62,304463,2022-08-17 05:50:00,2022,0.17886109451037285,Q3,0.6386310904872381,Q5,0.31803217006866674,Q4,304974,2022-08-19 00:25:00,False,False,False,-0.05589113145791769,0.019188548095696367,-13965.221276690223,0.8485796418645912,Q4,BEAR,long,76,-0.051339947112347135,False
4.378125000000001,Q4,0.0024078916974656817,0.8154175588864949,Q3,-1,2022-08,258049.49751782176,2022Q3,1818.24,304974,2022-08-19 00:25:00,2022,0.20954720954721048,Q4,0.6692955487234384,Q5,0.4501360653113518,Q5,305802,2022-08-21 21:25:00,False,False,False,-0.007231294302191937,0.19544983858267706,25299.36208357266,0.7948122698783748,Q3,BEAR,short,77,0.09804073376203883,True
4.891718749999998,Q5,0.002978324170137112,0.18194014118250368,Q2,1,2022-08,283297.24970189086,2022Q3,1642.44,305802,2022-08-21 21:25:00,2022,0.05230098705294246,Q1,0.17073660938599147,Q1,0.06777739997733216,Q1,307070,2022-08-26 07:05:00,False,False,False,-0.06891749982484696,0.047924225687329125,1666.9889065336902,0.8041685415426956,Q4,BEAR,long,78,0.005884239639770015,True
3.7808854166666723,Q4,0.0022863879398099187,0.08992602592534292,Q2,-1,2022-08,284964.23860842455,2022Q3,1653.65,307070,2022-08-26 07:05:00,2022,0.19524290165445127,Q4,0.23464957618358132,Q1,0.24497791114444933,Q3,308019,2022-08-29 14:10:00,False,False,False,-0.03141112408441016,0.16240498963129602,24661.925174954784,0.7799191417753358,Q3,BEAR,short,79,0.08654393019765284,True
3.558749999999998,Q4,0.002356553984703505,1.7674745345978768,Q4,1,2022-08,309569.1709356577,2022Q3,1510.15,308019,2022-08-29 14:10:00,2022,0.26514383089219834,Q5,0.32947530864197494,Q2,0.40906053721769214,Q5,308891,2022-09-01 14:50:00,False,False,False,-0.023901160158785295,0.07178415989130449,1812.9776975369896,0.8253354618315208,Q4,BEAR,long,80,0.005856454284699452,True
6.123003472222223,Q5,0.004020779249443292,1.0223740731814492,Q3,-1,2022-09,311382.1486331947,2022Q3,1522.84,308891,2022-09-01 14:50:00,2022,0.06251279801082378,Q1,0.439537008833384,Q3,0.17719475277497493,Q2,309722,2022-09-04 12:05:00,False,False,False,-0.08438177245573897,0.004504599136877063,-11117.859226388566,0.8571698569937494,Q4,BEAR,short,81,-0.035704870286206745,False
3.2489062500000054,Q4,0.0020633216372412076,0.6248256624825568,Q3,1,2022-09,300202.0129770795,2022Q3,1574.6,309722,2022-09-04 12:05:00,2022,0.1924978419524435,Q4,0.666666666666664,Q5,0.36589886153031137,Q5,310395,2022-09-06 20:10:00,False,False,False,-0.018647486605558483,0.07147477917942213,-2851.12702726468,0.8637416742130163,Q4,BEAR,long,82,-0.009497361456674723,False
4.131874999999997,Q4,0.002417375558727854,0.9632430797156305,Q3,-1,2022-09,297350.8859498148,2022Q3,1709.24,312072,2022-09-12 15:55:00,2022,0.14441314553990714,Q3,0.6642381026197592,Q5,0.3189087488240856,Q4,312729,2022-09-14 22:40:00,False,False,False,-0.030760666493979016,0.09904234448836635,13154.853549927822,0.8219490919142055,Q4,BEAR,short,83,0.044240169347092594,True
5.541718749999998,Q5,0.0033971389207314443,0.06496179547182905,Q2,1,2022-09,310446.26932255266,2022Q3,1631.29,312729,2022-09-14 22:40:00,2022,0.10419354838709624,Q2,0.4120516499282641,Q3,0.3019443385436511,Q4,313231,2022-09-16 16:30:00,False,False,True,-0.13384372933842348,0.013915224617911504,-39797.68306126399,0.8593856066605139,Q4,BEAR,long,84,-0.12819507590833482,False
6.295329861111113,Q5,0.004426255114086013,0.3462884468480097,Q2,-1,2022-09,270648.58626128867,2022Q3,1422.27,313231,2022-09-16 16:30:00,2022,0.13523755656108608,Q2,0.3284159613059258,Q2,0.20583366885876656,Q2,315107,2022-09-23 04:50:00,False,False,False,-0.03716458089231778,0.1659895821895918,12645.135390775773,0.8645538830247667,Q4,BEAR,short,85,0.046721601488684476,True
5.046788194444443,Q5,0.0037245944209510352,1.071968902113916,Q3,1,2022-09,283239.59193481214,2022Q3,1354.99,315107,2022-09-23 04:50:00,2022,0.09850014899182209,Q2,0.43716814159292294,Q3,0.19660456082296218,Q2,315789,2022-09-25 13:40:00,False,False,False,-0.06939267197694865,0.0008247349593661912,-11165.324850039906,0.8832175562357384,Q4,BEAR,long,86,-0.039420071091648856,False
3.217482638888893,Q4,0.002466997369203497,0.6806563533646095,Q3,-1,2022-09,272074.26708477223,2022Q3,1304.21,315789,2022-09-25 13:40:00,2022,0.17005573128483067,Q3,0.6263362487852334,Q5,0.3469601677148883,Q4,316243,2022-09-27 03:30:00,False,False,False,-0.06625047944679174,0.026562219842182433,-17402.501966663112,0.9073341239212805,Q4,BEAR,short,87,-0.0639623223215038,False
2.745173611111114,Q4,0.0020959043588321047,1.0309001909917384,Q3,-1,2022-10,254617.35026469216,2022Q4,1309.78,317554,2022-10-01 16:45:00,2022,0.20125724388566912,Q4,0.5285242809995293,Q4,0.25803192564154215,Q3,318102,2022-10-03 14:25:00,False,False,False,-0.01076620641317394,0.03536722790852331,-1585.5335684196907,0.9069174224454057,Q4,BEAR,short,88,-0.006227123040796003,False
2.0067881944444474,Q2,0.0015248918667227303,1.03648207905456,Q3,1,2022-10,252980.89322621952,2022Q4,1316.02,318102,2022-10-03 14:25:00,2022,0.12104379279162945,Q2,0.3002214489085745,Q2,0.22559047796168916,Q2,318664,2022-10-05 13:15:00,False,False,False,-0.004888077961495818,0.04081537340039665,1584.2700758004503,0.8692260654725732,Q4,BEAR,long,89,0.006262410000994703,True
2.122083333333331,Q3,0.001603205781991713,0.4853720793245508,Q2,-1,2022-10,254565.16330201997,2022Q4,1323.65,318664,2022-10-05 13:15:00,2022,0.22350979574822832,Q5,0.5056872037914721,Q4,0.29585531273549326,Q3,319955,2022-10-10 00:50:00,False,False,False,-0.04441586663910102,0.01625792877031773,-1193.4337194536347,0.8251904339225803,Q4,BEAR,short,90,-0.004688126623349978,False
0.8521180555555526,Q1,0.0006395458169257663,4.130883012102456,Q5,1,2022-10,253320.81654990593,2022Q4,1332.38,319955,2022-10-10 00:50:00,2022,0.08100239159821285,Q1,0.49726377234585756,Q4,0.22131004366812354,Q2,320900,2022-10-13 07:35:00,False,False,False,-0.04749252056697861,0.004931226467265182,-10138.56185757072,0.7350102073973429,Q3,BEAR,long,91,-0.04002261636312606,False
0.9729861111111049,Q1,0.0007500201275831779,6.392691456712652,Q5,1,2022-10,243182.2546923352,2022Q4,1297.28,321908,2022-10-16 19:35:00,2022,0.2230791202513567,Q4,0.6351791530944546,Q5,0.291928864569084,Q3,322432,2022-10-18 15:15:00,False,False,False,-0.002841194790263457,0.03619038588098822,1821.3641402574722,0.5957038340498709,Q2,BEAR,long,92,0.007489708254254784,True
1.7486284722222238,Q2,0.0013400067989503147,0.32025099035947646,Q2,-1,2022-10,245003.61883259268,2022Q4,1304.94,322432,2022-10-18 15:15:00,2022,0.23154457694491445,Q5,0.487367563162175,Q3,0.2555167008320254,Q3,322997,2022-10-20 14:20:00,False,False,False,-0.011663036030861607,0.026724045315081435,-745.8172613118368,0.5584063836750537,Q2,BEAR,short,93,-0.0030441071232561777,False
1.735243055555556,Q2,0.0013259085637535577,0.13254627313657874,Q2,1,2022-10,244208.80084751433,2022Q4,1308.72,322997,2022-10-20 14:20:00,2022,0.1540263015672861,Q3,0.34697130712008895,Q2,0.17090340242471905,Q2,325224,2022-10-28 07:55:00,False,False,False,-0.04335366365501936,0.21807420786354204,33405.54589574665,0.5142294461087222,Q1,BEAR,long,94,0.13679091736175922,True
4.584618055555553,Q5,0.003078061066538355,0.5932882449616458,Q2,-1,2022-10,277614.346743261,2022Q4,1489.45,325224,2022-10-28 07:55:00,2022,0.1124401913875595,Q2,0.6484755316423293,Q5,0.1970562390158179,Q2,326789,2022-11-02 18:20:00,False,False,False,-0.11726173307193344,0.005404335787127623,-23140.442726971058,0.5947109471449419,Q2,BEAR,short,95,-0.0833546356607119,False
3.17923611111111,Q4,0.001971741572259433,1.6293222079028624,Q4,1,2022-11,254418.38114694128,2022Q4,1612.4,326789,2022-11-02 18:20:00,2022,0.22844519250999287,Q5,0.6228344813191382,Q5,0.3831438127090291,Q5,327744,2022-11-06 01:55:00,False,False,False,-0.06822483016838743,0.039278150311133686,777.154318366549,0.6344858668238567,Q2,BEAR,long,96,0.00305463117430064,True
2.91015625,Q3,0.0017992137363520581,1.5944161073825065,Q4,-1,2022-11,255195.53546530782,2022Q4,1617.46,327744,2022-11-06 01:55:00,2022,0.1413852318259861,Q2,0.2921857304643249,Q2,0.20944105822850448,Q2,329053,2022-11-10 15:00:00,False,False,False,-0.012335735407217774,0.5075605607824871,46202.53407956901,0.6631279309612869,Q3,BEAR,short,97,0.18104757983060385,True
5.247517361111114,Q5,0.004236481137618466,0.16960401247942195,Q2,-1,2022-11,301347.0304377838,2022Q4,1238.65,329822,2022-11-13 07:05:00,2022,0.15972856583583442,Q3,0.6194613379669792,Q5,0.32155997056658897,Q4,331730,2022-11-19 22:05:00,False,False,False,-0.039518142967814196,0.059831854993557254,5934.671972629847,1.2143412897281318,Q5,BEAR,short,98,0.019693812691660557,True
1.3348263888888934,Q1,0.00109715064472263,0.7566527066047444,Q3,1,2022-11,307221.43300432607,2022Q4,1216.63,331730,2022-11-19 22:05:00,2022,0.19865718799367854,Q4,0.5512605042016805,Q4,0.3514492753623226,Q4,332258,2022-11-21 18:05:00,False,False,False,-0.10225641239048155,0.012950332166195233,-29656.570866496942,1.210011341351045,Q5,BEAR,long,99,-0.0965315817209906,False
2.47520833333334,Q4,0.0022508032493710464,0.9292147125662614,Q3,-1,2022-11,277564.8621378291,2022Q4,1099.7,332258,2022-11-21 18:05:00,2022,0.05706056359956338,Q1,0.24041387705416842,Q1,0.22890559732665042,Q3,332748,2022-11-23 10:55:00,False,False,False,-0.07336568167713131,0.023237969480839338,-18515.958767934877,1.214080192534119,Q5,BEAR,short,100,-0.06670858344721059,False
1.2847569444444484,Q1,0.0010754163899724175,1.6579011378069892,Q4,-1,2022-11,258993.39039746666,2022Q4,1194.66,334054,2022-11-27 23:45:00,2022,0.21998227735932438,Q4,0.5713159968479092,Q4,0.3830435561928613,Q5,334641,2022-11-30 00:40:00,False,False,False,-0.07150046672371224,0.03660900650518051,-7966.9361697529675,1.2120028233399704,Q5,BEAR,short,101,-0.030761156327296358,False
1.9027951388888944,Q3,0.0015447273411989726,3.5736900210764158,Q5,1,2022-11,250974.6555496342,2022Q4,1231.8,334641,2022-11-30 00:40:00,2022,0.2126386199612725,Q4,0.290302066772655,Q2,0.23883639058735986,Q3,335631,2022-12-03 11:10:00,False,False,False,-0.00019996000799826774,0.06440447993847731,7269.439055136987,0.9819036460877728,Q5,BEAR,long,102,0.02896483327855127,True
1.6347048611111141,Q2,0.0012938523880129758,1.7740205397252715,Q4,-1,2022-12,258244.09460477118,2022Q4,1263.44,335631,2022-12-03 11:10:00,2022,0.27573794096471954,Q5,0.5432432432432341,Q4,0.42275595359250834,Q5,336080,2022-12-05 00:35:00,False,False,False,-0.02148089192306535,0.02430272172119552,-4439.522216757934,0.7010404274326146,Q3,BEAR,short,103,-0.017191185818023782,False
1.2414756944444487,Q1,0.0009639609706142983,1.6512606804739274,Q4,1,2022-12,253752.9235690923,2022Q4,1287.89,336080,2022-12-05 00:35:00,2022,0.20905310300703975,Q4,0.2943585077343049,Q2,0.15494601692442705,Q1,336736,2022-12-07 07:15:00,False,False,False,-0.04842349929591694,0.01455743667363918,-11670.57038575114,0.632884207187424,Q2,BEAR,long,104,-0.04599186571568093,False
1.7039062500000004,Q2,0.00133132237119685,0.6220999541494405,Q3,1,2022-12,242082.35318334115,2022Q4,1279.86,338497,2022-12-13 10:00:00,2022,0.10900730321882526,Q2,0.4626498616661533,Q3,0.10314756778852605,Q1,338974,2022-12-15 01:45:00,False,False,False,-0.004530501294407241,0.05688657972962785,2743.4185040315497,0.48702491636122686,Q1,BEAR,long,105,0.011332583593789757,True
2.578906250000002,Q4,0.0019880253542190235,1.3804301726749248,Q4,-1,2022-12,244825.7716873727,2022Q4,1297.22,338974,2022-12-15 01:45:00,2022,0.2156301362600061,Q4,0.31987381703469814,Q2,0.24562315825966474,Q3,340449,2022-12-20 04:40:00,False,False,False,-0.00020776618554463333,0.12496074678626368,17807.43321719661,0.4914505957549004,Q1,BEAR,short,106,0.07273512545050034,True
1.6898611111111121,Q2,0.0014084875527068622,0.7988822224048113,Q3,1,2022-12,262584.23975023185,2022Q4,1199.77,340449,2022-12-20 04:40:00,2022,0.1786233320121534,Q3,0.2568771793878279,Q1,0.37964040874401,Q5,341144,2022-12-22 14:35:00,False,False,False,-0.005257619054227836,0.02408846852537594,-295.2712000756874,0.47180355036678545,Q1,BEAR,long,107,-0.0011244818057494505,False
1.454548611111112,Q2,0.001212487588869254,4.503115227614489,Q5,-1,2022-12,262288.96855015616,2022Q4,1199.64,341144,2022-12-22 14:35:00,2022,0.15423387096774224,Q3,0.697486152535139,Q5,0.46547441629408876,Q5,342408,2022-12-26 23:55:00,False,False,False,-0.029975988445044344,0.013915857731034986,-6735.155373960268,0.4511666298714913,Q1,BEAR,short,108,-0.025678378359524256,False
0.9176909722222221,Q1,0.0007581278116948145,0.13076297319271485,Q2,-1,2023-01,255501.35538248584,2023Q1,1210.47,344605,2023-01-03 15:00:00,2023,0.15113240418118412,Q3,0.4263782274947546,Q3,0.22597402597402255,Q2,345478,2023-01-06 15:45:00,False,False,False,-0.05092134717160701,0.003915256881571461,-10387.698770856136,0.3754836326698687,Q1,BEAR,short,109,-0.04065613959388097,False
1.2959374999999964,Q1,0.0010296004544443356,0.5170002411382297,Q2,1,2023-01,245062.55634055322,2023Q1,1258.68,345478,2023-01-06 15:45:00,2023,0.12881952077379832,Q2,0.2532274081430017,Q1,0.24478764478764775,Q3,355572,2023-02-11 00:05:00,False,False,False,-0.0006050653726628052,0.36033587130096767,49025.1805000442,0.3194500629781778,Q1,BEAR,long,110,0.20005169795060795,True
3.7089756944444443,Q4,0.0024530262529394472,0.0,Q1,-1,2023-02,294087.7368405974,2023Q1,1512.0,355572,2023-02-11 00:05:00,2023,0.06704075605434062,Q1,0.014932680538553358,Q1,0.21748594231815682,Q2,355860,2023-02-12 00:05:00,False,False,False,-0.021055046828879043,0.0036374431406922536,-5094.084925031464,0.563380271115662,Q2,BEAR,short,111,-0.017321650265861237,False
2.026093749999996,Q2,0.0013094297522797604,0.8291817691061135,Q3,1,2023-02,288934.83436819783,2023Q1,1547.31,356059,2023-02-12 16:40:00,2023,0.11423412106461443,Q2,0.3222489608400821,Q2,0.15442802280926343,Q1,362196,2023-03-06 00:05:00,False,False,False,-0.05574548326303441,0.12552838801340194,2902.577303465514,0.5515074702565536,Q2,NEUTRAL,long,112,0.01004578527131373,True
2.3528993055555616,Q3,0.0015345529228552918,0.0,Q1,-1,2023-03,291837.41167166334,2023Q1,1533.28,363060,2023-03-09 00:05:00,2023,0.17176015473887965,Q3,0.3534855027760678,Q2,0.21090022266992003,Q2,364212,2023-03-13 00:05:00,False,False,False,-0.03782288996850136,0.11869746300365769,-8797.535740603402,0.4582500504183397,Q1,NEUTRAL,short,113,-0.03014533225952956,False
4.195972222222224,Q5,0.002661068126726423,0.0,Q1,1,2023-03,282981.5084487256,2023Q1,1576.8,364213,2023-03-13 00:10:00,2023,0.36683055522244773,Q5,0.08744038155802997,Q1,0.3753026634382551,Q5,381204,2023-05-11 00:05:00,False,False,False,-0.0075627154498565385,0.3581144630931479,46971.89962416631,0.5423015017453983,Q2,BULL,long,114,0.16598928983614952,True
2.0718055555555535,Q1,0.0011182205862333445,0.0,Q1,1,2023-05,329953.40807289194,2023Q2,1852.77,384948,2023-05-24 00:05:00,2023,0.03477921062915097,Q1,0.13355592654422754,Q1,0.03174950733523148,Q1,385812,2023-05-27 00:05:00,False,False,False,-0.04919352390067233,0.000409828814545099,-4792.646131925867,0.4179535984483774,Q1,BULL,long,115,-0.014525220878661437,False
1.7703298611111125,Q1,0.0009267578215884457,0.0,Q1,1,2023-05,325160.76194096607,2023Q2,1910.24,386388,2023-05-29 00:05:00,2023,0.3743545143229899,Q5,0.10725754656390354,Q1,0.5817805383022794,Q5,389844,2023-06-10 00:05:00,False,False,False,-0.06902442240157503,0.00922302868207825,-12182.001081157709,0.36868469472829973,Q1,BULL,long,116,-0.0374645483312325,False
1.609444444444448,Q1,0.0009330004547451322,0.0,Q1,-1,2023-06,312978.76085980836,2023Q2,1725.02,392436,2023-06-19 00:05:00,2023,0.09432026383290698,Q1,0.032375979112271816,Q1,0.1763993215410704,Q2,392724,2023-06-20 00:05:00,False,False,False,-0.013139569035627963,0.011095715695025321,-2410.4884495674632,0.4108581986010385,Q1,NEUTRAL,short,117,-0.007701763669027964,False
3.4190277777777784,Q3,0.001812144704211932,0.0,Q1,1,2023-06,310505.67665806896,2023Q2,1886.73,393300,2023-06-22 00:05:00,2023,0.13365099463530014,Q2,0.28321056642113596,Q2,0.055836575875486245,Q1,405972,2023-08-05 00:05:00,False,False,False,-0.0402550588427929,0.07159961189568254,-9777.285888807732,0.4302264789190126,Q1,BULL,long,118,-0.031488267763859754,False
2.316649305555554,Q2,0.0013745152901963025,0.0,Q1,-1,2023-08,300728.3907692612,2023Q3,1685.43,409716,2023-08-18 00:05:00,2023,0.15336144877201682,Q3,0.3318691305664952,Q2,0.18288068048625242,Q2,415082,2023-09-05 15:15:00,False,False,False,-0.034395470258691496,0.06074946700188555,8149.520137668995,0.30884002216467416,Q1,NEUTRAL,short,119,0.027099270929567296,True
1.0361979166666702,Q1,0.0006315430334280082,0.17371198793672835,Q2,1,2023-09,308817.7652287764,2023Q3,1640.74,415082,2023-09-05 15:15:00,2023,0.1883459035024273,Q4,0.27459502173054123,Q2,0.11586096683979094,Q1,415885,2023-09-08 10:10:00,False,False,False,-0.019025500633947923,0.01516012199091632,-4457.51111620228,0.40849735138365073,Q1,BEAR,long,120,-0.014434114931503685,False
1.8600347222222275,Q2,0.001147142817985277,1.9515764714667596,Q4,1,2023-09,304360.2541125741,2023Q3,1621.45,417501,2023-09-14 00:50:00,2023,0.06356968215158812,Q1,0.5119145439605571,Q4,0.4109558660456824,Q5,417955,2023-09-15 14:40:00,False,False,False,-0.007007103973636353,0.012145303799366847,-1808.0503501347266,0.34293939382442895,Q1,BEAR,long,121,-0.005940494284992878,False
1.3753645833333346,Q1,0.0008516294835436566,0.6398303480136976,Q3,-1,2023-09,302552.20376243937,2023Q3,1614.98,417955,2023-09-15 14:40:00,2023,0.1955589200100928,Q4,0.22102124487514085,Q1,0.28979893008669794,Q3,418770,2023-09-18 10:35:00,False,False,False,-0.02377067057265747,0.005235150601846872,-6440.238004408369,0.3449175637428414,Q1,BEAR,short,122,-0.02128636950688078,False
0.6587152777777795,Q1,0.00041258410443564884,0.22771598755975223,Q2,1,2023-09,296051.4553172785,2023Q3,1596.56,420483,2023-09-24 09:20:00,2023,0.11865729898517113,Q2,0.714770797962615,Q5,0.34258271077909,Q4,422900,2023-10-02 18:45:00,False,False,False,-0.018866422134884098,0.0927185157253978,10642.110482847143,0.3240778187365231,Q1,BEAR,long,123,0.035946827119772096,True
1.6909548611111151,Q1,0.0010213855583408023,7.82398176572654,Q5,-1,2023-10,306693.56580012565,2023Q4,1655.55,422900,2023-10-02 18:45:00,2023,0.3680788081719812,Q5,0.5196195005945298,Q4,0.5178874119011487,Q5,424061,2023-10-06 19:30:00,False,False,False,-0.012881324843448505,0.025945741544229683,-54.019986028957646,0.33136998147837315,Q1,BEAR,short,124,-0.000176136678603042,False
1.3962152777777763,Q1,0.0008441191486217324,3.4521896993359604,Q5,1,2023-10,306578.2071009367,2023Q4,1654.05,424061,2023-10-06 19:30:00,2023,0.1479903685867763,Q3,0.3446871529063378,Q2,0.24519863193896474,Q3,424516,2023-10-08 09:25:00,False,False,False,-0.016284691318925404,0.004258275033804493,-5136.378088480211,0.3374991320691687,Q1,BEAR,long,125,-0.016753891729783418,False
1.0684722222222294,Q1,0.0006569472966529122,0.08423241908220543,Q2,-1,2023-10,301441.82901245647,2023Q4,1626.42,424516,2023-10-08 09:25:00,2023,0.18954884777669215,Q4,0.14965986394557756,Q1,0.2887245841035129,Q3,426094,2023-10-13 20:55:00,False,False,False,-0.007715069821637499,0.06815565715486893,13005.089737643139,0.3353625775722065,Q1,BEAR,short,126,0.043142949935809104,True
1.1763020833333313,Q1,0.0007559636275221758,1.819260571175454,Q4,1,2023-10,314386.6303842971,2023Q4,1556.03,426094,2023-10-13 20:55:00,2023,0.062094304960195974,Q1,0.4869638351555951,Q3,0.18421052631579213,Q2,427152,2023-10-17 13:05:00,False,False,False,-0.006890530534233497,0.04532291322670279,3213.8175412995042,0.34732413673144413,Q1,BEAR,long,127,0.010222500674952452,True
1.5751736111111068,Q1,0.0010034231183023996,2.660024247768145,Q5,-1,2023-10,317600.4479255966,2023Q4,1569.8,427152,2023-10-17 13:05:00,2023,0.2163220892274253,Q4,0.6785285885646002,Q5,0.4360452227887478,Q5,427888,2023-10-20 02:25:00,False,False,False,-0.007875933166503257,0.01973077436885151,-1017.9512844590354,0.3625771101638238,Q1,BEAR,short,128,-0.003205131765738278,False
1.369930555555555,Q1,0.0008685949324462363,1.5913215390074988,Q4,1,2023-10,316518.9765515525,2023Q4,1577.18,427888,2023-10-20 02:25:00,2023,0.1805666173626135,Q3,0.5723327305605793,Q4,0.29325378614042974,Q3,455796,2024-01-25 00:05:00,False,True,False,-0.00019996000799826774,0.7169114649660389,131352.1926257087,0.3607613708350163,Q1,BEAR,long,129,0.4149899448582191,True
2.5833159722222225,Q1,0.001116761904281574,0.0,Q1,1,2024-01,447871.1691772612,2024Q1,2313.22,457236,2024-01-30 00:05:00,2024,0.23093170617226083,Q5,0.0035542546518936447,Q1,0.11265135699373427,Q1,459252,2024-02-06 00:05:00,False,False,False,-0.028983387037574304,0.033814850557169374,-2602.9123589087976,0.5403881233013277,Q2,BULL,long,130,-0.005811743505817408,False
2.7273090277777734,Q2,0.001148205275916007,0.0,Q1,1,2024-02,445268.2568183524,2024Q1,2375.28,459540,2024-02-07 00:05:00,2024,0.14218113306752136,Q3,0.18548156616175543,Q1,0.005748192100870603,Q1,476244,2024-04-05 00:05:00,False,True,False,-0.00968781972373478,0.7212979395455614,176532.66314368148,0.4334259140942213,Q1,BULL,long,131,0.3964636158999723,True
5.8869791666666655,Q3,0.0017540765714092747,0.0,Q1,1,2024-04,621800.9199620339,2024Q2,3356.17,476820,2024-04-07 00:05:00,2024,0.06612057667103677,Q1,0.0572807385648348,Q1,0.058775462557638755,Q1,479124,2024-04-15 00:05:00,False,False,True,-0.1455591748090972,0.10937609782381785,-40958.318344077445,0.6988787534584202,Q3,BULL,long,132,-0.06587046919547544,False
5.952517361111111,Q4,0.0019512931638921212,0.23687457162437583,Q2,-1,2024-07,580842.6016179564,2024Q3,3050.55,502452,2024-07-05 00:05:00,2024,0.1847145573435974,Q3,0.7997319246235081,Q5,0.4082867783985091,Q5,504180,2024-07-11 00:05:00,True,False,False,-0.03344164487922985,0.0781044267877411,-9433.904760260251,0.46841275552442224,Q1,NEUTRAL,short,133,-0.016241757636202638,False
5.223072916666663,Q2,0.0014984802863990104,0.0,Q1,1,2024-07,571292.5283373726,2024Q3,3485.58,505620,2024-07-16 00:05:00,2024,0.2234548335974646,Q5,0.32226947412093926,Q2,0.3541601008509305,Q4,508788,2024-07-27 00:05:00,True,False,False,-0.11122769051484405,0.02058584400415442,-35698.06861718162,0.5532769043593835,Q2,BULL,long,134,-0.06248649657833506,False
6.679670138888901,Q4,0.002231145435408457,0.0,Q1,-1,2024-08,535594.459720191,2024Q3,2993.83,510804,2024-08-03 00:05:00,2024,0.08444184002343993,Q1,0.009919177075678886,Q1,0.054206130080733106,Q1,514048,2024-08-14 06:25:00,True,False,False,-0.008415990395790773,0.3694123797884368,45422.79012267146,0.5283308571625355,Q2,NEUTRAL,short,135,0.08480817771416373,True
7.353871527777762,Q5,0.0026749813678428307,0.1781374606629563,Q2,1,2024-08,580910.1309509184,2024Q3,2749.13,514048,2024-08-14 06:25:00,2024,0.07349567428618926,Q1,0.3237028301886805,Q2,0.271003423755602,Q3,514489,2024-08-15 19:10:00,True,False,True,-0.07472468472109761,0.014964296645213482,-41307.177395039704,0.927526320736505,Q4,BEAR,long,136,-0.07110768980293404,False
5.8987326388888786,Q4,0.0023232045997081106,0.686588161887366,Q3,-1,2024-08,539602.9535558787,2024Q3,2539.05,514489,2024-08-15 19:10:00,2024,0.1759664197964957,Q3,0.7120980091883576,Q5,0.4310454223117951,Q5,515159,2024-08-18 03:00:00,True,False,False,-0.03643732066844829,0.01058149501529182,-19398.060364591773,0.9348184961276731,Q4,BEAR,short,137,-0.035948766100634404,False
4.088576388888889,Q3,0.0016028478641726537,1.2865113672070148,Q4,-1,2024-08,520096.97260057577,2024Q3,2550.82,516152,2024-08-21 13:45:00,2024,0.20758320997086657,Q4,0.4663611065640811,Q3,0.22287568444534517,Q2,516626,2024-08-23 05:15:00,True,False,False,-0.044875542550953496,0.001805069799021064,-20470.923889823956,0.9368988265615479,Q4,BEAR,short,138,-0.03935982127999277,False
3.557395833333335,Q2,0.0013418413406107337,0.0730871716787823,Q2,1,2024-08,499522.0293162317,2024Q3,2651.13,516626,2024-08-23 05:15:00,2024,0.20891003460207683,Q4,0.38264580369844203,Q3,0.10550660792951334,Q1,517456,2024-08-26 02:25:00,True,False,False,-0.006927937295631792,0.06268118570045256,14924.732541245816,0.9291991261265459,Q4,BEAR,long,139,0.029878026724217674,True
3.490729166666669,Q2,0.0012771162835508376,0.08880666049952178,Q2,-1,2024-08,514446.76185747754,2024Q3,2733.29,517456,2024-08-26 02:25:00,2024,0.13011584413697955,Q2,0.32299651567944393,Q2,0.2722722189679968,Q3,518370,2024-08-29 06:35:00,True,False,False,-0.006485107248917821,0.13688239981699857,33383.91070741514,0.7130736566886455,Q3,BEAR,short,140,0.06489283864258014,True
6.06666666666668,Q4,0.0023755914504813235,0.01483516483518879,Q1,1,2024-08,547727.7832125211,2024Q3,2553.75,518370,2024-08-29 06:35:00,2024,0.11794643188825794,Q2,0.4425371914337148,Q3,0.23477261533410018,Q3,519181,2024-09-01 02:10:00,True,False,False,-0.04745198160405484,0.014627425473791034,-15610.95669601846,0.6419468944824974,Q3,BEAR,long,141,-0.028501305163775727,False
3.2496354166666785,Q2,0.0013081004317886673,2.788005064670829,Q5,-1,2024-09,532116.8265165027,2024Q3,2484.24,519181,2024-09-01 02:10:00,2024,0.09266227657573138,Q1,0.5285714285714509,Q4,0.4751941044874498,Q5,519690,2024-09-02 20:35:00,True,False,False,-0.023917716992640337,0.034618739744283866,-12383.91744795232,0.6097377917741075,Q2,BEAR,short,142,-0.023272929610257787,False
3.0564409722222186,Q2,0.001316909230918006,3.1736258243350868,Q5,1,2024-09,519626.485703247,2024Q3,2320.92,521440,2024-09-08 22:25:00,2024,0.1362695617443104,Q2,0.5987611837577531,Q4,0.3465698393077907,Q4,522161,2024-09-11 10:30:00,True,False,False,-0.01782492389700796,0.034095749979850876,-592.6942429088522,0.5962399141849953,Q2,BEAR,long,143,-0.0011406159216590306,False
4.301805555555544,Q3,0.0018582313414926754,1.1553288347915494,Q3,-1,2024-09,519033.79146033817,2024Q3,2315.0,522161,2024-09-11 10:30:00,2024,0.17122721366983065,Q3,0.2873210633946782,Q2,0.16311507167765038,Q1,522796,2024-09-13 15:25:00,True,False,False,-0.03491438487630116,0.01558585395822365,-15447.640872367192,0.6041850809114947,Q2,BEAR,short,144,-0.02976230281443558,False
3.6474652777777745,Q3,0.0015582663786261385,1.883499766771036,Q4,1,2024-09,503482.3438296789,2024Q3,2340.72,523935,2024-09-17 14:20:00,2024,0.16993768021579697,Q3,0.4243873281530184,Q3,0.22827784628031547,Q3,525467,2024-09-22 22:00:00,True,False,False,-0.028936119918203107,0.1220705028596698,43638.76789338485,0.5631949981686573,Q2,BEAR,long,145,0.08667387928929489,True
2.912083333333335,Q1,0.001144007815067839,2.733438260122905,Q5,-1,2024-09,547121.1117230637,2024Q3,2545.51,525467,2024-09-22 22:00:00,2024,0.10725302538954255,Q2,0.5764585813913868,Q4,0.32949943301473655,Q4,526527,2024-09-26 14:20:00,True,False,False,-0.05946080977505641,0.00910782773907548,-19009.319452990196,0.5532044034267276,Q2,BEAR,short,146,-0.0347442623683879,False
3.6189236111111103,Q2,0.0013721401557998166,0.10500359798503285,Q2,1,2024-09,528002.3680477289,2024Q3,2637.43,526527,2024-09-26 14:20:00,2024,0.11743071743071451,Q2,0.16801899861468086,Q1,0.1292370986494926,Q1,527308,2024-09-29 07:25:00,True,False,False,-0.010776204241380927,0.03324599084187008,1017.9864546706667,0.5136188910052577,Q1,BEAR,long,147,0.0019279960020532438,True
2.916631944444438,Q1,0.0011020922157775276,1.3817307348897727,Q4,-1,2024-09,529020.3545023996,2024Q3,2646.45,527308,2024-09-29 07:25:00,2024,0.1562929303603553,Q3,0.49878345498784116,Q4,0.3326509723643891,Q4,528850,2024-10-04 15:55:00,True,False,False,-0.010006664314115676,0.14142380294579793,49598.604560681444,0.48783141987142864,Q1,BEAR,short,148,0.09375556940022517,True
4.294357638888901,Q3,0.0017925647064007265,0.31203735521824166,Q2,1,2024-10,578513.1549921806,2024Q4,2395.65,528850,2024-10-04 15:55:00,2024,0.0653996214316073,Q1,0.3345516251142177,Q2,0.09734414934992766,Q1,529800,2024-10-07 23:05:00,True,False,False,-0.002407595283614672,0.05093454855934798,3812.8622120580403,0.4888552672053305,Q1,BEAR,long,149,0.00659079604181097,True
3.146249999999994,Q2,0.001306446589847397,2.463249900675412,Q4,-1,2024-10,582326.0172042387,2024Q4,2408.25,529800,2024-10-07 23:05:00,2024,0.3003024372887403,Q5,0.5300333704115731,Q4,0.12012459371614204,Q1,530796,2024-10-11 10:05:00,True,False,False,-0.024356818560072435,0.03463551995746528,-1620.878174930811,0.4772719154258104,Q1,BEAR,short,150,-0.0027834548466728077,False
3.285624999999997,Q2,0.0013580554361484016,0.07608902415826524,Q2,1,2024-10,580588.673825867,2024Q4,2419.36,530796,2024-10-11 10:05:00,2024,0.21963695340278552,Q4,0.49937421777223956,Q4,0.18619886446353484,Q2,531435,2024-10-13 15:20:00,True,False,False,-0.0039152907177014695,0.026923193993983796,5166.151034196257,0.4685315483184182,Q1,BEAR,long,151,0.008898125759417955,True
2.046961805555545,Q1,0.0008379674736285222,0.34197023027004564,Q2,-1,2024-10,585754.8248600633,2024Q4,2442.77,531435,2024-10-13 15:20:00,2024,0.20866425992779547,Q4,0.6613687966266305,Q5,0.3590242177832696,Q4,531995,2024-10-15 14:00:00,True,False,True,-0.09472911899283276,0.0020562366650254127,-51775.55798174837,0.45181425078429666,Q1,BEAR,short,152,-0.08839117628116429,False
3.6672569444444596,Q2,0.0013760865685966777,6.0508440875994,Q5,1,2024-10,533862.1159133429,2024Q4,2664.99,531995,2024-10-15 14:00:00,2024,0.2790389328619058,Q5,0.845971308380975,Q5,0.32977043605004025,Q4,532573,2024-10-17 14:10:00,True,False,False,-0.044893849022711096,0.005988714018028807,-14284.95402815839,0.4569380884160347,Q1,BEAR,long,153,-0.026757759358367994,False
3.1297916666666614,Q2,0.0011814279494883895,2.4921786593889994,Q4,-1,2024-10,519577.1618851845,2024Q4,2649.16,533849,2024-10-22 00:30:00,2024,0.11647550031194584,Q2,0.608713522400332,Q5,0.2915106117353296,Q3,535544,2024-10-27 21:45:00,True,False,False,-0.00492645443546369,0.10935862080536918,25782.971014758456,0.4529486259075614,Q1,BEAR,short,154,0.049622987510093725,True
2.7317534722222274,Q1,0.001089237613278665,0.07321304870059232,Q2,1,2024-10,545256.217467566,2024Q4,2507.95,535544,2024-10-27 21:45:00,2024,0.09823625922887494,Q2,0.3498605515959135,Q2,0.09168873754571753,Q1,536601,2024-10-31 13:50:00,True,False,False,-0.016034626395452833,0.08252622546796706,20617.715211163973,0.44828882305543155,Q1,BEAR,long,155,0.037812893371345,True
4.564965277777787,Q3,0.0017489685328007031,1.1500635121053289,Q3,-1,2024-10,565873.93267873,2024Q4,2610.09,536601,2024-10-31 13:50:00,2024,0.20006226003942895,Q4,0.6464416058394001,Q5,0.3465306122448919,Q4,538173,2024-11-06 00:50:00,True,False,False,-0.0010660870603593775,0.10526720824050617,26850.177959806402,0.45866348605667656,Q1,BEAR,short,156,0.047449045466192837,True
3.781510416666659,Q2,0.0015201807475122646,2.580979271399984,Q5,1,2024-11,592610.9358520006,2024Q4,2487.54,538173,2024-11-06 00:50:00,2024,0.09753089659153646,Q1,0.578832515002732,Q4,0.27534823453191304,Q3,551988,2024-12-24 00:05:00,True,True,False,-0.0052809479629236655,0.6494101833091401,223327.4877437218,0.47963981528752714,Q1,BEAR,long,157,0.37685347035090133,True
7.512604166666662,Q4,0.0021518256011900144,0.0,Q1,1,2024-12,815938.4235957224,2024Q4,3491.27,552276,2024-12-25 00:05:00,2024,0.026133727494816444,Q1,0.07564422277639583,Q1,0.07165346818051724,Q1,553428,2024-12-29 00:05:00,True,False,False,-0.05200171944350751,0.01612620729929204,-21321.103722944506,0.8009647520347127,Q4,BULL,long,158,-0.026130775443795735,False
3.9690277777777805,Q2,0.0011481963629934998,0.0,Q1,1,2025-01,794617.3198727779,2025Q1,3456.75,554868,2025-01-03 00:05:00,2025,0.006001371742112245,Q1,0.622548007433413,Q5,0.048431105047748085,Q1,556884,2025-01-10 00:05:00,True,False,True,-0.08136040623101981,0.0828820599819009,-54210.9353360011,0.685702371990034,Q3,BULL,long,159,-0.0682226953531299,False
5.799305555555554,Q3,0.0016846986513695782,0.0,Q1,1,2025-01,740406.3845367768,2025Q1,3442.34,558612,2025-01-16 00:05:00,2025,0.21181673751556626,Q4,0.28912092563849495,Q2,0.0025455069401073317,Q1,560052,2025-01-21 00:05:00,True,False,False,-0.09102731652850637,0.022676582103810183,-38382.31768156483,0.5786594173270175,Q2,BULL,long,160,-0.05183952824174808,False
7.680312500000004,Q4,0.0024941424136340914,0.0,Q1,-1,2025-01,702024.066855212,2025Q1,3079.34,562356,2025-01-29 00:05:00,2025,0.21408139991399952,Q4,0.08696815627508651,Q1,0.2322660778360449,Q3,562932,2025-01-31 00:05:00,True,False,True,-0.06321221799675714,0.009953957988309003,-39289.81258408725,0.817967675465146,Q4,NEUTRAL,short,161,-0.05596647528066944,False
6.037708333333331,Q3,0.001934803252386842,0.0,Q1,-1,2025-02,662593.8494577537,2025Q1,3120.58,563508,2025-02-02 00:05:00,2025,0.2553814558454403,Q5,0.16301258627689758,Q1,0.25661517797179323,Q3,566964,2025-02-14 00:05:00,True,False,False,-0.013081632406825472,0.4305949359891419,95432.27353813092,0.8359073276159935,Q4,NEUTRAL,short,162,0.14402831178742412,True
5.503680555555551,Q4,0.002059082546001149,0.0,Q1,1,2025-02,757893.604225993,2025Q1,2672.88,566964,2025-02-14 00:05:00,2025,0.03493254712766918,Q1,0.046948356807506114,Q1,0.24382207578253923,Q3,568315,2025-02-18 16:40:00,True,False,False,-0.013777463678369073,0.06545958959485598,-10439.274139970425,1.013657444584169,Q5,BEAR,long,163,-0.013774062852307145,False
4.526684027777776,Q3,0.0017186893567384676,4.559629051496309,Q5,-1,2025-02,747454.3300860226,2025Q1,2633.8,568315,2025-02-18 16:40:00,2025,0.10619043579084303,Q2,0.6174390372638029,Q5,0.3296686200280041,Q4,568861,2025-02-20 14:10:00,True,False,False,-0.0486541735927164,0.009866515146869315,-35655.27537533059,1.0019492484003771,Q5,BEAR,short,164,-0.04770227951081254,False
3.829930555555549,Q2,0.001396541239026396,0.963463944443453,Q3,-1,2025-02,711649.5638446748,2025Q1,2742.44,569885,2025-02-24 03:30:00,2025,0.1914463535294431,Q4,0.5218519257633191,Q4,0.3415045067812312,Q4,571759,2025-03-02 15:40:00,True,True,False,-0.0002000400080015563,0.31554781359044126,123009.06667361094,0.728779168332602,Q3,BEAR,short,165,0.17285061766785398,True
4.328888888888877,Q3,0.0018963897528754886,4.13963039014366,Q5,1,2025-03,834516.3006055169,2025Q1,2282.7,571759,2025-03-02 15:40:00,2025,0.18222482093261286,Q3,0.4006921960477837,Q3,0.1745506951508982,Q2,573015,2025-03-07 00:20:00,True,False,False,-0.1386898053560338,0.12472977099359128,-37549.85289484635,0.7903967342383474,Q3,BEAR,long,166,-0.044995948991769896,False
6.525850694444456,Q5,0.0030118986539119375,1.6105179986644602,Q4,-1,2025-03,796966.4477106705,2025Q1,2166.69,573015,2025-03-07 00:20:00,2025,0.2166355408705654,Q4,0.5285224991142077,Q4,0.1895311463700856,Q2,575212,2025-03-14 15:25:00,True,False,False,-0.04345040921173826,0.23000438778063392,84737.91552441102,0.9800850833812912,Q5,BEAR,short,167,0.10632557464348127,True
3.564704861111112,Q3,0.0018408547959715311,0.387128823778686,Q2,1,2025-03,881544.9699455394,2025Q1,1936.44,575212,2025-03-14 15:25:00,2025,0.20596116778712817,Q4,0.5470840021401815,Q4,0.27372057523901516,Q3,575736,2025-03-16 11:05:00,True,False,False,-0.021777745432999818,0.01086053033931722,-16023.58869313635,1.1141413240344722,Q5,BEAR,long,168,-0.01817671161361883,False
2.102152777777771,Q1,0.001106978819261596,2.9113012454163627,Q5,-1,2025-03,865521.381252403,2025Q1,1899.0,575736,2025-03-16 11:05:00,2025,0.23663984085360473,Q5,0.6686614173228352,Q5,0.568291008922444,Q5,576594,2025-03-19 10:35:00,True,False,False,-0.04771850889943541,0.05479455444444459,-37415.57817728666,1.1087689490006618,Q5,BEAR,short,169,-0.04322894730011938,False
2.2843750000000003,Q1,0.0011216060293612216,3.5983584131327064,Q5,-1,2025-03,827932.6987988659,2025Q1,2036.7,578650,2025-03-26 13:55:00,2025,0.13516431608070717,Q2,0.6916497861805101,Q5,0.33188142770719853,Q4,580291,2025-04-01 06:40:00,True,False,False,-0.0005146286062516214,0.14940622273949677,70873.57700204442,0.7768222349678389,Q3,BEAR,short,170,0.08560306544827276,True
2.7744444444444443,Q2,0.0014952543489326028,1.6724068882659553,Q4,1,2025-04,898640.6892611505,2025Q2,1855.5,580291,2025-04-01 06:40:00,2025,0.22194250922077305,Q4,0.3752743233357784,Q3,0.3218029350104846,Q4,580765,2025-04-02 22:10:00,True,False,False,-0.015251684377192043,0.049728759970955716,-7419.715763164102,0.604366872488819,Q2,BEAR,long,171,-0.008256598940856424,False
3.2637500000000044,Q3,0.001763922217177943,0.661815396399871,Q3,-1,2025-04,891220.9734979864,2025Q2,1850.28,580765,2025-04-02 22:10:00,2025,0.07655420448706982,Q1,0.43312101910828177,Q3,0.16480291855024207,Q1,582726,2025-04-09 17:35:00,True,True,False,-0.0002000400080015563,0.3311149416168422,120301.05474534782,0.5890443647394688,Q2,BEAR,short,172,0.1349845417945829,True
4.745520833333334,Q5,0.002974931094073568,0.5963518229910109,Q2,1,2025-04,1011343.7840486347,2025Q2,1595.17,582726,2025-04-09 17:35:00,2025,0.25647386113365045,Q5,0.6616469080422953,Q5,0.4995460323225003,Q5,583835,2025-04-13 14:00:00,True,False,False,-0.07661089541542387,0.05549063977127999,-13458.047728204867,0.810259876840778,Q4,BEAR,long,173,-0.013307094917150033,False
2.523871527777771,Q3,0.001606527983766985,0.44376268271715896,Q2,-1,2025-04,997885.7363204298,2025Q2,1571.01,583835,2025-04-13 14:00:00,2025,0.24268177525968054,Q5,0.5780202948497091,Q4,0.5052186177715098,Q5,585438,2025-04-19 03:35:00,True,False,False,-0.07247055298637428,0.02263774172615185,-14548.214225215022,0.880297944650626,Q4,BEAR,short,174,-0.014579038156071472,False
2.8323263888888905,Q3,0.0015753525718276268,1.9912959262483332,Q4,1,2025-04,983137.9449479508,2025Q2,1797.9,587270,2025-04-25 12:15:00,2025,0.19722560491343263,Q4,0.43363703521300834,Q3,0.2060474379866009,Q2,587989,2025-04-28 00:10:00,True,False,False,-0.021476088441202523,0.03220650384869361,-10197.503697509179,0.9146950255404326,Q4,BEAR,long,175,-0.010372403740401917,False
2.126180555555555,Q2,0.0011949466678406546,2.34693144331581,Q4,-1,2025-04,972940.4412504416,2025Q2,1779.31,587989,2025-04-28 00:10:00,2025,0.12660458092122084,Q2,0.3836858006042347,Q3,0.3594926674593783,Q5,588975,2025-05-01 10:20:00,True,False,False,-0.03441633046614245,0.026592044989185437,-28136.772999918903,0.8192112051846474,Q4,BEAR,short,176,-0.028919316956089302,False
2.0899305555555507,Q1,0.0011371853214181828,2.837414852965537,Q5,1,2025-05,944609.0801622726,2025Q2,1837.81,590584,2025-05-07 00:25:00,2025,0.26182758495101544,Q5,0.4476271911073112,Q3,0.2908143679736781,Q3,599220,2025-06-06 00:05:00,True,True,False,-0.02757647901796123,0.5104098933628549,289292.0533968997,0.6105805726754993,Q2,BEAR,long,177,0.30625584643671094,True
4.656944444444452,Q3,0.0019346701194152517,0.0,Q1,-1,2025-06,1233901.1335591723,2025Q2,2407.1,599220,2025-06-06 00:05:00,2025,0.3083530312614445,Q5,0.18354627609847923,Q1,0.3655996585574045,Q5,599508,2025-06-07 00:05:00,True,False,False,-0.05218938016693242,0.005999596652719763,-35998.58914214582,0.7023365788394529,Q3,BEAR,short,178,-0.02917461388361671,False
3.0118055555555574,Q2,0.0011869699003919608,2.513442471754571,Q4,1,2025-06,1197655.7641903146,2025Q2,2537.39,599778,2025-06-07 22:35:00,2025,0.152442396313365,Q3,0.5170434158593438,Q4,0.2632630133566333,Q3,603796,2025-06-21 21:25:00,True,False,True,-0.08941828219568126,0.1337634727508228,-107642.76290987968,0.6785573546097159,Q3,NEUTRAL,long,179,-0.08987788154858711,False
3.6655555555555597,Q3,0.0015861339487475378,18.280994240679032,Q5,-1,2025-06,1090013.001280435,2025Q2,2311.0,603796,2025-06-21 21:25:00,2025,0.31363681053976994,Q5,0.48650501776476024,Q3,0.4071081792239549,Q5,604284,2025-06-23 14:05:00,True,False,False,-0.014590566803760252,0.09245758770685586,460.46536167361774,0.6562086145117206,Q3,BEAR,short,180,0.0004224402471646765,True
6.1152256944444465,Q5,0.002648453297319356,1.8870930651805395,Q4,1,2025-06,1090255.4640418524,2025Q2,2308.98,604284,2025-06-23 14:05:00,2025,0.2268706351845671,Q5,0.49214574898785407,Q3,0.34790460178092986,Q4,605281,2025-06-27 01:10:00,True,False,False,-0.05170301302714808,0.08894643415856507,39158.32696935907,0.7297207094815465,Q3,BEAR,long,181,0.03591665280372846,True
4.340225694444448,Q3,0.0018140585126515424,0.8640103681244168,Q3,-1,2025-06,1129413.7910112115,2025Q2,2392.55,605281,2025-06-27 01:10:00,2025,0.1106540820448757,Q2,0.43843358901896684,Q3,0.35903055304885295,Q5,605958,2025-06-29 09:35:00,True,False,False,-0.02737384851028235,0.001456572384937349,-29024.578628581483,0.7597839280496116,Q3,BEAR,short,182,-0.025698799553877025,False
1.859218749999995,Q1,0.0007574735180281096,3.6305571896798146,Q5,1,2025-06,1100163.3296244277,2025Q2,2454.5,605958,2025-06-29 09:35:00,2025,0.21345951629863358,Q4,0.6332966629996541,Q5,0.5143164693218658,Q5,606708,2025-07-02 00:05:00,True,False,False,-0.027434276843958938,0.027527230345334663,-23837.35887314356,0.7609478933746862,Q3,BEAR,long,183,-0.021667109083958584,False
1.9454861111111132,Q1,0.0007671596204636955,3.963019810815649,Q5,1,2025-07,1076325.9707512842,2025Q3,2535.96,608021,2025-07-06 13:30:00,2025,0.23252858958068282,Q5,0.8857142857142877,Q5,0.4341759352881686,Q5,631188,2025-09-25 00:05:00,True,True,False,-0.008454361133406252,0.9540608684240013,687933.1530731546,0.6961026437283242,Q3,NEUTRAL,long,184,0.6391494507867089,True
5.723836805555541,Q2,0.0013580231718848782,0.0,Q1,1,2025-09,1764259.1238244388,2025Q3,4214.83,632628,2025-09-30 00:05:00,2025,0.06723118475801146,Q1,0.1913636363636301,Q1,0.11625990201016469,Q1,636372,2025-10-13 00:05:00,True,False,False,-0.13171065183246966,0.12761456946112948,-32107.348223629175,0.6322940594544655,Q2,BULL,long,185,-0.018198771251940072,False
5.518645833333334,Q2,0.0013261894977827338,0.0,Q1,1,2025-10,1732151.7756008096,2025Q4,4161.28,640404,2025-10-27 00:05:00,2025,0.16022709623979733,Q3,0.16602113831812398,Q1,0.2267453391511294,Q2,641268,2025-10-30 00:05:00,True,False,True,-0.07513927711046609,0.0232677837284756,-106639.25615344523,0.9762951600780005,Q5,BULL,long,186,-0.06156461440364059,False
8.158836805555554,Q4,0.0022660665934040153,0.0,Q1,-1,2025-11,1625512.5194473644,2025Q4,3600.44,642708,2025-11-04 00:05:00,2025,0.009175221941179543,Q1,0.028357331766089986,Q1,0.11506438721136845,Q1,649044,2025-11-26 00:05:00,True,True,False,-0.015025816918392332,0.3722433707771011,291923.008158589,0.7884918770497777,Q3,NEUTRAL,short,187,0.17958828656566478,True
7.129809027777778,Q4,0.0024094600122935694,0.0,Q1,1,2025-11,1917110.425102064,2025Q4,2959.09,649044,2025-11-26 00:05:00,2025,0.09621778886118043,Q1,0.19978269727013465,Q1,0.14545172306737056,Q1,650032,2025-11-29 10:25:00,True,False,False,-0.022013225402771286,0.04790290863128921,20773.49107296276,1.0046139713814637,Q5,BEAR,long,188,0.010835834389590163,True
4.874930555555554,Q3,0.0016307606161705362,1.1610421800880057,Q4,-1,2025-11,1937883.9161750267,2025Q4,2989.36,650032,2025-11-29 10:25:00,2025,0.16790246684728438,Q3,0.4619512195121913,Q3,0.28703455665684274,Q3,650941,2025-12-02 14:10:00,True,False,False,-0.02096783528300894,0.09838963337547413,83506.40203613206,0.9735430786263409,Q4,BEAR,short,189,0.043091539869403554,True
5.950399305555564,Q4,0.0020773995166636634,2.1746439752234243,Q4,1,2025-12,2021002.7414279238,2025Q4,2864.35,650941,2025-12-02 14:10:00,2025,0.23668883628301945,Q5,0.5487098472880406,Q4,0.3540352224721562,Q4,651829,2025-12-05 16:10:00,True,True,False,-0.0035811121331724705,0.13212651587329582,143916.03504271363,0.9547426312536517,Q4,BEAR,long,190,0.07121021267939047,True
8.02288194444444,Q5,0.0026169564653261835,0.2816942858750069,Q2,-1,2025-12,2164918.7764706374,2025Q4,3065.73,651829,2025-12-05 16:10:00,2025,0.14325528773851692,Q3,0.1448843360342579,Q1,0.14963735565440348,Q1,652419,2025-12-07 17:20:00,True,False,False,-0.01039953739360655,0.047950470830398606,-10651.215894440655,0.9149829004574767,Q4,BEAR,short,191,-0.004919914783964698,False
5.078940972222212,Q3,0.001649006809163056,3.193579151384189,Q5,1,2025-12,2153834.5768209025,2025Q4,3080.0,652419,2025-12-07 17:20:00,2025,0.09656838171626499,Q1,0.551004888647472,Q4,0.08641005498821698,Q1,653371,2025-12-11 00:40:00,True,True,False,-0.02094714528120445,0.11868887929544236,140704.73586541507,0.8889445759011869,Q4,BEAR,long,192,0.0653275499333369,True
7.47260416666667,Q4,0.002272434113760517,0.04817597613506588,Q2,-1,2025-12,2294539.3126863176,2025Q4,3288.37,653371,2025-12-11 00:40:00,2025,0.06972159446073975,Q1,0.6455830764324493,Q5,0.3702782632074231,Q5,654541,2025-12-15 02:10:00,True,True,False,-0.0004224346366328291,0.08331794653465341,108124.89278371586,0.8473638994330656,Q4,BEAR,short,193,0.04712270222867932,True
3.3760416666666586,Q1,0.00107867648625045,0.5331687750694781,Q2,1,2025-12,2402205.2976074964,2025Q4,3129.8,654541,2025-12-15 02:10:00,2025,0.12671119321680552,Q2,0.42796236401058424,Q3,0.1670870950610729,Q1,655288,2025-12-17 16:25:00,True,False,True,-0.08780855152379019,0.015546055363699907,-204304.39176057372,0.7718243509539926,Q3,BEAR,long,194,-0.08504868087837997,False
3.4735069444444338,Q2,0.001171278015506103,1.154452852444662,Q3,1,2025-12,2197900.9058469227,2025Q4,2965.57,657584,2025-12-25 15:45:00,2025,0.1414989142555353,Q2,0.6378848728246499,Q5,0.4638107567376818,Q5,661320,2026-01-07 15:05:00,True,True,False,-0.024970395722793803,0.1145111896289095,153802.9006437799,0.7471562181558853,Q3,BEAR,long,195,0.06997717696672709,True
6.245555555555546,Q4,0.001971805392875469,1.0279309731364659,Q3,-1,2026-01,2351703.8064907026,2026Q1,3167.43,661320,2026-01-07 15:05:00,2026,0.24555505073451503,Q5,0.5038823048631011,Q4,0.2988321773667692,Q4,662399,2026-01-11 09:00:00,True,False,False,-0.0031725898378935913,0.03837505329653812,50802.65100579942,0.55510851194165,Q2,BEAR,short,196,0.021602487041771205,True
2.8817708333333396,Q1,0.0009282321065436676,0.6593168263148683,Q3,1,2026-01,2402036.1167352037,2026Q1,3104.58,662399,2026-01-11 09:00:00,2026,0.08139212423738024,Q1,0.5530546623794478,Q4,0.1209503239740786,Q1,663918,2026-01-16 15:35:00,True,True,False,-0.011673602829731733,0.09426046546686173,138377.4217465222,0.5232477818950141,Q1,BEAR,long,197,0.057608385145599655,True
5.612812500000003,Q3,0.0017176803349175415,1.5464617782973922,Q4,-1,2026-01,2540413.538481726,2026Q1,3267.67,663918,2026-01-16 15:35:00,2026,0.1809890321339228,Q3,0.2877298668357633,Q2,0.1783757097013095,Q2,664479,2026-01-18 14:20:00,True,False,True,-0.018290145929456214,0.011486533337435878,-42112.411833068356,0.564374075330517,Q2,BEAR,short,198,-0.016576990791127958,False
2.2918923611111004,Q1,0.0006862754516578583,2.9844333512609382,Q5,1,2026-01,2497793.0439409614,2026Q1,3339.61,664479,2026-01-18 14:20:00,2026,0.16925308194343766,Q3,0.32594339622642526,Q2,0.20835310868533571,Q2,664944,2026-01-20 05:05:00,True,False,True,-0.05635017804086595,0.00801685313979017,-132394.75720662205,0.5553324489904111,Q2,BEAR,long,199,-0.053004694495318395,False
5.053246527777769,Q3,0.001703529105826631,1.7929067877842482,Q4,1,2026-01,2365398.2867343393,2026Q1,2966.34,667093,2026-01-27 16:10:00,2026,0.14706722723376586,Q3,0.371990369181382,Q3,0.3155001832172968,Q4,667528,2026-01-29 04:25:00,True,False,False,-0.01583648012063532,0.02638684413349668,-21354.159727001563,0.6048821985388385,Q2,BEAR,long,200,-0.009027722665886868,False
4.836545138888897,Q3,0.0016449658830113825,1.116499452590788,Q3,-1,2026-01,2344044.1270073378,2026Q1,2940.21,667528,2026-01-29 04:25:00,2026,0.22284628496381262,Q4,0.2616588105505981,Q2,0.28471491929952714,Q3,670116,2026-02-07 04:05:00,True,True,False,-0.009443266087664437,0.6810050912666425,675483.411179737,0.5957479685258118,Q2,BEAR,short,201,0.2881700917644979,True
11.575677083333343,Q5,0.005526438023170698,0.08638803525711682,Q2,1,2026-02,3019058.729361673,2026Q1,2094.6,670116,2026-02-07 04:05:00,2026,0.07771179730799618,Q1,0.3716397849462339,Q3,0.1500323744334478,Q1,670665,2026-02-09 01:50:00,True,False,True,-0.04642674970458083,0.027418588073434558,-55662.69902890781,1.0176575325963029,Q5,BEAR,long,202,-0.018437103752756978,False
5.525434027777781,Q5,0.0026863834287606564,0.5990479631753312,Q3,-1,2026-02,2963396.030332765,2026Q1,2056.83,670665,2026-02-09 01:50:00,2026,0.06820918630655523,Q1,0.34803471158755,Q2,0.12096692966258328,Q1,671977,2026-02-13 15:10:00,True,False,False,-0.04407981508744574,0.08246726353486422,62265.046605071984,1.053084376343225,Q5,BEAR,short,203,0.021011382200603182,True
4.773906250000001,Q4,0.0023684084865503116,2.9661244394985924,Q5,1,2026-02,3025068.3977317703,2026Q1,2015.66,671977,2026-02-13 15:10:00,2026,0.26197969241731534,Q5,0.3717857425429238,Q3,0.27547317838580027,Q3,672526,2026-02-15 12:55:00,True,False,False,-0.0007317156709825134,0.04707162752756133,19636.90608833218,1.074289011547421,Q5,BEAR,long,204,0.006491392427045996,True
3.4489062499999936,Q3,0.0017021128932757526,2.94006251982063,Q5,-1,2026-02,3044705.3038201025,2026Q1,2026.25,672526,2026-02-15 12:55:00,2026,0.20948198747661942,Q4,0.6235331940202622,Q5,0.317924926191484,Q4,673329,2026-02-18 07:50:00,True,False,False,-0.0006936052245385405,0.049730688206249596,5801.291542027611,1.0794939208678618,Q5,BEAR,short,205,0.0019053704589238574,True
3.6497222222222234,Q3,0.0018051756704251258,1.822056473095327,Q4,1,2026-02,3049897.654301366,2026Q1,2021.81,673329,2026-02-18 07:50:00,2026,0.1519661090593097,Q3,0.6159999999999964,Q5,0.3172271791352113,Q4,674551,2026-02-22 13:40:00,True,False,True,-0.05697435650988614,0.007979192662859624,-107210.95022560377,1.093997111773969,Q5,BEAR,long,206,-0.03515231079128207,False
2.302413194444446,Q2,0.0011780906252913722,2.1629479938772036,Q4,-1,2026-02,2942686.704075762,2026Q1,1954.36,674551,2026-02-22 13:40:00,2026,0.1860465116279049,Q4,0.6714559386973155,Q5,0.35786568537258207,Q4,675266,2026-02-25 01:15:00,True,False,False,-0.004580365952819632,0.08400876355073761,71714.46399317449,0.9743456528053264,Q4,BEAR,short,207,0.024370404057573142,True
4.4906597222222135,Q4,0.002358292050321507,6.6649449861209105,Q5,1,2026-02,3013812.6307281214,2026Q1,1904.2,675266,2026-02-25 01:15:00,2026,0.2181384609561308,Q4,0.53738532110092,Q4,0.3531529129449419,Q4,675963,2026-02-27 11:20:00,True,False,False,-0.013800466865176553,0.12611146545245044,101678.32145045651,0.9045996201066165,Q4,BEAR,long,208,0.03373743955207048,True
5.814618055555556,Q5,0.0029557688582080997,1.5031081863836968,Q4,-1,2026-02,3115490.952178578,2026Q1,1967.21,675963,2026-02-27 11:20:00,2026,0.19052842118846247,Q4,0.5920168873536752,Q4,0.38868209526892017,Q5,676425,2026-03-01 01:50:00,True,False,False,-0.02726952737598176,0.07250470853483204,-31531.253458942287,0.7505916131682207,Q3,BEAR,short,209,-0.010120797634444529,False
5.2477256944444415,Q5,0.0026387719085052756,0.7527070258610798,Q3,1,2026-03,3083336.6005292,2026Q1,1988.7,676425,2026-03-01 01:50:00,2026,0.19239042753428381,Q4,0.3010900624404703,Q2,0.16823245546485954,Q2,677958,2026-03-06 09:35:00,True,False,False,-0.04115390425793852,0.1051381892196308,95215.6939213723,0.7414421641061553,Q3,BEAR,long,210,0.03088073287393605,True
5.94526041666666,Q5,0.002899759258175382,0.8527801382403221,Q3,-1,2026-03,3178552.294450572,2026Q1,2050.26,677958,2026-03-06 09:35:00,2026,0.09101986109418897,Q1,0.78084757667994,Q5,0.14049886621315458,Q1,678745,2026-03-09 03:10:00,True,True,False,-0.00826219913397952,0.07243613714656094,107714.94338189298,0.7661980605581757,Q3,BEAR,short,211,0.0338880513527974,True
3.184687500000003,Q3,0.0016069428255703077,0.9671278579138218,Q3,1,2026-03,3285631.527373575,2026Q1,1981.83,678745,2026-03-09 03:10:00,2026,0.1339552895616968,Q2,0.32727862471618613,Q2,0.18634870769670084,Q2,680265,2026-03-14 09:50:00,True,True,False,-0.009342072967292281,0.11393518312949902,138375.05150027527,0.7564447143195073,Q3,BEAR,long,212,0.04211520687801766,True
3.796475694444439,Q3,0.001838709623172025,1.4987584428175054,Q4,-1,2026-03,3424006.5788738504,2026Q1,2064.75,680265,2026-03-14 09:50:00,2026,0.20675241157556395,Q4,0.5993150684931591,Q4,0.4611973392461291,Q5,680700,2026-03-15 22:05:00,True,False,True,-0.03963214319409181,0.0017970503677344762,-134307.6539521031,0.782419196616401,Q3,BEAR,short,213,-0.03922529085685246,False
1.6939930555555607,Q1,0.0007899502690950792,0.2538381126118689,Q2,1,2026-03,3289014.1236059726,2026Q1,2144.43,680700,2026-03-15 22:05:00,2026,0.2692783913624891,Q5,0.44203000140193155,Q3,0.22172241760039074,Q2,681437,2026-03-18 11:30:00,True,True,False,-0.01001653080718945,0.11065091821967976,220104.04612457938,0.7681429824893719,Q3,BEAR,long,214,0.06692097931256803,True
4.801458333333333,Q4,0.0020922663401398483,0.5456675489217458,Q2,-1,2026-03,3509118.169730552,2026Q1,2294.86,681437,2026-03-18 11:30:00,2026,0.21565617805065157,Q4,0.6773722627737184,Q5,0.2926226614895865,Q3,682873,2026-03-23 11:10:00,True,True,False,-0.00219828477597539,0.1323496166235203,206137.00499778846,0.7639748788827608,Q3,BEAR,short,215,0.058743249736048844,True
3.1697916666666597,Q2,0.001479655346792699,0.018928688793936162,Q1,-1,2026-03,3714553.3510943945,2026Q1,2142.25,683665,2026-03-26 05:10:00,2026,0.12836140069500113,Q2,0.2337542346781802,Q1,0.197233748271091,Q2,684789,2026-03-30 02:50:00,True,True,False,-0.0018120600668767306,0.10318138144329891,175497.21646333812,0.7001426330037706,Q3,BEAR,short,216,0.04724584623656907,True
2.1513194444444435,Q1,0.0010548424073138823,6.126472771877756,Q5,1,2026-03,3889307.6568875136,2026Q1,2039.47,684789,2026-03-30 02:50:00,2026,0.12909644194756573,Q2,0.5139980692318283,Q4,0.1859555948956259,Q2,685646,2026-04-02 02:15:00,True,False,False,-0.012847958944252169,0.06270164307706971,78668.204007864,0.6938333072042056,Q3,BEAR,long,217,0.020226788659557883,True
4.064670138888889,Q4,0.001956105632929194,1.0505157501334712,Q3,-1,2026-04,3967975.8608953776,2026Q2,2077.94,685646,2026-04-02 02:15:00,2026,0.18255675029868534,Q3,0.4125394429962969,Q3,0.40208026896406857,Q5,686759,2026-04-05 23:00:00,True,False,False,-0.005591332289661688,0.0313363843599781,-10664.777364131529,0.6916752636129089,Q3,BEAR,short,218,-0.002687712258845499,False
1.2594097222222196,Q1,0.0006039088927569949,2.0247580711861346,Q4,1,2026-04,3956517.488359067,2026Q2,2085.43,686759,2026-04-05 23:00:00,2026,0.20737152085114313,Q4,0.32105552501374235,Q2,0.16293982242683167,Q1,687192,2026-04-07 11:05:00,True,False,False,-0.0017765915400207444,0.04190424862528119,3790.1846076501533,0.6524519207708229,Q3,BEAR,long,219,0.0009579597761924973,True
3.1906944444444445,Q2,0.0015293482006242813,0.8524789970836126,Q3,-1,2026-04,3960307.6729667173,2026Q2,2086.31,687192,2026-04-07 11:05:00,2026,0.12468478565424375,Q2,0.7582205029013686,Q5,0.1392245266005414,Q1,688412,2026-04-11 16:45:00,True,False,True,-0.0884242705630669,0.013464935493258112,-333684.99608152965,0.647970643670579,Q3,BEAR,short,220,-0.08425734150891412,False
2.6240972222222334,Q2,0.0011596220860148896,1.6196046259295456,Q4,1,2026-04,3625830.6153505943,2026Q2,2262.89,688412,2026-04-11 16:45:00,2026,0.26547921967769217,Q5,0.5611371791333056,Q4,0.2682634730538926,Q3,689818,2026-04-16 13:55:00,True,False,False,-0.03953571827960145,0.06592754565012049,51064.37563137896,0.6316001024783535,Q2,BEAR,long,221,0.014083497286163593,True
3.505538194444457,Q2,0.0015244784494213772,2.487492509372504,Q4,-1,2026-04,3676894.9909819732,2026Q2,2299.5,689818,2026-04-16 13:55:00,2026,0.25074856702882836,Q5,0.58460137859279,Q4,0.2966351829988171,Q4,691407,2026-04-22 02:20:00,True,False,True,-0.07208760959990479,0.01992874233428288,-75617.12028860021,0.5734426584957527,Q2,BEAR,short,222,-0.02056548268962271,False
3.8091666666666817,Q3,0.0016225237965424087,0.2677751039159863,Q2,1,2026-04,3600542.491695177,2026Q2,2347.68,691407,2026-04-22 02:20:00,2026,0.1613383453049974,Q3,0.3606932635709587,Q2,0.30237067066184414,Q4,691879,2026-04-23 17:40:00,True,False,True,-0.02406044747771474,0.0330648932573574,-79703.20448626671,0.5531691804606188,Q2,BEAR,long,223,-0.022136443236014006,False
2.5343229166666728,Q1,0.0011194401377551649,0.15388725621154437,Q2,-1,2026-04,3520839.28720891,2026Q2,2263.92,693265,2026-04-28 13:10:00,2026,0.1710509431541131,Q3,0.27161100196463656,Q2,0.3147904033746403,Q4,694011,2026-05-01 03:20:00,True,False,False,-0.036276522433523306,0.01875568739365674,-36962.37565251347,0.5315646742743438,Q2,BEAR,short,224,-0.010498171781596656,False
2.718958333333333,Q2,0.0011899421577423284,2.5267029346409835,Q5,1,2026-05,3483172.743698955,2026Q2,2284.95,694011,2026-05-01 03:20:00,2026,0.1723688025514623,Q3,0.5342535787320986,Q4,0.4396121488663893,Q5,695708,2026-05-07 00:45:00,True,False,False,-0.006277771801262766,0.05938445819834315,72878.66758759832,0.5202935540480292,Q1,BEAR,long,225,0.020923070128932172,True
2.92182291666666,Q2,0.001250609041854994,0.8042924116294115,Q3,-1,2026-05,3556051.4112865534,2026Q2,2336.32,695708,2026-05-07 00:45:00,2026,0.13619602712025672,Q2,0.1451114922813083,Q1,0.128406466512703,Q1,696325,2026-05-09 04:10:00,True,False,False,-0.004819456696078417,0.03053620344307295,21159.40111688059,0.4725838702094471,Q1,BEAR,short,226,0.00595025174543955,True
2.32434027777777,Q1,0.001000396087568227,0.7313903287971202,Q3,1,2026-05,3576499.6021211767,2026Q2,2323.42,696325,2026-05-09 04:10:00,2026,0.05045965270684354,Q1,0.2569195701725892,Q1,0.2063206577595116,Q2,697026,2026-05-11 14:35:00,True,False,False,-0.010290858694158356,0.025951101375853325,-21440.91279254062,0.45851481392345506,Q1,BEAR,long,227,-0.005994943430113703,False
2.1334201388888983,Q1,0.0009240025028861914,1.74836635879074,Q4,-1,2026-05,3555058.689328636,2026Q2,2308.89,697026,2026-05-11 14:35:00,2026,0.17873106170546263,Q3,0.3227848101265874,Q2,0.25375326370757306,Q3,697536,2026-05-13 09:05:00,True,False,False,-0.016038763924191457,0.023107622909050773,-17176.660060382914,0.43252749674246865,Q1,BEAR,short,228,-0.004831610828800884,False
2.573472222222235,Q2,0.0012016923439311126,0.03497220573161231,Q1,1,2026-05,3537171.0175303873,2026Q2,2141.54,699627,2026-05-20 15:20:00,2026,0.05281440977806398,Q1,0.34077308749797885,Q2,0.1214502776904549,Q1,700245,2026-05-22 18:50:00,True,False,True,-0.027720685753266694,0.005693009218161071,-83008.62608184712,0.4154101131556362,Q1,BEAR,long,229,-0.023467518440712206,False
2.109999999999993,Q1,0.00100681869151743,4.507109004739239,Q5,-1,2026-05,3454162.39144854,2026Q2,2095.71,700245,2026-05-22 18:50:00,2026,0.13740570921461334,Q2,0.49386599559610495,Q3,0.22923351158645228,Q3,702222,2026-05-29 15:35:00,True,False,False,-0.025564752237610344,0.0647676692225998,88887.55997676263,0.4224537452614152,Q1,BEAR,short,230,0.025733462965383824,True
2.664201388888886,Q2,0.0013065895337970555,3.633358964667885,Q5,1,2026-05,3542359.1189470133,2026Q2,2039.05,702222,2026-05-29 15:35:00,2026,0.09945288132126608,Q2,0.4359192348565337,Q3,0.189259360481005,Q2,702783,2026-05-31 14:20:00,True,False,True,-0.019083058112790763,0.002014089367712746,-62972.413285859395,0.4379922459842203,Q1,BEAR,long,231,-0.017776970423195915,False
1.7858333333333394,Q1,0.0008896826701606358,3.897340177321519,Q5,-1,2026-05,3479386.705661154,2026Q2,2007.27,702783,2026-05-31 14:20:00,2026,0.22607211007331324,Q5,0.5328708292038361,Q4,0.21349886343766436,Q2,704704,2026-06-07 06:25:00,True,True,False,-0.008564867248227692,0.332150424013016,687331.8549132114,0.4313458437641362,Q1,BEAR,short,232,0.19754396767536206,True
5.698767361111107,Q5,0.0035418289492856435,0.038604839618708905,Q1,1,2026-06,4166022.683233233,2026Q2,1608.99,704704,2026-06-07 06:25:00,2026,0.2073587586895571,Q4,0.16443987667009063,Q1,0.11380252566280201,Q1,705375,2026-06-09 14:20:00,True,False,False,-0.00297059053226445,0.06851913160507661,99040.20316329226,0.6347486796741747,Q2,BEAR,long,233,0.0237733230694816,True
4.062795138888889,Q4,0.002465662351017381,1.9198605229534493,Q4,-1,2026-06,4265062.886396525,2026Q2,1647.75,705375,2026-06-09 14:20:00,2026,0.20356272080410048,Q4,0.39963983931292013,Q3,0.18948053154911204,Q2,705922,2026-06-11 11:55:00,True,False,True,-0.014460017534131397,0.027298455940082178,-47737.622058779,0.686159671011389,Q3,BEAR,short,234,-0.011192712353911305,False
3.2968923611111145,Q4,0.0019749320768380377,0.6157313547585231,Q3,1,2026-06,4216472.251760467,2026Q2,1669.37,705922,2026-06-11 11:55:00,2026,0.1263473870923727,Q2,0.3387652773425257,Q2,0.28538128538128565,Q3,706102,2026-06-12 02:55:00,True,False,False,-0.020318447244741855,0.015581715579321864,22031.117243972607,0.7071304831223824,Q3,BEAR,long,235,0.005225011793869661,True
