affected,baseline_return_pct,component,decision_bar,decision_time,delta_pct,direction,entry_step,entry_time,exit_step,extension,in_oos,is_top20_norm,is_worst20_norm,missed_profit,saved_loss,trade_id,variant_return_pct,year
True,0.20655089262603532,fib_ext_1p000_1p618,15686,2019-11-17 00:00:00,-0.20655089262603532,short,15687,2019-11-17 00:05:00,30375,0.19914346895075147,False,True,False,0.20655089262603532,0.0,17,0.0,2019
True,-0.0009571719401320593,fib_ext_1p000_1p618,30662,2020-01-08 00:00:00,0.0009571719401320593,short,30663,2020-01-08 00:05:00,31527,0.3322932917316687,False,False,False,0.0,0.0009571719401320593,18,0.0,2020
True,0.2514462424741376,fib_ext_1p000_1p618,32678,2020-01-15 00:00:00,-0.2514462424741376,long,32679,2020-01-15 00:05:00,48231,0.7922636103151868,False,True,False,0.2514462424741376,0.0,19,0.0,2020
True,0.2912568473765356,fib_ext_1p000_1p618,48806,2020-03-11 00:00:00,-0.2912568473765356,short,48807,2020-03-11 00:05:00,55344,0.4229607250755289,False,True,False,0.2912568473765356,0.0,20,0.0,2020
True,-0.0334567977711157,fib_ext_1p000_1p618,57446,2020-04-10 00:00:00,0.0334567977711157,long,57447,2020-04-10 00:05:00,57493,0.5886075949367091,False,False,False,0.0,0.0334567977711157,21,0.0,2020
True,-0.14311872759442293,fib_ext_1p000_1p618,101494,2020-09-11 00:00:00,0.14311872759442293,long,101495,2020-09-11 00:05:00,105239,0.7154592979835693,False,False,True,0.0,0.14311872759442293,26,0.0,2020
True,1.557773262169884,fib_ext_1p000_1p618,109846,2020-10-10 00:00:00,-1.557773262169884,long,109847,2020-10-10 00:05:00,136783,0.8179176755447944,False,True,False,1.557773262169884,0.0,27,0.0,2020
True,-0.21436887358690393,fib_ext_1p000_1p618,175756,2021-05-27 00:00:00,0.21436887358690393,long,175757,2021-05-27 00:05:00,176621,0.9117058588141144,False,False,True,0.0,0.21436887358690393,29,0.0,2021
True,-0.049616368108637086,fib_ext_1p000_1p618,178060,2021-06-04 00:00:00,0.049616368108637086,long,178061,2021-06-04 00:05:00,178925,0.7804515225761295,False,False,False,0.0,0.049616368108637086,30,0.0,2021
True,-0.05842175757489679,fib_ext_1p000_1p618,183244,2021-06-22 00:00:00,0.05842175757489679,short,183245,2021-06-22 00:05:00,184016,0.9450263688725785,False,False,False,0.0,0.05842175757489679,31,0.0,2021
True,-0.1004112191395893,fib_ext_1p000_1p618,184303,2021-06-26 00:00:00,0.1004112191395893,short,184304,2021-06-26 00:05:00,184880,0.964935968250071,False,False,True,0.0,0.1004112191395893,32,0.0,2021
True,-0.04177033428058151,fib_ext_1p000_1p618,189487,2021-07-14 00:00:00,0.04177033428058151,short,189488,2021-07-14 00:05:00,192080,0.8197010969594347,False,False,False,0.0,0.04177033428058151,33,0.0,2021
True,0.4015650210313255,fib_ext_1p000_1p618,192655,2021-07-25 00:00:00,-0.4015650210313255,long,192656,2021-07-25 00:05:00,209936,0.9210876311511749,False,True,False,0.4015650210313255,0.0,34,0.0,2021
True,0.26407423139768543,fib_ext_1p000_1p618,212527,2021-10-02 00:00:00,-0.26407423139768543,long,212528,2021-10-02 00:05:00,231248,0.9536593844426026,False,True,False,0.26407423139768543,0.0,35,0.0,2021
True,-0.06376866509727644,fib_ext_1p000_1p618,231535,2021-12-07 00:00:00,0.06376866509727644,long,231536,2021-12-07 00:05:00,232976,0.9639905548996452,False,False,False,0.0,0.06376866509727644,36,0.0,2021
True,0.2763522693933543,fib_ext_1p000_1p618,240463,2022-01-07 00:00:00,-0.2763522693933543,short,240464,2022-01-07 00:05:00,246224,0.7878751857355123,False,True,False,0.2763522693933543,0.0,37,0.0,2022
True,-0.05202724641547224,fib_ext_1p000_1p618,246223,2022-01-27 00:00:00,0.05202724641547224,long,246224,2022-01-27 00:05:00,246475,0.19727170798554927,False,False,False,0.0,0.05202724641547224,38,0.0,2022
True,-0.01629924536391477,fib_ext_1p000_1p618,266377,2022-04-07 00:00:00,0.01629924536391477,short,266378,2022-04-07 00:05:00,266666,0.9707000316756415,False,False,False,0.0,0.01629924536391477,51,0.0,2022
True,-0.037740005176390166,fib_ext_1p000_1p618,267817,2022-04-12 00:00:00,0.037740005176390166,short,267818,2022-04-12 00:05:00,268277,0.8874800570996717,False,False,False,0.0,0.037740005176390166,53,0.0,2022
True,-0.017321650265861473,fib_ext_1p000_1p618,355571,2023-02-11 00:00:00,0.017321650265861473,short,355572,2023-02-11 00:05:00,355860,0.859764467885268,False,False,False,0.0,0.017321650265861473,117,0.0,2023
True,-0.030145332259529648,fib_ext_1p000_1p618,363059,2023-03-09 00:00:00,0.030145332259529648,short,363060,2023-03-09 00:05:00,364212,0.8019313304721032,False,False,False,0.0,0.030145332259529648,119,0.0,2023
True,0.16598928983614955,fib_ext_1p000_1p618,364212,2023-03-13 00:05:00,-0.16598928983614955,long,364213,2023-03-13 00:10:00,381204,0.9157861831822443,False,False,False,0.16598928983614955,0.0,120,0.0,2023
True,-0.014525220878661425,fib_ext_1p000_1p618,384947,2023-05-24 00:00:00,0.014525220878661425,long,384948,2023-05-24 00:05:00,385812,0.6763252087949551,False,False,False,0.0,0.014525220878661425,121,0.0,2023
True,-0.03746454833123242,fib_ext_1p000_1p618,386387,2023-05-29 00:00:00,0.03746454833123242,long,386388,2023-05-29 00:05:00,389844,0.924846625766872,False,False,False,0.0,0.03746454833123242,122,0.0,2023
True,-0.04840016564708447,fib_ext_1p000_1p618,391283,2023-06-15 00:00:00,0.04840016564708447,short,391284,2023-06-15 00:05:00,392148,0.9018833256775373,False,False,False,0.0,0.04840016564708447,123,0.0,2023
True,-0.007701763669027613,fib_ext_1p000_1p618,392435,2023-06-19 00:00:00,0.007701763669027613,short,392436,2023-06-19 00:05:00,392724,0.685096917699394,False,False,False,0.0,0.007701763669027613,124,0.0,2023
True,-0.03148826776385954,fib_ext_1p000_1p618,393299,2023-06-22 00:00:00,0.03148826776385954,long,393300,2023-06-22 00:05:00,405972,0.917776813928992,False,False,False,0.0,0.03148826776385954,125,0.0,2023
True,0.027099270929567206,fib_ext_1p000_1p618,409715,2023-08-18 00:00:00,-0.027099270929567206,short,409716,2023-08-18 00:05:00,415082,0.7405825442568953,False,False,False,0.027099270929567206,0.0,126,0.0,2023
True,-0.005811743505817661,fib_ext_1p000_1p618,457235,2024-01-30 00:00:00,0.005811743505817661,long,457236,2024-01-30 00:05:00,459252,0.919235364396652,False,False,False,0.0,0.005811743505817661,137,0.0,2024
True,0.3964636158999721,fib_ext_1p000_1p618,459539,2024-02-07 00:00:00,-0.3964636158999721,long,459540,2024-02-07 00:05:00,476244,0.8608155193521072,False,True,False,0.3964636158999721,0.0,138,0.0,2024
True,-0.06587046919547564,fib_ext_1p000_1p618,476819,2024-04-07 00:00:00,0.06587046919547564,long,476820,2024-04-07 00:05:00,479124,0.5760103383458647,False,False,False,0.0,0.06587046919547564,139,0.0,2024
True,-0.0854920811621045,fib_ext_1p000_1p618,489491,2024-05-21 00:00:00,0.0854920811621045,long,489492,2024-05-21 00:05:00,499572,0.9908913050450626,False,False,True,0.0,0.0854920811621045,140,0.0,2024
True,-0.06248649657833515,fib_ext_1p000_1p618,505619,2024-07-16 00:00:00,0.06248649657833515,long,505620,2024-07-16 00:05:00,508788,0.98954487535531,True,False,False,0.0,0.06248649657833515,142,0.0,2024
True,0.08480817771416374,fib_ext_1p000_1p618,510803,2024-08-03 00:00:00,-0.08480817771416374,short,510804,2024-08-03 00:05:00,514048,0.9040814683625829,True,False,False,0.08480817771416374,0.0,143,0.0,2024
True,-0.026130775443796026,fib_ext_1p000_1p618,552275,2024-12-25 00:00:00,0.026130775443796026,long,552276,2024-12-25 00:05:00,553428,0.804883121204559,True,False,False,0.0,0.026130775443796026,166,0.0,2024
True,-0.06822269535312989,fib_ext_1p000_1p618,554867,2025-01-03 00:00:00,0.06822269535312989,long,554868,2025-01-03 00:05:00,556884,0.7172659895690366,True,False,False,0.0,0.06822269535312989,167,0.0,2025
True,-0.05183952824174814,fib_ext_1p000_1p618,558611,2025-01-16 00:00:00,0.05183952824174814,long,558612,2025-01-16 00:05:00,560052,0.8988488856233167,True,False,False,0.0,0.05183952824174814,168,0.0,2025
True,-0.055966475280669274,fib_ext_1p000_1p618,562355,2025-01-29 00:00:00,0.055966475280669274,short,562356,2025-01-29 00:05:00,562932,0.8203116936732371,True,False,False,0.0,0.055966475280669274,169,0.0,2025
True,0.14402831178742412,fib_ext_1p000_1p618,563507,2025-02-02 00:00:00,-0.14402831178742412,short,563508,2025-02-02 00:05:00,566964,0.9430975092739804,True,False,False,0.14402831178742412,0.0,170,0.0,2025
True,-0.013774062852307199,fib_ext_1p000_1p618,566963,2025-02-14 00:00:00,0.013774062852307199,long,566964,2025-02-14 00:05:00,568315,0.34749727965179533,True,False,False,0.0,0.013774062852307199,171,0.0,2025
True,-0.029174613883616682,fib_ext_1p000_1p618,599219,2025-06-06 00:00:00,0.029174613883616682,short,599220,2025-06-06 00:05:00,599508,0.950190415142717,True,False,False,0.0,0.029174613883616682,186,0.0,2025
True,-0.01819877125194002,fib_ext_1p000_1p618,632627,2025-09-30 00:00:00,0.01819877125194002,long,632628,2025-09-30 00:05:00,636372,0.922059880239519,True,False,False,0.0,0.01819877125194002,193,0.0,2025
True,-0.06156461440364071,fib_ext_1p000_1p618,640403,2025-10-27 00:00:00,0.06156461440364071,long,640404,2025-10-27 00:05:00,641268,0.9391809650948185,True,False,False,0.0,0.06156461440364071,194,0.0,2025
True,0.17958828656566478,fib_ext_1p000_1p618,642707,2025-11-04 00:00:00,-0.17958828656566478,short,642708,2025-11-04 00:05:00,649044,0.8860393202644046,True,False,False,0.17958828656566478,0.0,195,0.0,2025
True,0.010835834389590198,fib_ext_1p000_1p618,649043,2025-11-26 00:00:00,-0.010835834389590198,long,649044,2025-11-26 00:05:00,650032,0.8127815530274114,True,False,False,0.010835834389590198,0.0,196,0.0,2025
True,-0.014148019197470363,fib_ext_1p000_1p382,13736,2019-11-10 05:30:00,0.014148019197470363,long,13737,2019-11-10 05:35:00,14236,1.4040404040404004,False,False,False,0.0,0.014148019197470363,15,0.0,2019
True,0.20655089262603532,fib_ext_1p000_1p382,15686,2019-11-17 00:00:00,-0.20655089262603532,short,15687,2019-11-17 00:05:00,30375,0.19914346895075147,False,True,False,0.20655089262603532,0.0,17,0.0,2019
True,-0.0009571719401320593,fib_ext_1p000_1p382,30662,2020-01-08 00:00:00,0.0009571719401320593,short,30663,2020-01-08 00:05:00,31527,0.3322932917316687,False,False,False,0.0,0.0009571719401320593,18,0.0,2020
True,0.2514462424741376,fib_ext_1p000_1p382,32678,2020-01-15 00:00:00,-0.2514462424741376,long,32679,2020-01-15 00:05:00,48231,0.7922636103151868,False,True,False,0.2514462424741376,0.0,19,0.0,2020
True,0.2912568473765356,fib_ext_1p000_1p382,48806,2020-03-11 00:00:00,-0.2912568473765356,short,48807,2020-03-11 00:05:00,55344,0.4229607250755289,False,True,False,0.2912568473765356,0.0,20,0.0,2020
True,-0.0334567977711157,fib_ext_1p000_1p382,57446,2020-04-10 00:00:00,0.0334567977711157,long,57447,2020-04-10 00:05:00,57493,0.5886075949367091,False,False,False,0.0,0.0334567977711157,21,0.0,2020
True,-0.14311872759442293,fib_ext_1p000_1p382,101494,2020-09-11 00:00:00,0.14311872759442293,long,101495,2020-09-11 00:05:00,105239,0.7154592979835693,False,False,True,0.0,0.14311872759442293,26,0.0,2020
True,1.557773262169884,fib_ext_1p000_1p382,109846,2020-10-10 00:00:00,-1.557773262169884,long,109847,2020-10-10 00:05:00,136783,0.8179176755447944,False,True,False,1.557773262169884,0.0,27,0.0,2020
True,-0.21436887358690393,fib_ext_1p000_1p382,175756,2021-05-27 00:00:00,0.21436887358690393,long,175757,2021-05-27 00:05:00,176621,0.9117058588141144,False,False,True,0.0,0.21436887358690393,29,0.0,2021
True,-0.049616368108637086,fib_ext_1p000_1p382,178060,2021-06-04 00:00:00,0.049616368108637086,long,178061,2021-06-04 00:05:00,178925,0.7804515225761295,False,False,False,0.0,0.049616368108637086,30,0.0,2021
True,-0.05842175757489679,fib_ext_1p000_1p382,183244,2021-06-22 00:00:00,0.05842175757489679,short,183245,2021-06-22 00:05:00,184016,0.9450263688725785,False,False,False,0.0,0.05842175757489679,31,0.0,2021
True,-0.1004112191395893,fib_ext_1p000_1p382,184303,2021-06-26 00:00:00,0.1004112191395893,short,184304,2021-06-26 00:05:00,184880,0.964935968250071,False,False,True,0.0,0.1004112191395893,32,0.0,2021
True,-0.04177033428058151,fib_ext_1p000_1p382,189487,2021-07-14 00:00:00,0.04177033428058151,short,189488,2021-07-14 00:05:00,192080,0.8197010969594347,False,False,False,0.0,0.04177033428058151,33,0.0,2021
True,0.4015650210313255,fib_ext_1p000_1p382,192655,2021-07-25 00:00:00,-0.4015650210313255,long,192656,2021-07-25 00:05:00,209936,0.9210876311511749,False,True,False,0.4015650210313255,0.0,34,0.0,2021
True,0.26407423139768543,fib_ext_1p000_1p382,212527,2021-10-02 00:00:00,-0.26407423139768543,long,212528,2021-10-02 00:05:00,231248,0.9536593844426026,False,True,False,0.26407423139768543,0.0,35,0.0,2021
True,-0.06376866509727644,fib_ext_1p000_1p382,231535,2021-12-07 00:00:00,0.06376866509727644,long,231536,2021-12-07 00:05:00,232976,0.9639905548996452,False,False,False,0.0,0.06376866509727644,36,0.0,2021
True,0.2763522693933543,fib_ext_1p000_1p382,240463,2022-01-07 00:00:00,-0.2763522693933543,short,240464,2022-01-07 00:05:00,246224,0.7878751857355123,False,True,False,0.2763522693933543,0.0,37,0.0,2022
True,-0.05202724641547224,fib_ext_1p000_1p382,246223,2022-01-27 00:00:00,0.05202724641547224,long,246224,2022-01-27 00:05:00,246475,0.19727170798554927,False,False,False,0.0,0.05202724641547224,38,0.0,2022
True,-0.01629924536391477,fib_ext_1p000_1p382,266377,2022-04-07 00:00:00,0.01629924536391477,short,266378,2022-04-07 00:05:00,266666,0.9707000316756415,False,False,False,0.0,0.01629924536391477,51,0.0,2022
True,-0.037740005176390166,fib_ext_1p000_1p382,267817,2022-04-12 00:00:00,0.037740005176390166,short,267818,2022-04-12 00:05:00,268277,0.8874800570996717,False,False,False,0.0,0.037740005176390166,53,0.0,2022
True,-0.09541532040236783,fib_ext_1p000_1p382,287195,2022-06-18 06:50:00,0.09541532040236783,short,287196,2022-06-18 06:55:00,287629,1.5414597441685511,False,False,True,0.0,0.09541532040236783,68,0.0,2022
True,-0.025678378359524058,fib_ext_1p000_1p382,341143,2022-12-22 14:30:00,0.025678378359524058,short,341144,2022-12-22 14:35:00,342408,1.390113162596782,False,False,False,0.0,0.025678378359524058,114,0.0,2022
True,-0.017321650265861473,fib_ext_1p000_1p382,355571,2023-02-11 00:00:00,0.017321650265861473,short,355572,2023-02-11 00:05:00,355860,0.859764467885268,False,False,False,0.0,0.017321650265861473,117,0.0,2023
True,-0.030145332259529648,fib_ext_1p000_1p382,363059,2023-03-09 00:00:00,0.030145332259529648,short,363060,2023-03-09 00:05:00,364212,0.8019313304721032,False,False,False,0.0,0.030145332259529648,119,0.0,2023
True,0.16598928983614955,fib_ext_1p000_1p382,364212,2023-03-13 00:05:00,-0.16598928983614955,long,364213,2023-03-13 00:10:00,381204,0.9157861831822443,False,False,False,0.16598928983614955,0.0,120,0.0,2023
True,-0.014525220878661425,fib_ext_1p000_1p382,384947,2023-05-24 00:00:00,0.014525220878661425,long,384948,2023-05-24 00:05:00,385812,0.6763252087949551,False,False,False,0.0,0.014525220878661425,121,0.0,2023
True,-0.03746454833123242,fib_ext_1p000_1p382,386387,2023-05-29 00:00:00,0.03746454833123242,long,386388,2023-05-29 00:05:00,389844,0.924846625766872,False,False,False,0.0,0.03746454833123242,122,0.0,2023
True,-0.04840016564708447,fib_ext_1p000_1p382,391283,2023-06-15 00:00:00,0.04840016564708447,short,391284,2023-06-15 00:05:00,392148,0.9018833256775373,False,False,False,0.0,0.04840016564708447,123,0.0,2023
True,-0.007701763669027613,fib_ext_1p000_1p382,392435,2023-06-19 00:00:00,0.007701763669027613,short,392436,2023-06-19 00:05:00,392724,0.685096917699394,False,False,False,0.0,0.007701763669027613,124,0.0,2023
True,-0.03148826776385954,fib_ext_1p000_1p382,393299,2023-06-22 00:00:00,0.03148826776385954,long,393300,2023-06-22 00:05:00,405972,0.917776813928992,False,False,False,0.0,0.03148826776385954,125,0.0,2023
True,0.027099270929567206,fib_ext_1p000_1p382,409715,2023-08-18 00:00:00,-0.027099270929567206,short,409716,2023-08-18 00:05:00,415082,0.7405825442568953,False,False,False,0.027099270929567206,0.0,126,0.0,2023
True,-0.005811743505817661,fib_ext_1p000_1p382,457235,2024-01-30 00:00:00,0.005811743505817661,long,457236,2024-01-30 00:05:00,459252,0.919235364396652,False,False,False,0.0,0.005811743505817661,137,0.0,2024
True,0.3964636158999721,fib_ext_1p000_1p382,459539,2024-02-07 00:00:00,-0.3964636158999721,long,459540,2024-02-07 00:05:00,476244,0.8608155193521072,False,True,False,0.3964636158999721,0.0,138,0.0,2024
True,-0.06587046919547564,fib_ext_1p000_1p382,476819,2024-04-07 00:00:00,0.06587046919547564,long,476820,2024-04-07 00:05:00,479124,0.5760103383458647,False,False,False,0.0,0.06587046919547564,139,0.0,2024
True,-0.0854920811621045,fib_ext_1p000_1p382,489491,2024-05-21 00:00:00,0.0854920811621045,long,489492,2024-05-21 00:05:00,499572,0.9908913050450626,False,False,True,0.0,0.0854920811621045,140,0.0,2024
True,-0.06248649657833515,fib_ext_1p000_1p382,505619,2024-07-16 00:00:00,0.06248649657833515,long,505620,2024-07-16 00:05:00,508788,0.98954487535531,True,False,False,0.0,0.06248649657833515,142,0.0,2024
True,0.08480817771416374,fib_ext_1p000_1p382,510803,2024-08-03 00:00:00,-0.08480817771416374,short,510804,2024-08-03 00:05:00,514048,0.9040814683625829,True,False,False,0.08480817771416374,0.0,143,0.0,2024
True,-0.026130775443796026,fib_ext_1p000_1p382,552275,2024-12-25 00:00:00,0.026130775443796026,long,552276,2024-12-25 00:05:00,553428,0.804883121204559,True,False,False,0.0,0.026130775443796026,166,0.0,2024
True,-0.06822269535312989,fib_ext_1p000_1p382,554867,2025-01-03 00:00:00,0.06822269535312989,long,554868,2025-01-03 00:05:00,556884,0.7172659895690366,True,False,False,0.0,0.06822269535312989,167,0.0,2025
True,-0.05183952824174814,fib_ext_1p000_1p382,558611,2025-01-16 00:00:00,0.05183952824174814,long,558612,2025-01-16 00:05:00,560052,0.8988488856233167,True,False,False,0.0,0.05183952824174814,168,0.0,2025
True,-0.055966475280669274,fib_ext_1p000_1p382,562355,2025-01-29 00:00:00,0.055966475280669274,short,562356,2025-01-29 00:05:00,562932,0.8203116936732371,True,False,False,0.0,0.055966475280669274,169,0.0,2025
True,0.14402831178742412,fib_ext_1p000_1p382,563507,2025-02-02 00:00:00,-0.14402831178742412,short,563508,2025-02-02 00:05:00,566964,0.9430975092739804,True,False,False,0.14402831178742412,0.0,170,0.0,2025
True,-0.013774062852307199,fib_ext_1p000_1p382,566963,2025-02-14 00:00:00,0.013774062852307199,long,566964,2025-02-14 00:05:00,568315,0.34749727965179533,True,False,False,0.0,0.013774062852307199,171,0.0,2025
True,-0.029174613883616682,fib_ext_1p000_1p382,599219,2025-06-06 00:00:00,0.029174613883616682,short,599220,2025-06-06 00:05:00,599508,0.950190415142717,True,False,False,0.0,0.029174613883616682,186,0.0,2025
True,0.0004224402471647058,fib_ext_1p000_1p382,603795,2025-06-21 21:20:00,-0.0004224402471647058,short,603796,2025-06-21 21:25:00,604284,1.4220039045279944,True,False,False,0.0004224402471647058,0.0,188,0.0,2025
True,-0.01819877125194002,fib_ext_1p000_1p382,632627,2025-09-30 00:00:00,0.01819877125194002,long,632628,2025-09-30 00:05:00,636372,0.922059880239519,True,False,False,0.0,0.01819877125194002,193,0.0,2025
True,-0.06156461440364071,fib_ext_1p000_1p382,640403,2025-10-27 00:00:00,0.06156461440364071,long,640404,2025-10-27 00:05:00,641268,0.9391809650948185,True,False,False,0.0,0.06156461440364071,194,0.0,2025
True,0.17958828656566478,fib_ext_1p000_1p382,642707,2025-11-04 00:00:00,-0.17958828656566478,short,642708,2025-11-04 00:05:00,649044,0.8860393202644046,True,False,False,0.17958828656566478,0.0,195,0.0,2025
True,0.010835834389590198,fib_ext_1p000_1p382,649043,2025-11-26 00:00:00,-0.010835834389590198,long,649044,2025-11-26 00:05:00,650032,0.8127815530274114,True,False,False,0.010835834389590198,0.0,196,0.0,2025
True,0.033737439552070404,fib_ext_1p000_1p382,675265,2026-02-25 01:10:00,-0.033737439552070404,long,675266,2026-02-25 01:15:00,675963,1.4064919190547347,True,False,False,0.033737439552070404,0.0,218,0.0,2026
True,-0.021997673038128697,fib_ext_1p000_1p236,2898,2019-10-03 14:20:00,0.021997673038128697,short,2899,2019-10-03 14:25:00,4027,1.3778135048231503,False,False,False,0.0,0.021997673038128697,2,0.0,2019
True,-0.014148019197470363,fib_ext_1p000_1p236,13736,2019-11-10 05:30:00,0.014148019197470363,long,13737,2019-11-10 05:35:00,14236,1.4040404040404004,False,False,False,0.0,0.014148019197470363,15,0.0,2019
True,0.20655089262603532,fib_ext_1p000_1p236,15686,2019-11-17 00:00:00,-0.20655089262603532,short,15687,2019-11-17 00:05:00,30375,0.19914346895075147,False,True,False,0.20655089262603532,0.0,17,0.0,2019
True,-0.0009571719401320593,fib_ext_1p000_1p236,30662,2020-01-08 00:00:00,0.0009571719401320593,short,30663,2020-01-08 00:05:00,31527,0.3322932917316687,False,False,False,0.0,0.0009571719401320593,18,0.0,2020
True,0.2514462424741376,fib_ext_1p000_1p236,32678,2020-01-15 00:00:00,-0.2514462424741376,long,32679,2020-01-15 00:05:00,48231,0.7922636103151868,False,True,False,0.2514462424741376,0.0,19,0.0,2020
True,0.2912568473765356,fib_ext_1p000_1p236,48806,2020-03-11 00:00:00,-0.2912568473765356,short,48807,2020-03-11 00:05:00,55344,0.4229607250755289,False,True,False,0.2912568473765356,0.0,20,0.0,2020
True,-0.0334567977711157,fib_ext_1p000_1p236,57446,2020-04-10 00:00:00,0.0334567977711157,long,57447,2020-04-10 00:05:00,57493,0.5886075949367091,False,False,False,0.0,0.0334567977711157,21,0.0,2020
True,-0.1700676781228005,fib_ext_1p000_1p236,59162,2020-04-15 23:00:00,0.1700676781228005,short,59163,2020-04-15 23:05:00,59905,1.3486394557823151,False,False,True,0.0,0.1700676781228005,24,0.0,2020
True,-0.14311872759442293,fib_ext_1p000_1p236,101494,2020-09-11 00:00:00,0.14311872759442293,long,101495,2020-09-11 00:05:00,105239,0.7154592979835693,False,False,True,0.0,0.14311872759442293,26,0.0,2020
True,1.557773262169884,fib_ext_1p000_1p236,109846,2020-10-10 00:00:00,-1.557773262169884,long,109847,2020-10-10 00:05:00,136783,0.8179176755447944,False,True,False,1.557773262169884,0.0,27,0.0,2020
True,-0.21436887358690393,fib_ext_1p000_1p236,175756,2021-05-27 00:00:00,0.21436887358690393,long,175757,2021-05-27 00:05:00,176621,0.9117058588141144,False,False,True,0.0,0.21436887358690393,29,0.0,2021
True,-0.049616368108637086,fib_ext_1p000_1p236,178060,2021-06-04 00:00:00,0.049616368108637086,long,178061,2021-06-04 00:05:00,178925,0.7804515225761295,False,False,False,0.0,0.049616368108637086,30,0.0,2021
True,-0.05842175757489679,fib_ext_1p000_1p236,183244,2021-06-22 00:00:00,0.05842175757489679,short,183245,2021-06-22 00:05:00,184016,0.9450263688725785,False,False,False,0.0,0.05842175757489679,31,0.0,2021
True,-0.1004112191395893,fib_ext_1p000_1p236,184303,2021-06-26 00:00:00,0.1004112191395893,short,184304,2021-06-26 00:05:00,184880,0.964935968250071,False,False,True,0.0,0.1004112191395893,32,0.0,2021
True,-0.04177033428058151,fib_ext_1p000_1p236,189487,2021-07-14 00:00:00,0.04177033428058151,short,189488,2021-07-14 00:05:00,192080,0.8197010969594347,False,False,False,0.0,0.04177033428058151,33,0.0,2021
True,0.4015650210313255,fib_ext_1p000_1p236,192655,2021-07-25 00:00:00,-0.4015650210313255,long,192656,2021-07-25 00:05:00,209936,0.9210876311511749,False,True,False,0.4015650210313255,0.0,34,0.0,2021
True,0.26407423139768543,fib_ext_1p000_1p236,212527,2021-10-02 00:00:00,-0.26407423139768543,long,212528,2021-10-02 00:05:00,231248,0.9536593844426026,False,True,False,0.26407423139768543,0.0,35,0.0,2021
True,-0.06376866509727644,fib_ext_1p000_1p236,231535,2021-12-07 00:00:00,0.06376866509727644,long,231536,2021-12-07 00:05:00,232976,0.9639905548996452,False,False,False,0.0,0.06376866509727644,36,0.0,2021
True,0.2763522693933543,fib_ext_1p000_1p236,240463,2022-01-07 00:00:00,-0.2763522693933543,short,240464,2022-01-07 00:05:00,246224,0.7878751857355123,False,True,False,0.2763522693933543,0.0,37,0.0,2022
True,-0.05202724641547224,fib_ext_1p000_1p236,246223,2022-01-27 00:00:00,0.05202724641547224,long,246224,2022-01-27 00:05:00,246475,0.19727170798554927,False,False,False,0.0,0.05202724641547224,38,0.0,2022
True,-0.01629924536391477,fib_ext_1p000_1p236,266377,2022-04-07 00:00:00,0.01629924536391477,short,266378,2022-04-07 00:05:00,266666,0.9707000316756415,False,False,False,0.0,0.01629924536391477,51,0.0,2022
True,-0.037740005176390166,fib_ext_1p000_1p236,267817,2022-04-12 00:00:00,0.037740005176390166,short,267818,2022-04-12 00:05:00,268277,0.8874800570996717,False,False,False,0.0,0.037740005176390166,53,0.0,2022
True,-0.09541532040236783,fib_ext_1p000_1p236,287195,2022-06-18 06:50:00,0.09541532040236783,short,287196,2022-06-18 06:55:00,287629,1.5414597441685511,False,False,True,0.0,0.09541532040236783,68,0.0,2022
True,0.07460850313407479,fib_ext_1p000_1p236,293478,2022-07-10 02:25:00,-0.07460850313407479,short,293479,2022-07-10 02:30:00,294463,1.3260561956741435,False,False,False,0.07460850313407479,0.0,72,0.0,2022
True,-0.025678378359524058,fib_ext_1p000_1p236,341143,2022-12-22 14:30:00,0.025678378359524058,short,341144,2022-12-22 14:35:00,342408,1.390113162596782,False,False,False,0.0,0.025678378359524058,114,0.0,2022
True,-0.017321650265861473,fib_ext_1p000_1p236,355571,2023-02-11 00:00:00,0.017321650265861473,short,355572,2023-02-11 00:05:00,355860,0.859764467885268,False,False,False,0.0,0.017321650265861473,117,0.0,2023
True,-0.030145332259529648,fib_ext_1p000_1p236,363059,2023-03-09 00:00:00,0.030145332259529648,short,363060,2023-03-09 00:05:00,364212,0.8019313304721032,False,False,False,0.0,0.030145332259529648,119,0.0,2023
True,0.16598928983614955,fib_ext_1p000_1p236,364212,2023-03-13 00:05:00,-0.16598928983614955,long,364213,2023-03-13 00:10:00,381204,0.9157861831822443,False,False,False,0.16598928983614955,0.0,120,0.0,2023
True,-0.014525220878661425,fib_ext_1p000_1p236,384947,2023-05-24 00:00:00,0.014525220878661425,long,384948,2023-05-24 00:05:00,385812,0.6763252087949551,False,False,False,0.0,0.014525220878661425,121,0.0,2023
True,-0.03746454833123242,fib_ext_1p000_1p236,386387,2023-05-29 00:00:00,0.03746454833123242,long,386388,2023-05-29 00:05:00,389844,0.924846625766872,False,False,False,0.0,0.03746454833123242,122,0.0,2023
True,-0.04840016564708447,fib_ext_1p000_1p236,391283,2023-06-15 00:00:00,0.04840016564708447,short,391284,2023-06-15 00:05:00,392148,0.9018833256775373,False,False,False,0.0,0.04840016564708447,123,0.0,2023
True,-0.007701763669027613,fib_ext_1p000_1p236,392435,2023-06-19 00:00:00,0.007701763669027613,short,392436,2023-06-19 00:05:00,392724,0.685096917699394,False,False,False,0.0,0.007701763669027613,124,0.0,2023
True,-0.03148826776385954,fib_ext_1p000_1p236,393299,2023-06-22 00:00:00,0.03148826776385954,long,393300,2023-06-22 00:05:00,405972,0.917776813928992,False,False,False,0.0,0.03148826776385954,125,0.0,2023
True,0.027099270929567206,fib_ext_1p000_1p236,409715,2023-08-18 00:00:00,-0.027099270929567206,short,409716,2023-08-18 00:05:00,415082,0.7405825442568953,False,False,False,0.027099270929567206,0.0,126,0.0,2023
True,-0.005811743505817661,fib_ext_1p000_1p236,457235,2024-01-30 00:00:00,0.005811743505817661,long,457236,2024-01-30 00:05:00,459252,0.919235364396652,False,False,False,0.0,0.005811743505817661,137,0.0,2024
True,0.3964636158999721,fib_ext_1p000_1p236,459539,2024-02-07 00:00:00,-0.3964636158999721,long,459540,2024-02-07 00:05:00,476244,0.8608155193521072,False,True,False,0.3964636158999721,0.0,138,0.0,2024
True,-0.06587046919547564,fib_ext_1p000_1p236,476819,2024-04-07 00:00:00,0.06587046919547564,long,476820,2024-04-07 00:05:00,479124,0.5760103383458647,False,False,False,0.0,0.06587046919547564,139,0.0,2024
True,-0.0854920811621045,fib_ext_1p000_1p236,489491,2024-05-21 00:00:00,0.0854920811621045,long,489492,2024-05-21 00:05:00,499572,0.9908913050450626,False,False,True,0.0,0.0854920811621045,140,0.0,2024
True,-0.06248649657833515,fib_ext_1p000_1p236,505619,2024-07-16 00:00:00,0.06248649657833515,long,505620,2024-07-16 00:05:00,508788,0.98954487535531,True,False,False,0.0,0.06248649657833515,142,0.0,2024
True,0.08480817771416374,fib_ext_1p000_1p236,510803,2024-08-03 00:00:00,-0.08480817771416374,short,510804,2024-08-03 00:05:00,514048,0.9040814683625829,True,False,False,0.08480817771416374,0.0,143,0.0,2024
True,-0.026130775443796026,fib_ext_1p000_1p236,552275,2024-12-25 00:00:00,0.026130775443796026,long,552276,2024-12-25 00:05:00,553428,0.804883121204559,True,False,False,0.0,0.026130775443796026,166,0.0,2024
True,-0.06822269535312989,fib_ext_1p000_1p236,554867,2025-01-03 00:00:00,0.06822269535312989,long,554868,2025-01-03 00:05:00,556884,0.7172659895690366,True,False,False,0.0,0.06822269535312989,167,0.0,2025
True,-0.05183952824174814,fib_ext_1p000_1p236,558611,2025-01-16 00:00:00,0.05183952824174814,long,558612,2025-01-16 00:05:00,560052,0.8988488856233167,True,False,False,0.0,0.05183952824174814,168,0.0,2025
True,-0.055966475280669274,fib_ext_1p000_1p236,562355,2025-01-29 00:00:00,0.055966475280669274,short,562356,2025-01-29 00:05:00,562932,0.8203116936732371,True,False,False,0.0,0.055966475280669274,169,0.0,2025
True,0.14402831178742412,fib_ext_1p000_1p236,563507,2025-02-02 00:00:00,-0.14402831178742412,short,563508,2025-02-02 00:05:00,566964,0.9430975092739804,True,False,False,0.14402831178742412,0.0,170,0.0,2025
True,-0.013774062852307199,fib_ext_1p000_1p236,566963,2025-02-14 00:00:00,0.013774062852307199,long,566964,2025-02-14 00:05:00,568315,0.34749727965179533,True,False,False,0.0,0.013774062852307199,171,0.0,2025
True,-0.029174613883616682,fib_ext_1p000_1p236,599219,2025-06-06 00:00:00,0.029174613883616682,short,599220,2025-06-06 00:05:00,599508,0.950190415142717,True,False,False,0.0,0.029174613883616682,186,0.0,2025
True,0.0004224402471647058,fib_ext_1p000_1p236,603795,2025-06-21 21:20:00,-0.0004224402471647058,short,603796,2025-06-21 21:25:00,604284,1.4220039045279944,True,False,False,0.0004224402471647058,0.0,188,0.0,2025
True,-0.01819877125194002,fib_ext_1p000_1p236,632627,2025-09-30 00:00:00,0.01819877125194002,long,632628,2025-09-30 00:05:00,636372,0.922059880239519,True,False,False,0.0,0.01819877125194002,193,0.0,2025
True,-0.06156461440364071,fib_ext_1p000_1p236,640403,2025-10-27 00:00:00,0.06156461440364071,long,640404,2025-10-27 00:05:00,641268,0.9391809650948185,True,False,False,0.0,0.06156461440364071,194,0.0,2025
True,0.17958828656566478,fib_ext_1p000_1p236,642707,2025-11-04 00:00:00,-0.17958828656566478,short,642708,2025-11-04 00:05:00,649044,0.8860393202644046,True,False,False,0.17958828656566478,0.0,195,0.0,2025
True,0.010835834389590198,fib_ext_1p000_1p236,649043,2025-11-26 00:00:00,-0.010835834389590198,long,649044,2025-11-26 00:05:00,650032,0.8127815530274114,True,False,False,0.010835834389590198,0.0,196,0.0,2025
True,0.033737439552070404,fib_ext_1p000_1p236,675265,2026-02-25 01:10:00,-0.033737439552070404,long,675266,2026-02-25 01:15:00,675963,1.4064919190547347,True,False,False,0.033737439552070404,0.0,218,0.0,2026
True,-0.008369208586688265,fib_ext_1p000_1p236,682872,2026-03-23 11:05:00,0.008369208586688265,long,682873,2026-03-23 11:10:00,683665,1.3217204740498545,True,False,False,0.0,0.008369208586688265,226,0.0,2026
True,0.1975439676753621,fib_ext_1p000_1p236,702782,2026-05-31 14:15:00,-0.1975439676753621,short,702783,2026-05-31 14:20:00,704704,1.30472854640981,True,True,False,0.1975439676753621,0.0,243,0.0,2026
True,-0.08550710879067155,fib_ext_1p236_1p618,900,2019-09-26 15:50:00,0.08550710879067155,short,901,2019-09-26 15:55:00,1982,1.2213438735177873,False,False,True,0.0,0.08550710879067155,0,0.0,2019
True,-0.005244972060467038,fib_ext_1p236_1p618,1981,2019-09-30 09:55:00,0.005244972060467038,long,1982,2019-09-30 10:00:00,2899,1.0634715025906711,False,False,False,0.0,0.005244972060467038,1,0.0,2019
True,0.05437398169695169,fib_ext_1p236_1p618,4026,2019-10-07 12:20:00,-0.05437398169695169,long,4027,2019-10-07 12:25:00,5104,1.0516129032258072,False,False,False,0.05437398169695169,0.0,3,0.0,2019
True,0.00196968284037693,fib_ext_1p236_1p618,5103,2019-10-11 06:05:00,-0.00196968284037693,short,5104,2019-10-11 06:10:00,6094,1.1405750798722039,False,False,False,0.00196968284037693,0.0,4,0.0,2019
True,-0.04614683761976849,fib_ext_1p236_1p618,6093,2019-10-14 16:35:00,0.04614683761976849,long,6094,2019-10-14 16:40:00,6611,1.1610486891385738,False,False,False,0.0,0.04614683761976849,5,0.0,2019
True,0.0074040982430751585,fib_ext_1p236_1p618,6610,2019-10-16 11:40:00,-0.0074040982430751585,short,6611,2019-10-16 11:45:00,7835,1.1052631578947347,False,False,False,0.0074040982430751585,0.0,6,0.0,2019
True,-0.02459562463402217,fib_ext_1p236_1p618,7834,2019-10-20 17:40:00,0.02459562463402217,long,7835,2019-10-20 17:45:00,8379,1.155303030303029,False,False,False,0.0,0.02459562463402217,7,0.0,2019
True,0.042163963102603244,fib_ext_1p236_1p618,8378,2019-10-22 15:00:00,-0.042163963102603244,short,8379,2019-10-22 15:05:00,9191,1.0542264752791073,False,False,False,0.042163963102603244,0.0,8,0.0,2019
True,0.1121242250138165,fib_ext_1p236_1p618,9190,2019-10-25 10:40:00,-0.1121242250138165,long,9191,2019-10-25 10:45:00,10628,1.2184466019417417,False,False,False,0.1121242250138165,0.0,9,0.0,2019
True,-0.009275926219398808,fib_ext_1p236_1p618,10627,2019-10-30 10:25:00,0.009275926219398808,short,10628,2019-10-30 10:30:00,11330,1.0009881422924891,False,False,False,0.0,0.009275926219398808,10,0.0,2019
True,-0.017180941742543067,fib_ext_1p236_1p618,11329,2019-11-01 20:55:00,0.017180941742543067,long,11330,2019-11-01 21:00:00,11781,1.0131147540983627,False,False,False,0.0,0.017180941742543067,11,0.0,2019
True,-0.04203046276946833,fib_ext_1p236_1p618,11780,2019-11-03 10:30:00,0.04203046276946833,short,11781,2019-11-03 10:35:00,12405,1.1436170212765928,False,False,False,0.0,0.04203046276946833,12,0.0,2019
True,-0.004241039313488325,fib_ext_1p236_1p618,12404,2019-11-05 14:30:00,0.004241039313488325,long,12405,2019-11-05 14:35:00,12871,1.0083102493074796,False,False,False,0.0,0.004241039313488325,13,0.0,2019
True,0.004599832594640902,fib_ext_1p236_1p618,12870,2019-11-07 05:20:00,-0.004599832594640902,short,12871,2019-11-07 05:25:00,13737,1.009615384615385,False,False,False,0.004599832594640902,0.0,14,0.0,2019
True,0.00046685778162908,fib_ext_1p236_1p618,14235,2019-11-11 23:05:00,-0.00046685778162908,short,14236,2019-11-11 23:10:00,14247,1.0927357032457488,False,False,False,0.00046685778162908,0.0,16,0.0,2019
True,0.20655089262603532,fib_ext_1p236_1p618,15686,2019-11-17 00:00:00,-0.20655089262603532,short,15687,2019-11-17 00:05:00,30375,0.19914346895075147,False,True,False,0.20655089262603532,0.0,17,0.0,2019
True,-0.0009571719401320593,fib_ext_1p236_1p618,30662,2020-01-08 00:00:00,0.0009571719401320593,short,30663,2020-01-08 00:05:00,31527,0.3322932917316687,False,False,False,0.0,0.0009571719401320593,18,0.0,2020
True,0.2514462424741376,fib_ext_1p236_1p618,32678,2020-01-15 00:00:00,-0.2514462424741376,long,32679,2020-01-15 00:05:00,48231,0.7922636103151868,False,True,False,0.2514462424741376,0.0,19,0.0,2020
True,0.2912568473765356,fib_ext_1p236_1p618,48806,2020-03-11 00:00:00,-0.2912568473765356,short,48807,2020-03-11 00:05:00,55344,0.4229607250755289,False,True,False,0.2912568473765356,0.0,20,0.0,2020
True,-0.0334567977711157,fib_ext_1p236_1p618,57446,2020-04-10 00:00:00,0.0334567977711157,long,57447,2020-04-10 00:05:00,57493,0.5886075949367091,False,False,False,0.0,0.0334567977711157,21,0.0,2020
True,0.020015039938901334,fib_ext_1p236_1p618,57492,2020-04-10 03:50:00,-0.020015039938901334,short,57493,2020-04-10 03:55:00,58193,1.2112332112332136,False,False,False,0.020015039938901334,0.0,22,0.0,2020
True,-0.043863862360237836,fib_ext_1p236_1p618,58192,2020-04-12 14:10:00,0.043863862360237836,long,58193,2020-04-12 14:15:00,59163,1.0235690235690214,False,False,False,0.0,0.043863862360237836,23,0.0,2020
True,1.2291345367630997,fib_ext_1p236_1p618,60991,2020-04-22 07:25:00,-1.2291345367630997,long,60992,2020-04-22 07:30:00,95701,1.0366056572379365,False,True,False,1.2291345367630997,0.0,25,0.0,2020
True,-0.14311872759442293,fib_ext_1p236_1p618,101494,2020-09-11 00:00:00,0.14311872759442293,long,101495,2020-09-11 00:05:00,105239,0.7154592979835693,False,False,True,0.0,0.14311872759442293,26,0.0,2020
True,1.557773262169884,fib_ext_1p236_1p618,109846,2020-10-10 00:00:00,-1.557773262169884,long,109847,2020-10-10 00:05:00,136783,0.8179176755447944,False,True,False,1.557773262169884,0.0,27,0.0,2020
True,1.175840966803617,fib_ext_1p236_1p618,150988,2021-03-02 00:00:00,-1.175840966803617,long,150989,2021-03-02 00:05:00,172818,1.021158219623131,False,True,False,1.175840966803617,0.0,28,0.0,2021
True,-0.21436887358690393,fib_ext_1p236_1p618,175756,2021-05-27 00:00:00,0.21436887358690393,long,175757,2021-05-27 00:05:00,176621,0.9117058588141144,False,False,True,0.0,0.21436887358690393,29,0.0,2021
True,-0.049616368108637086,fib_ext_1p236_1p618,178060,2021-06-04 00:00:00,0.049616368108637086,long,178061,2021-06-04 00:05:00,178925,0.7804515225761295,False,False,False,0.0,0.049616368108637086,30,0.0,2021
True,-0.05842175757489679,fib_ext_1p236_1p618,183244,2021-06-22 00:00:00,0.05842175757489679,short,183245,2021-06-22 00:05:00,184016,0.9450263688725785,False,False,False,0.0,0.05842175757489679,31,0.0,2021
True,-0.1004112191395893,fib_ext_1p236_1p618,184303,2021-06-26 00:00:00,0.1004112191395893,short,184304,2021-06-26 00:05:00,184880,0.964935968250071,False,False,True,0.0,0.1004112191395893,32,0.0,2021
True,-0.04177033428058151,fib_ext_1p236_1p618,189487,2021-07-14 00:00:00,0.04177033428058151,short,189488,2021-07-14 00:05:00,192080,0.8197010969594347,False,False,False,0.0,0.04177033428058151,33,0.0,2021
True,0.4015650210313255,fib_ext_1p236_1p618,192655,2021-07-25 00:00:00,-0.4015650210313255,long,192656,2021-07-25 00:05:00,209936,0.9210876311511749,False,True,False,0.4015650210313255,0.0,34,0.0,2021
True,0.26407423139768543,fib_ext_1p236_1p618,212527,2021-10-02 00:00:00,-0.26407423139768543,long,212528,2021-10-02 00:05:00,231248,0.9536593844426026,False,True,False,0.26407423139768543,0.0,35,0.0,2021
True,-0.06376866509727644,fib_ext_1p236_1p618,231535,2021-12-07 00:00:00,0.06376866509727644,long,231536,2021-12-07 00:05:00,232976,0.9639905548996452,False,False,False,0.0,0.06376866509727644,36,0.0,2021
True,0.2763522693933543,fib_ext_1p236_1p618,240463,2022-01-07 00:00:00,-0.2763522693933543,short,240464,2022-01-07 00:05:00,246224,0.7878751857355123,False,True,False,0.2763522693933543,0.0,37,0.0,2022
True,-0.05202724641547224,fib_ext_1p236_1p618,246223,2022-01-27 00:00:00,0.05202724641547224,long,246224,2022-01-27 00:05:00,246475,0.19727170798554927,False,False,False,0.0,0.05202724641547224,38,0.0,2022
True,-0.10853844513464855,fib_ext_1p236_1p618,246474,2022-01-27 20:55:00,0.10853844513464855,short,246475,2022-01-27 21:00:00,246962,1.0435527281624664,False,False,True,0.0,0.10853844513464855,39,0.0,2022
True,0.07479924595994866,fib_ext_1p236_1p618,248590,2022-02-04 05:15:00,-0.07479924595994866,long,248591,2022-02-04 05:20:00,249284,1.163343147751605,False,False,False,0.07479924595994866,0.0,40,0.0,2022
True,-0.07945395627486543,fib_ext_1p236_1p618,249283,2022-02-06 15:00:00,0.07945395627486543,short,249284,2022-02-06 15:05:00,249750,1.0101705362646418,False,False,False,0.0,0.07945395627486543,41,0.0,2022
True,-0.037356705233557636,fib_ext_1p236_1p618,249749,2022-02-08 05:50:00,0.037356705233557636,long,249750,2022-02-08 05:55:00,250537,1.037968368008782,False,False,False,0.0,0.037356705233557636,42,0.0,2022
True,0.03043784838859593,fib_ext_1p236_1p618,251579,2022-02-14 14:20:00,-0.03043784838859593,long,251580,2022-02-14 14:25:00,252179,1.0032076357377586,False,False,False,0.03043784838859593,0.0,43,0.0,2022
True,0.12600335019593706,fib_ext_1p236_1p618,252178,2022-02-16 16:15:00,-0.12600335019593706,short,252179,2022-02-16 16:20:00,254066,1.0307778009887896,False,False,False,0.12600335019593706,0.0,44,0.0,2022
True,-0.006284023114643778,fib_ext_1p236_1p618,254065,2022-02-23 06:00:00,0.006284023114643778,long,254066,2022-02-23 06:05:00,255380,1.0005422013374308,False,False,False,0.0,0.006284023114643778,45,0.0,2022
True,-0.12489669925857749,fib_ext_1p236_1p618,255379,2022-02-27 19:30:00,0.12489669925857749,short,255380,2022-02-27 19:35:00,255879,1.1805934515688947,False,False,True,0.0,0.12489669925857749,46,0.0,2022
True,-0.03771448115353934,fib_ext_1p236_1p618,258055,2022-03-09 02:30:00,0.03771448115353934,long,258056,2022-03-09 02:35:00,258628,1.0455467869222093,False,False,False,0.0,0.03771448115353934,47,0.0,2022
True,-0.028417066325079024,fib_ext_1p236_1p618,258627,2022-03-11 02:10:00,0.028417066325079024,short,258628,2022-03-11 02:15:00,259955,1.0907942436559388,False,False,False,0.0,0.028417066325079024,48,0.0,2022
True,-0.027058336060639655,fib_ext_1p236_1p618,261336,2022-03-20 11:55:00,0.027058336060639655,short,261337,2022-03-20 12:00:00,261799,1.0914747298329888,False,False,False,0.0,0.027058336060639655,49,0.0,2022
True,0.0713717877310048,fib_ext_1p236_1p618,261798,2022-03-22 02:25:00,-0.0713717877310048,long,261799,2022-03-22 02:30:00,266378,1.0258753071253062,False,False,False,0.0713717877310048,0.0,50,0.0,2022
True,-0.01629924536391477,fib_ext_1p236_1p618,266377,2022-04-07 00:00:00,0.01629924536391477,short,266378,2022-04-07 00:05:00,266666,0.9707000316756415,False,False,False,0.0,0.01629924536391477,51,0.0,2022
True,-0.08834695168277328,fib_ext_1p236_1p618,266697,2022-04-08 02:40:00,0.08834695168277328,long,266698,2022-04-08 02:45:00,267818,1.007026896050399,False,False,True,0.0,0.08834695168277328,52,0.0,2022
True,-0.037740005176390166,fib_ext_1p236_1p618,267817,2022-04-12 00:00:00,0.037740005176390166,short,267818,2022-04-12 00:05:00,268277,0.8874800570996717,False,False,False,0.0,0.037740005176390166,53,0.0,2022
True,-0.034998484893418454,fib_ext_1p236_1p618,269537,2022-04-17 23:20:00,0.034998484893418454,short,269538,2022-04-17 23:25:00,270002,1.0347985347985384,False,False,False,0.0,0.034998484893418454,54,0.0,2022
True,-0.030053909308152046,fib_ext_1p236_1p618,270001,2022-04-19 14:00:00,0.030053909308152046,long,270002,2022-04-19 14:05:00,270647,1.0999952720911543,False,False,False,0.0,0.030053909308152046,55,0.0,2022
True,-0.04552979025699645,fib_ext_1p236_1p618,271786,2022-04-25 18:45:00,0.04552979025699645,long,271787,2022-04-25 18:50:00,272853,1.0497218155197672,False,False,False,0.0,0.04552979025699645,56,0.0,2022
True,0.000548256605680597,fib_ext_1p236_1p618,272852,2022-04-29 11:35:00,-0.000548256605680597,short,272853,2022-04-29 11:40:00,273570,1.0697925503200445,False,False,False,0.000548256605680597,0.0,57,0.0,2022
True,-0.026203445555339287,fib_ext_1p236_1p618,273569,2022-05-01 23:20:00,0.026203445555339287,long,273570,2022-05-01 23:25:00,274101,1.0482549857549863,False,False,False,0.0,0.026203445555339287,58,0.0,2022
True,0.2434769555240443,fib_ext_1p236_1p618,274100,2022-05-03 19:35:00,-0.2434769555240443,short,274101,2022-05-03 19:40:00,277466,1.0410183875530399,False,True,False,0.2434769555240443,0.0,59,0.0,2022
True,-0.04243744865129139,fib_ext_1p236_1p618,277465,2022-05-15 12:00:00,0.04243744865129139,long,277466,2022-05-15 12:05:00,278340,1.0380881254667655,False,False,False,0.0,0.04243744865129139,60,0.0,2022
True,-0.02403625766608907,fib_ext_1p236_1p618,278339,2022-05-18 12:50:00,0.02403625766608907,short,278340,2022-05-18 12:55:00,278781,1.04552958554175,False,False,False,0.0,0.02403625766608907,61,0.0,2022
True,0.0768118073882623,fib_ext_1p236_1p618,279861,2022-05-23 19:40:00,-0.0768118073882623,short,279862,2022-05-23 19:45:00,281661,1.0024512307220894,False,False,False,0.0768118073882623,0.0,62,0.0,2022
True,0.04346392766070612,fib_ext_1p236_1p618,281660,2022-05-30 01:35:00,-0.04346392766070612,long,281661,2022-05-30 01:40:00,282267,1.100538047655649,False,False,False,0.04346392766070612,0.0,63,0.0,2022
True,0.06289264062338956,fib_ext_1p236_1p618,282266,2022-06-01 04:05:00,-0.06289264062338956,short,282267,2022-06-01 04:10:00,283346,1.076785314528768,False,False,False,0.06289264062338956,0.0,64,0.0,2022
True,-0.009245264647067292,fib_ext_1p236_1p618,283345,2022-06-04 22:00:00,0.009245264647067292,long,283346,2022-06-04 22:05:00,283952,1.0151662453820722,False,False,False,0.0,0.009245264647067292,65,0.0,2022
True,0.2986334965918304,fib_ext_1p236_1p618,283951,2022-06-07 00:30:00,-0.2986334965918304,short,283952,2022-06-07 00:35:00,286538,1.1497695852534557,False,True,False,0.2986334965918304,0.0,66,0.0,2022
True,-0.18607690896984624,fib_ext_1p236_1p618,286537,2022-06-16 00:00:00,0.18607690896984624,long,286538,2022-06-16 00:05:00,287196,1.0046823317152804,False,False,True,0.0,0.18607690896984624,67,0.0,2022
True,0.04459459739389657,fib_ext_1p236_1p618,288795,2022-06-23 20:10:00,-0.04459459739389657,long,288796,2022-06-23 20:15:00,289870,1.1348027842227364,False,False,False,0.04459459739389657,0.0,69,0.0,2022
True,0.08441785217315505,fib_ext_1p236_1p618,289869,2022-06-27 13:40:00,-0.08441785217315505,short,289870,2022-06-27 13:45:00,291864,1.0283457249070638,False,False,False,0.08441785217315505,0.0,70,0.0,2022
True,0.0877291374198809,fib_ext_1p236_1p618,291863,2022-07-04 11:50:00,-0.0877291374198809,long,291864,2022-07-04 11:55:00,293479,1.129577464788733,False,False,False,0.0877291374198809,0.0,71,0.0,2022
True,0.3468453932924936,fib_ext_1p236_1p618,294462,2022-07-13 12:25:00,-0.3468453932924936,long,294463,2022-07-13 12:30:00,296666,1.1087824351297402,False,True,False,0.3468453932924936,0.0,73,0.0,2022
True,-0.08434322742860238,fib_ext_1p236_1p618,296665,2022-07-21 04:00:00,0.08434322742860238,short,296666,2022-07-21 04:05:00,297550,1.005834731237692,False,False,True,0.0,0.08434322742860238,74,0.0,2022
True,-0.07984336834171571,fib_ext_1p236_1p618,297549,2022-07-24 05:40:00,0.07984336834171571,long,297550,2022-07-24 05:45:00,297999,1.0356364903720476,False,False,False,0.0,0.07984336834171571,75,0.0,2022
True,-0.006477622631648312,fib_ext_1p236_1p618,299768,2022-07-31 22:35:00,0.006477622631648312,short,299769,2022-07-31 22:40:00,300509,1.0359775140537177,False,False,False,0.0,0.006477622631648312,76,0.0,2022
True,0.01733686266352492,fib_ext_1p236_1p618,300508,2022-08-03 12:15:00,-0.01733686266352492,long,300509,2022-08-03 12:20:00,302229,1.0240614334470983,False,False,False,0.01733686266352492,0.0,77,0.0,2022
True,-0.10564839059132845,fib_ext_1p236_1p618,302228,2022-08-09 11:35:00,0.10564839059132845,short,302229,2022-08-09 11:40:00,302683,1.042340759914948,False,False,True,0.0,0.10564839059132845,78,0.0,2022
True,0.034758275570310936,fib_ext_1p236_1p618,302682,2022-08-11 01:25:00,-0.034758275570310936,long,302683,2022-08-11 01:30:00,303731,1.013371328364752,False,False,False,0.034758275570310936,0.0,79,0.0,2022
True,0.01974830976107319,fib_ext_1p236_1p618,303730,2022-08-14 16:45:00,-0.01974830976107319,short,303731,2022-08-14 16:50:00,304463,1.1305333131893054,False,False,False,0.01974830976107319,0.0,80,0.0,2022
True,-0.051339947112347295,fib_ext_1p236_1p618,304462,2022-08-17 05:45:00,0.051339947112347295,long,304463,2022-08-17 05:50:00,304974,1.0119552058111374,False,False,False,0.0,0.051339947112347295,81,0.0,2022
True,0.09804073376203881,fib_ext_1p236_1p618,304973,2022-08-19 00:20:00,-0.09804073376203881,short,304974,2022-08-19 00:25:00,305802,1.058726764270438,False,False,False,0.09804073376203881,0.0,82,0.0,2022
True,0.005884239639770055,fib_ext_1p236_1p618,305801,2022-08-21 21:20:00,-0.005884239639770055,long,305802,2022-08-21 21:25:00,307070,1.0075712462781803,False,False,False,0.005884239639770055,0.0,83,0.0,2022
True,0.08654393019765273,fib_ext_1p236_1p618,307069,2022-08-26 07:00:00,-0.08654393019765273,short,307070,2022-08-26 07:05:00,308019,1.0049992648139967,False,False,False,0.08654393019765273,0.0,84,0.0,2022
True,0.00585645428469949,fib_ext_1p236_1p618,308018,2022-08-29 14:05:00,-0.00585645428469949,long,308019,2022-08-29 14:10:00,308891,1.07735825851679,False,False,False,0.00585645428469949,0.0,85,0.0,2022
True,-0.03570487028620655,fib_ext_1p236_1p618,308890,2022-09-01 14:45:00,0.03570487028620655,short,308891,2022-09-01 14:50:00,309722,1.0781035558328134,False,False,False,0.0,0.03570487028620655,86,0.0,2022
True,-0.009497361456674909,fib_ext_1p236_1p618,309721,2022-09-04 12:00:00,0.009497361456674909,long,309722,2022-09-04 12:05:00,310395,1.053661115516785,False,False,False,0.0,0.009497361456674909,87,0.0,2022
True,0.04424016934709272,fib_ext_1p236_1p618,312071,2022-09-12 15:50:00,-0.04424016934709272,short,312072,2022-09-12 15:55:00,312729,1.0524236037934669,False,False,False,0.04424016934709272,0.0,88,0.0,2022
True,-0.12143879754039962,fib_ext_1p236_1p618,312728,2022-09-14 22:35:00,0.12143879754039962,long,312729,2022-09-14 22:40:00,313200,1.004634994206256,False,False,True,0.0,0.12143879754039962,89,0.0,2022
True,0.05405246723195989,fib_ext_1p236_1p618,313199,2022-09-16 13:50:00,-0.05405246723195989,short,313200,2022-09-16 13:55:00,315107,1.0276981852913083,False,False,False,0.05405246723195989,0.0,90,0.0,2022
True,-0.03942007109164901,fib_ext_1p236_1p618,315106,2022-09-23 04:45:00,0.03942007109164901,long,315107,2022-09-23 04:50:00,315789,1.041882790121546,False,False,False,0.0,0.03942007109164901,91,0.0,2022
True,-0.06396232232150394,fib_ext_1p236_1p618,315788,2022-09-25 13:35:00,0.06396232232150394,short,315789,2022-09-25 13:40:00,316243,1.0518588681032455,False,False,False,0.0,0.06396232232150394,92,0.0,2022
True,-0.0062271230407959,fib_ext_1p236_1p618,317553,2022-10-01 16:40:00,0.0062271230407959,short,317554,2022-10-01 16:45:00,318102,1.0469320066334977,False,False,False,0.0,0.0062271230407959,93,0.0,2022
True,0.006262410000994746,fib_ext_1p236_1p618,318101,2022-10-03 14:20:00,-0.006262410000994746,long,318102,2022-10-03 14:25:00,318664,1.0410499309255956,False,False,False,0.006262410000994746,0.0,94,0.0,2022
True,-0.004688126623350008,fib_ext_1p236_1p618,318663,2022-10-05 13:10:00,0.004688126623350008,short,318664,2022-10-05 13:15:00,319955,1.0228229559051623,False,False,False,0.0,0.004688126623350008,95,0.0,2022
True,-0.04002261636312616,fib_ext_1p236_1p618,319954,2022-10-10 00:45:00,0.04002261636312616,long,319955,2022-10-10 00:50:00,320900,1.1397379912663848,False,False,False,0.0,0.04002261636312616,96,0.0,2022
True,0.007489708254254785,fib_ext_1p236_1p618,321907,2022-10-16 19:30:00,-0.007489708254254785,long,321908,2022-10-16 19:35:00,322432,1.2319164802386295,False,False,False,0.007489708254254785,0.0,97,0.0,2022
True,-0.0030441071232561305,fib_ext_1p236_1p618,322431,2022-10-18 15:10:00,0.0030441071232561305,short,322432,2022-10-18 15:15:00,322997,1.0154653410660024,False,False,False,0.0,0.0030441071232561305,98,0.0,2022
True,0.1367909173617591,fib_ext_1p236_1p618,322996,2022-10-20 14:15:00,-0.1367909173617591,long,322997,2022-10-20 14:20:00,325224,1.0061513773736297,False,False,False,0.1367909173617591,0.0,99,0.0,2022
True,-0.08335463566071194,fib_ext_1p236_1p618,325223,2022-10-28 07:50:00,0.08335463566071194,short,325224,2022-10-28 07:55:00,326789,1.032219853115376,False,False,True,0.0,0.08335463566071194,100,0.0,2022
True,0.003054631174300633,fib_ext_1p236_1p618,326788,2022-11-02 18:15:00,-0.003054631174300633,long,326789,2022-11-02 18:20:00,327744,1.0734126984126993,False,False,False,0.003054631174300633,0.0,101,0.0,2022
True,0.18104757983060382,fib_ext_1p236_1p618,327743,2022-11-06 01:50:00,-0.18104757983060382,short,327744,2022-11-06 01:55:00,329053,1.1044809727538811,False,False,False,0.18104757983060382,0.0,102,0.0,2022
True,-0.06333362634660236,fib_ext_1p236_1p618,329052,2022-11-10 14:55:00,0.06333362634660236,long,329053,2022-11-10 15:00:00,329822,1.0240608887797686,False,False,False,0.0,0.06333362634660236,103,0.0,2022
True,0.019693812691660612,fib_ext_1p236_1p618,329821,2022-11-13 07:00:00,-0.019693812691660612,short,329822,2022-11-13 07:05:00,331730,1.0161553821020126,False,False,False,0.019693812691660612,0.0,104,0.0,2022
True,-0.09653158172099068,fib_ext_1p236_1p618,331729,2022-11-19 22:00:00,0.09653158172099068,long,331730,2022-11-19 22:05:00,332258,1.0560799555802454,False,False,True,0.0,0.09653158172099068,105,0.0,2022
True,-0.06670858344721059,fib_ext_1p236_1p618,332257,2022-11-21 18:00:00,0.06670858344721059,short,332258,2022-11-21 18:05:00,332748,1.023613963039014,False,False,False,0.0,0.06670858344721059,106,0.0,2022
True,-0.030761156327296365,fib_ext_1p236_1p618,334053,2022-11-27 23:40:00,0.030761156327296365,short,334054,2022-11-27 23:45:00,334641,1.0811119573495767,False,False,False,0.0,0.030761156327296365,107,0.0,2022
True,0.028964833278551375,fib_ext_1p236_1p618,334640,2022-11-30 00:35:00,-0.028964833278551375,long,334641,2022-11-30 00:40:00,335631,1.1022710181982247,False,False,False,0.028964833278551375,0.0,108,0.0,2022
True,-0.017191185818023935,fib_ext_1p236_1p618,335630,2022-12-03 11:05:00,0.017191185818023935,short,335631,2022-12-03 11:10:00,336080,1.074511819116132,False,False,False,0.0,0.017191185818023935,109,0.0,2022
True,-0.045991865715680785,fib_ext_1p236_1p618,336079,2022-12-05 00:30:00,0.045991865715680785,long,336080,2022-12-05 00:35:00,336736,1.0414225095979022,False,False,False,0.0,0.045991865715680785,110,0.0,2022
True,-0.031157754971183532,fib_ext_1p236_1p618,338072,2022-12-11 22:35:00,0.031157754971183532,short,338073,2022-12-11 22:40:00,338537,1.0974173085636543,False,False,False,0.0,0.031157754971183532,111,0.0,2022
True,-0.003777859111415305,fib_ext_1p236_1p618,338536,2022-12-13 13:15:00,0.003777859111415305,long,338537,2022-12-13 13:20:00,338974,1.019542253521129,False,False,False,0.0,0.003777859111415305,112,0.0,2022
True,-0.0011244818057492432,fib_ext_1p236_1p618,340448,2022-12-20 04:35:00,0.0011244818057492432,long,340449,2022-12-20 04:40:00,341144,1.0281896011693445,False,False,False,0.0,0.0011244818057492432,113,0.0,2022
True,-0.0406561395938808,fib_ext_1p236_1p618,344604,2023-01-03 14:55:00,0.0406561395938808,short,344605,2023-01-03 15:00:00,345478,1.0091883614088737,False,False,False,0.0,0.0406561395938808,115,0.0,2023
True,0.2000516979506082,fib_ext_1p236_1p618,345477,2023-01-06 15:40:00,-0.2000516979506082,long,345478,2023-01-06 15:45:00,355572,1.0306215722120693,False,True,False,0.2000516979506082,0.0,116,0.0,2023
True,-0.017321650265861473,fib_ext_1p236_1p618,355571,2023-02-11 00:00:00,0.017321650265861473,short,355572,2023-02-11 00:05:00,355860,0.859764467885268,False,False,False,0.0,0.017321650265861473,117,0.0,2023
True,0.010045785271313735,fib_ext_1p236_1p618,356058,2023-02-12 16:35:00,-0.010045785271313735,long,356059,2023-02-12 16:40:00,362196,1.0422960725075487,False,False,False,0.010045785271313735,0.0,118,0.0,2023
True,-0.030145332259529648,fib_ext_1p236_1p618,363059,2023-03-09 00:00:00,0.030145332259529648,short,363060,2023-03-09 00:05:00,364212,0.8019313304721032,False,False,False,0.0,0.030145332259529648,119,0.0,2023
True,0.16598928983614955,fib_ext_1p236_1p618,364212,2023-03-13 00:05:00,-0.16598928983614955,long,364213,2023-03-13 00:10:00,381204,0.9157861831822443,False,False,False,0.16598928983614955,0.0,120,0.0,2023
True,-0.014525220878661425,fib_ext_1p236_1p618,384947,2023-05-24 00:00:00,0.014525220878661425,long,384948,2023-05-24 00:05:00,385812,0.6763252087949551,False,False,False,0.0,0.014525220878661425,121,0.0,2023
True,-0.03746454833123242,fib_ext_1p236_1p618,386387,2023-05-29 00:00:00,0.03746454833123242,long,386388,2023-05-29 00:05:00,389844,0.924846625766872,False,False,False,0.0,0.03746454833123242,122,0.0,2023
True,-0.04840016564708447,fib_ext_1p236_1p618,391283,2023-06-15 00:00:00,0.04840016564708447,short,391284,2023-06-15 00:05:00,392148,0.9018833256775373,False,False,False,0.0,0.04840016564708447,123,0.0,2023
True,-0.007701763669027613,fib_ext_1p236_1p618,392435,2023-06-19 00:00:00,0.007701763669027613,short,392436,2023-06-19 00:05:00,392724,0.685096917699394,False,False,False,0.0,0.007701763669027613,124,0.0,2023
True,-0.03148826776385954,fib_ext_1p236_1p618,393299,2023-06-22 00:00:00,0.03148826776385954,long,393300,2023-06-22 00:05:00,405972,0.917776813928992,False,False,False,0.0,0.03148826776385954,125,0.0,2023
True,0.027099270929567206,fib_ext_1p236_1p618,409715,2023-08-18 00:00:00,-0.027099270929567206,short,409716,2023-08-18 00:05:00,415082,0.7405825442568953,False,False,False,0.027099270929567206,0.0,126,0.0,2023
True,-0.014434114931503667,fib_ext_1p236_1p618,415081,2023-09-05 15:10:00,0.014434114931503667,long,415082,2023-09-05 15:15:00,415885,1.0060749240634514,False,False,False,0.0,0.014434114931503667,127,0.0,2023
True,-0.005940494284993093,fib_ext_1p236_1p618,417500,2023-09-14 00:45:00,0.005940494284993093,long,417501,2023-09-14 00:50:00,417955,1.100554016620502,False,False,False,0.0,0.005940494284993093,128,0.0,2023
True,-0.021286369506880773,fib_ext_1p236_1p618,417954,2023-09-15 14:35:00,0.021286369506880773,short,417955,2023-09-15 14:40:00,418770,1.0324125230202534,False,False,False,0.0,0.021286369506880773,129,0.0,2023
True,0.03594682711977218,fib_ext_1p236_1p618,420482,2023-09-24 09:15:00,-0.03594682711977218,long,420483,2023-09-24 09:20:00,422900,1.0164835164835013,False,False,False,0.03594682711977218,0.0,130,0.0,2023
True,-0.00017613667860294957,fib_ext_1p236_1p618,422899,2023-10-02 18:40:00,0.00017613667860294957,short,422900,2023-10-02 18:45:00,424061,1.1789530637089138,False,False,False,0.0,0.00017613667860294957,131,0.0,2023
True,-0.01675389172978323,fib_ext_1p236_1p618,424060,2023-10-06 19:25:00,0.01675389172978323,long,424061,2023-10-06 19:30:00,424516,1.1261780104712025,False,False,False,0.0,0.01675389172978323,132,0.0,2023
True,0.043142949935809076,fib_ext_1p236_1p618,424515,2023-10-08 09:20:00,-0.043142949935809076,short,424516,2023-10-08 09:25:00,426094,1.0049504950495005,False,False,False,0.043142949935809076,0.0,133,0.0,2023
True,0.010222500674952591,fib_ext_1p236_1p618,426093,2023-10-13 20:50:00,-0.010222500674952591,long,426094,2023-10-13 20:55:00,427152,1.0677858726639171,False,False,False,0.010222500674952591,0.0,134,0.0,2023
True,-0.003205131765738186,fib_ext_1p236_1p618,427151,2023-10-17 13:00:00,0.003205131765738186,short,427152,2023-10-17 13:05:00,427888,1.0798856053384185,False,False,False,0.0,0.003205131765738186,135,0.0,2023
True,0.4149899448582192,fib_ext_1p236_1p618,427887,2023-10-20 02:20:00,-0.4149899448582192,long,427888,2023-10-20 02:25:00,455796,1.0661207158022463,False,True,False,0.4149899448582192,0.0,136,0.0,2023
True,-0.005811743505817661,fib_ext_1p236_1p618,457235,2024-01-30 00:00:00,0.005811743505817661,long,457236,2024-01-30 00:05:00,459252,0.919235364396652,False,False,False,0.0,0.005811743505817661,137,0.0,2024
True,0.3964636158999721,fib_ext_1p236_1p618,459539,2024-02-07 00:00:00,-0.3964636158999721,long,459540,2024-02-07 00:05:00,476244,0.8608155193521072,False,True,False,0.3964636158999721,0.0,138,0.0,2024
True,-0.06587046919547564,fib_ext_1p236_1p618,476819,2024-04-07 00:00:00,0.06587046919547564,long,476820,2024-04-07 00:05:00,479124,0.5760103383458647,False,False,False,0.0,0.06587046919547564,139,0.0,2024
True,-0.0854920811621045,fib_ext_1p236_1p618,489491,2024-05-21 00:00:00,0.0854920811621045,long,489492,2024-05-21 00:05:00,499572,0.9908913050450626,False,False,True,0.0,0.0854920811621045,140,0.0,2024
True,-0.016241757636202527,fib_ext_1p236_1p618,502451,2024-07-05 00:00:00,0.016241757636202527,short,502452,2024-07-05 00:05:00,504180,1.0053053392030697,True,False,False,0.0,0.016241757636202527,141,0.0,2024
True,-0.06248649657833515,fib_ext_1p236_1p618,505619,2024-07-16 00:00:00,0.06248649657833515,long,505620,2024-07-16 00:05:00,508788,0.98954487535531,True,False,False,0.0,0.06248649657833515,142,0.0,2024
True,0.08480817771416374,fib_ext_1p236_1p618,510803,2024-08-03 00:00:00,-0.08480817771416374,short,510804,2024-08-03 00:05:00,514048,0.9040814683625829,True,False,False,0.08480817771416374,0.0,143,0.0,2024
True,-0.07110768980293392,fib_ext_1p236_1p618,514047,2024-08-14 06:20:00,0.07110768980293392,long,514048,2024-08-14 06:25:00,514489,1.0096807567248,True,False,False,0.0,0.07110768980293392,144,0.0,2024
True,-0.03594876610063467,fib_ext_1p236_1p618,514488,2024-08-15 19:05:00,0.03594876610063467,short,514489,2024-08-15 19:10:00,515159,1.0171690194582208,True,False,False,0.0,0.03594876610063467,145,0.0,2024
True,-0.03935982127999259,fib_ext_1p236_1p618,516151,2024-08-21 13:40:00,0.03935982127999259,short,516152,2024-08-21 13:45:00,516626,1.0417592886630658,True,False,False,0.0,0.03935982127999259,146,0.0,2024
True,0.02987802672421785,fib_ext_1p236_1p618,516625,2024-08-23 05:10:00,-0.02987802672421785,long,516626,2024-08-23 05:15:00,517456,1.0039944691965006,True,False,False,0.02987802672421785,0.0,147,0.0,2024
True,0.06489283864258007,fib_ext_1p236_1p618,517455,2024-08-26 02:20:00,-0.06489283864258007,short,517456,2024-08-26 02:25:00,518370,1.004259997251614,True,False,False,0.06489283864258007,0.0,148,0.0,2024
True,-0.02850130516377578,fib_ext_1p236_1p618,518369,2024-08-29 06:30:00,0.02850130516377578,long,518370,2024-08-29 06:35:00,519181,1.0006839945280448,True,False,False,0.0,0.02850130516377578,149,0.0,2024
True,-0.023272929610257845,fib_ext_1p236_1p618,519180,2024-09-01 02:05:00,0.023272929610257845,short,519181,2024-09-01 02:10:00,519690,1.1976008724100418,True,False,False,0.0,0.023272929610257845,150,0.0,2024
True,-0.0011406159216590722,fib_ext_1p236_1p618,521439,2024-09-08 22:20:00,0.0011406159216590722,long,521440,2024-09-08 22:25:00,522161,1.1491389913899182,True,False,False,0.0,0.0011406159216590722,151,0.0,2024
True,-0.0297623028144357,fib_ext_1p236_1p618,522160,2024-09-11 10:25:00,0.0297623028144357,short,522161,2024-09-11 10:30:00,522796,1.0662401705984244,True,False,False,0.0,0.0297623028144357,152,0.0,2024
True,0.08667387928929488,fib_ext_1p236_1p618,523934,2024-09-17 14:15:00,-0.08667387928929488,long,523935,2024-09-17 14:20:00,525467,1.098636037329503,True,False,False,0.08667387928929488,0.0,153,0.0,2024
True,-0.0347442623683881,fib_ext_1p236_1p618,525466,2024-09-22 21:55:00,0.0347442623683881,short,525467,2024-09-22 22:00:00,526527,1.1021429488001995,True,False,False,0.0,0.0347442623683881,154,0.0,2024
True,0.0019279960020529888,fib_ext_1p236_1p618,526526,2024-09-26 14:15:00,-0.0019279960020529888,long,526527,2024-09-26 14:20:00,527308,1.0047251927381204,True,False,False,0.0019279960020529888,0.0,155,0.0,2024
True,0.09375556940022506,fib_ext_1p236_1p618,527307,2024-09-29 07:20:00,-0.09375556940022506,short,527308,2024-09-29 07:25:00,528850,1.0754823000561942,True,False,False,0.09375556940022506,0.0,156,0.0,2024
True,0.006590796041811012,fib_ext_1p236_1p618,528849,2024-10-04 15:50:00,-0.006590796041811012,long,528850,2024-10-04 15:55:00,529800,1.017225864507008,True,False,False,0.006590796041811012,0.0,157,0.0,2024
True,-0.0027834548466729313,fib_ext_1p236_1p618,529799,2024-10-07 23:00:00,0.0027834548466729313,short,529800,2024-10-07 23:05:00,530796,1.0757723895189675,True,False,False,0.0,0.0027834548466729313,158,0.0,2024
True,0.008898125759417928,fib_ext_1p236_1p618,530795,2024-10-11 10:00:00,-0.008898125759417928,long,530796,2024-10-11 10:05:00,531435,1.0028768699654775,True,False,False,0.008898125759417928,0.0,159,0.0,2024
True,-0.08839117628116429,fib_ext_1p236_1p618,531434,2024-10-13 15:15:00,0.08839117628116429,short,531435,2024-10-13 15:20:00,531995,1.0169163847269167,True,False,True,0.0,0.08839117628116429,160,0.0,2024
True,-0.026757759358368126,fib_ext_1p236_1p618,531994,2024-10-15 13:55:00,0.026757759358368126,long,531995,2024-10-15 14:00:00,532573,1.1639574405201683,True,False,False,0.0,0.026757759358368126,161,0.0,2024
True,0.049622987510093676,fib_ext_1p236_1p618,533848,2024-10-22 00:25:00,-0.049622987510093676,short,533849,2024-10-22 00:30:00,535544,1.0749711649365645,True,False,False,0.049622987510093676,0.0,162,0.0,2024
True,0.037812893371344684,fib_ext_1p236_1p618,535543,2024-10-27 21:40:00,-0.037812893371344684,long,535544,2024-10-27 21:45:00,536601,1.003119638121975,True,False,False,0.037812893371344684,0.0,163,0.0,2024
True,0.04744904546619285,fib_ext_1p236_1p618,536600,2024-10-31 13:45:00,-0.04744904546619285,short,536601,2024-10-31 13:50:00,538173,1.04973474801061,True,False,False,0.04744904546619285,0.0,164,0.0,2024
True,0.37685347035090117,fib_ext_1p236_1p618,538172,2024-11-06 00:45:00,-0.37685347035090117,long,538173,2024-11-06 00:50:00,551988,1.0835902706406282,True,True,False,0.37685347035090117,0.0,165,0.0,2024
True,-0.026130775443796026,fib_ext_1p236_1p618,552275,2024-12-25 00:00:00,0.026130775443796026,long,552276,2024-12-25 00:05:00,553428,0.804883121204559,True,False,False,0.0,0.026130775443796026,166,0.0,2024
True,-0.06822269535312989,fib_ext_1p236_1p618,554867,2025-01-03 00:00:00,0.06822269535312989,long,554868,2025-01-03 00:05:00,556884,0.7172659895690366,True,False,False,0.0,0.06822269535312989,167,0.0,2025
True,-0.05183952824174814,fib_ext_1p236_1p618,558611,2025-01-16 00:00:00,0.05183952824174814,long,558612,2025-01-16 00:05:00,560052,0.8988488856233167,True,False,False,0.0,0.05183952824174814,168,0.0,2025
True,-0.055966475280669274,fib_ext_1p236_1p618,562355,2025-01-29 00:00:00,0.055966475280669274,short,562356,2025-01-29 00:05:00,562932,0.8203116936732371,True,False,False,0.0,0.055966475280669274,169,0.0,2025
True,0.14402831178742412,fib_ext_1p236_1p618,563507,2025-02-02 00:00:00,-0.14402831178742412,short,563508,2025-02-02 00:05:00,566964,0.9430975092739804,True,False,False,0.14402831178742412,0.0,170,0.0,2025
True,-0.013774062852307199,fib_ext_1p236_1p618,566963,2025-02-14 00:00:00,0.013774062852307199,long,566964,2025-02-14 00:05:00,568315,0.34749727965179533,True,False,False,0.0,0.013774062852307199,171,0.0,2025
True,-0.0477022795108126,fib_ext_1p236_1p618,568314,2025-02-18 16:35:00,0.0477022795108126,short,568315,2025-02-18 16:40:00,568861,1.1080798031104357,True,False,False,0.0,0.0477022795108126,172,0.0,2025
True,0.172850617667854,fib_ext_1p236_1p618,569884,2025-02-24 03:25:00,-0.172850617667854,short,569885,2025-02-24 03:30:00,571759,1.03469023220833,True,False,False,0.172850617667854,0.0,173,0.0,2025
True,-0.044995948991769924,fib_ext_1p236_1p618,571758,2025-03-02 15:35:00,0.044995948991769924,long,571759,2025-03-02 15:40:00,573015,1.1482829954489,True,False,False,0.0,0.044995948991769924,174,0.0,2025
True,0.10632557464348134,fib_ext_1p236_1p618,573014,2025-03-07 00:15:00,-0.10632557464348134,short,573015,2025-03-07 00:20:00,575212,1.0745337210126924,True,False,False,0.10632557464348134,0.0,175,0.0,2025
True,-0.0181767116136188,fib_ext_1p236_1p618,575211,2025-03-14 15:20:00,0.0181767116136188,long,575212,2025-03-14 15:25:00,575736,1.0123911286701994,True,False,False,0.0,0.0181767116136188,176,0.0,2025
True,-0.04322894730011941,fib_ext_1p236_1p618,575735,2025-03-16 11:00:00,0.04322894730011941,short,575736,2025-03-16 11:05:00,576594,1.1252045826513886,True,False,False,0.0,0.04322894730011941,177,0.0,2025
True,0.08560306544827259,fib_ext_1p236_1p618,578649,2025-03-26 13:50:00,-0.08560306544827259,short,578650,2025-03-26 13:55:00,580291,1.230510375771174,True,False,False,0.08560306544827259,0.0,178,0.0,2025
True,-0.008256598940856683,fib_ext_1p236_1p618,580290,2025-04-01 06:35:00,0.008256598940856683,long,580291,2025-04-01 06:40:00,580765,1.0637100096114254,True,False,False,0.0,0.008256598940856683,179,0.0,2025
True,0.1349845417945829,fib_ext_1p236_1p618,580764,2025-04-02 22:05:00,-0.1349845417945829,short,580765,2025-04-02 22:10:00,582726,1.0215311004784697,True,False,False,0.1349845417945829,0.0,180,0.0,2025
True,-0.013307094917149999,fib_ext_1p236_1p618,582725,2025-04-09 17:30:00,0.013307094917149999,long,582726,2025-04-09 17:35:00,583835,1.0137505466206702,True,False,False,0.0,0.013307094917149999,181,0.0,2025
True,-0.014579038156071249,fib_ext_1p236_1p618,583834,2025-04-13 13:55:00,0.014579038156071249,short,583835,2025-04-13 14:00:00,585438,1.011619462599856,True,False,False,0.0,0.014579038156071249,182,0.0,2025
True,-0.010372403740401779,fib_ext_1p236_1p618,587269,2025-04-25 12:10:00,0.010372403740401779,long,587270,2025-04-25 12:15:00,587989,1.0820005815644098,True,False,False,0.0,0.010372403740401779,183,0.0,2025
True,-0.021209277944511926,fib_ext_1p236_1p618,587988,2025-04-28 00:05:00,0.021209277944511926,short,587989,2025-04-28 00:10:00,588954,1.0698977447821825,True,False,False,0.0,0.021209277944511926,184,0.0,2025
True,0.30625584643671083,fib_ext_1p236_1p618,590583,2025-05-07 00:20:00,-0.30625584643671083,long,590584,2025-05-07 00:25:00,599220,1.073940149625933,True,True,False,0.30625584643671083,0.0,185,0.0,2025
True,-0.029174613883616682,fib_ext_1p236_1p618,599219,2025-06-06 00:00:00,0.029174613883616682,short,599220,2025-06-06 00:05:00,599508,0.950190415142717,True,False,False,0.0,0.029174613883616682,186,0.0,2025
True,-0.08987788154858689,fib_ext_1p236_1p618,599777,2025-06-07 22:30:00,0.08987788154858689,long,599778,2025-06-07 22:35:00,603796,1.1051534935407652,True,False,True,0.0,0.08987788154858689,187,0.0,2025
True,0.03591665280372863,fib_ext_1p236_1p618,604283,2025-06-23 14:00:00,-0.03591665280372863,long,604284,2025-06-23 14:05:00,605281,1.0632536724402541,True,False,False,0.03591665280372863,0.0,189,0.0,2025
True,-0.02569879955387707,fib_ext_1p236_1p618,605280,2025-06-27 01:05:00,0.02569879955387707,short,605281,2025-06-27 01:10:00,605958,1.031592249368155,True,False,False,0.0,0.02569879955387707,190,0.0,2025
True,-0.02166710908395848,fib_ext_1p236_1p618,605957,2025-06-29 09:30:00,0.02166710908395848,long,605958,2025-06-29 09:35:00,606708,1.206422018348625,True,False,False,0.0,0.02166710908395848,191,0.0,2025
True,0.5858884320900266,fib_ext_1p236_1p618,607158,2025-07-03 13:35:00,-0.5858884320900266,long,607159,2025-07-03 13:40:00,631188,1.0122625499534694,True,True,False,0.5858884320900266,0.0,192,0.0,2025
True,-0.01819877125194002,fib_ext_1p236_1p618,632627,2025-09-30 00:00:00,0.01819877125194002,long,632628,2025-09-30 00:05:00,636372,0.922059880239519,True,False,False,0.0,0.01819877125194002,193,0.0,2025
True,-0.06156461440364071,fib_ext_1p236_1p618,640403,2025-10-27 00:00:00,0.06156461440364071,long,640404,2025-10-27 00:05:00,641268,0.9391809650948185,True,False,False,0.0,0.06156461440364071,194,0.0,2025
True,0.17958828656566478,fib_ext_1p236_1p618,642707,2025-11-04 00:00:00,-0.17958828656566478,short,642708,2025-11-04 00:05:00,649044,0.8860393202644046,True,False,False,0.17958828656566478,0.0,195,0.0,2025
True,0.010835834389590198,fib_ext_1p236_1p618,649043,2025-11-26 00:00:00,-0.010835834389590198,long,649044,2025-11-26 00:05:00,650032,0.8127815530274114,True,False,False,0.010835834389590198,0.0,196,0.0,2025
True,0.04309153986940358,fib_ext_1p236_1p618,650031,2025-11-29 10:20:00,-0.04309153986940358,short,650032,2025-11-29 10:25:00,650941,1.0554358472086176,True,False,False,0.04309153986940358,0.0,197,0.0,2025
True,0.07121021267939039,fib_ext_1p236_1p618,650940,2025-12-02 14:05:00,-0.07121021267939039,long,650941,2025-12-02 14:10:00,651829,1.0992559637953523,True,False,False,0.07121021267939039,0.0,198,0.0,2025
True,-0.004919914783964569,fib_ext_1p236_1p618,651828,2025-12-05 16:05:00,0.004919914783964569,short,651829,2025-12-05 16:10:00,652419,1.0142938460565414,True,False,False,0.0,0.004919914783964569,199,0.0,2025
True,0.065327549933337,fib_ext_1p236_1p618,652418,2025-12-07 17:15:00,-0.065327549933337,long,652419,2025-12-07 17:20:00,653371,1.116556481747627,True,False,False,0.065327549933337,0.0,200,0.0,2025
True,0.04712270222867948,fib_ext_1p236_1p618,653370,2025-12-11 00:35:00,-0.04712270222867948,short,653371,2025-12-11 00:40:00,654541,1.0022965042102585,True,False,False,0.04712270222867948,0.0,201,0.0,2025
True,-0.08504868087837991,fib_ext_1p236_1p618,654540,2025-12-15 02:05:00,0.08504868087837991,long,654541,2025-12-15 02:10:00,655288,1.0183673469387773,True,False,True,0.0,0.08504868087837991,202,0.0,2025
True,-0.04727086478885792,fib_ext_1p236_1p618,655287,2025-12-17 16:20:00,0.04727086478885792,short,655288,2025-12-17 16:25:00,656348,1.0710288986900136,True,False,False,0.0,0.04727086478885792,203,0.0,2025
True,-0.016628602037587835,fib_ext_1p236_1p618,657583,2025-12-25 15:40:00,0.016628602037587835,long,657584,2025-12-25 15:45:00,658694,1.0564153066966828,True,False,False,0.0,0.016628602037587835,204,0.0,2025
True,-0.035864986643875316,fib_ext_1p236_1p618,658693,2025-12-29 12:10:00,0.035864986643875316,short,658694,2025-12-29 12:15:00,659293,1.0626749611197506,True,False,False,0.0,0.035864986643875316,205,0.0,2025
True,0.021602487041771094,fib_ext_1p236_1p618,661319,2026-01-07 15:00:00,-0.021602487041771094,short,661320,2026-01-07 15:05:00,662399,1.0483688691328266,True,False,False,0.021602487041771094,0.0,206,0.0,2026
True,0.05760838514559953,fib_ext_1p236_1p618,662398,2026-01-11 08:55:00,-0.05760838514559953,long,662399,2026-01-11 09:00:00,663918,1.0795311845960696,True,False,False,0.05760838514559953,0.0,207,0.0,2026
True,-0.016576990791127875,fib_ext_1p236_1p618,663917,2026-01-16 15:30:00,0.016576990791127875,short,663918,2026-01-16 15:35:00,664479,1.0818713450292383,True,False,False,0.0,0.016576990791127875,208,0.0,2026
True,-0.053004694495318555,fib_ext_1p236_1p618,664478,2026-01-18 14:15:00,0.053004694495318555,long,664479,2026-01-18 14:20:00,664944,1.1537769784172693,True,False,False,0.0,0.053004694495318555,209,0.0,2026
True,-0.009027722665886839,fib_ext_1p236_1p618,667092,2026-01-27 16:05:00,0.009027722665886839,long,667093,2026-01-27 16:10:00,667528,1.1114254089287898,True,False,False,0.0,0.009027722665886839,210,0.0,2026
True,0.2881700917644978,fib_ext_1p236_1p618,667527,2026-01-29 04:20:00,-0.2881700917644978,short,667528,2026-01-29 04:25:00,670116,1.0546614029760106,True,True,False,0.2881700917644978,0.0,211,0.0,2026
True,-0.018437103752756933,fib_ext_1p236_1p618,670115,2026-02-07 04:00:00,0.018437103752756933,long,670116,2026-02-07 04:05:00,670665,1.0029041907472482,True,False,False,0.0,0.018437103752756933,212,0.0,2026
True,0.021011382200602988,fib_ext_1p236_1p618,670664,2026-02-09 01:45:00,-0.021011382200602988,short,670665,2026-02-09 01:50:00,671977,1.0366109943590303,True,False,False,0.021011382200602988,0.0,213,0.0,2026
True,0.006491392427045998,fib_ext_1p236_1p618,671976,2026-02-13 15:05:00,-0.006491392427045998,long,671977,2026-02-13 15:10:00,672526,1.1378773125608577,True,False,False,0.006491392427045998,0.0,214,0.0,2026
True,0.0019053704589239455,fib_ext_1p236_1p618,672525,2026-02-15 12:50:00,-0.0019053704589239455,short,672526,2026-02-15 12:55:00,673329,1.143768609102511,True,False,False,0.0019053704589239455,0.0,215,0.0,2026
True,-0.035152310791281983,fib_ext_1p236_1p618,673328,2026-02-18 07:45:00,0.035152310791281983,long,673329,2026-02-18 07:50:00,674551,1.0912333653450386,True,False,False,0.0,0.035152310791281983,216,0.0,2026
True,0.024370404057573253,fib_ext_1p236_1p618,674550,2026-02-22 13:35:00,-0.024370404057573253,short,674551,2026-02-22 13:40:00,675266,1.1377212389380533,True,False,False,0.024370404057573253,0.0,217,0.0,2026
True,-0.01012079763444464,fib_ext_1p236_1p618,675962,2026-02-27 11:15:00,0.01012079763444464,short,675963,2026-02-27 11:20:00,676425,1.0812116706931798,True,False,False,0.0,0.01012079763444464,219,0.0,2026
True,0.030880732873935814,fib_ext_1p236_1p618,676424,2026-03-01 01:45:00,-0.030880732873935814,long,676425,2026-03-01 01:50:00,677958,1.0265975355194938,True,False,False,0.030880732873935814,0.0,220,0.0,2026
True,0.03388805135279734,fib_ext_1p236_1p618,677957,2026-03-06 09:30:00,-0.03388805135279734,short,677958,2026-03-06 09:35:00,678745,1.047219893825088,True,False,False,0.03388805135279734,0.0,221,0.0,2026
True,0.0421152068780176,fib_ext_1p236_1p618,678744,2026-03-09 03:05:00,-0.0421152068780176,long,678745,2026-03-09 03:10:00,680265,1.0468369829683688,True,False,False,0.0421152068780176,0.0,222,0.0,2026
True,-0.039225290856852495,fib_ext_1p236_1p618,680264,2026-03-14 09:45:00,0.039225290856852495,short,680265,2026-03-14 09:50:00,680700,1.041405908892447,True,False,False,0.0,0.039225290856852495,223,0.0,2026
True,0.06692097931256798,fib_ext_1p236_1p618,680699,2026-03-15 22:00:00,-0.06692097931256798,long,680700,2026-03-15 22:05:00,681437,1.0058863791923318,True,False,False,0.06692097931256798,0.0,224,0.0,2026
True,0.05874324973604878,fib_ext_1p236_1p618,681436,2026-03-18 11:25:00,-0.05874324973604878,short,681437,2026-03-18 11:30:00,682873,1.0442044879365597,True,False,False,0.05874324973604878,0.0,225,0.0,2026
True,0.04724584623656924,fib_ext_1p236_1p618,683664,2026-03-26 05:05:00,-0.04724584623656924,short,683665,2026-03-26 05:10:00,684789,1.0010773927096417,True,False,False,0.04724584623656924,0.0,227,0.0,2026
True,0.020226788659557834,fib_ext_1p236_1p618,684788,2026-03-30 02:45:00,-0.020226788659557834,long,684789,2026-03-30 02:50:00,685646,1.1527407579093762,True,False,False,0.020226788659557834,0.0,228,0.0,2026
True,-0.0026877122588454374,fib_ext_1p236_1p618,685645,2026-04-02 02:10:00,0.0026877122588454374,short,685646,2026-04-02 02:15:00,686759,1.0504132231404957,True,False,False,0.0,0.0026877122588454374,229,0.0,2026
True,0.0009579597761924261,fib_ext_1p236_1p618,686758,2026-04-05 22:55:00,-0.0009579597761924261,long,686759,2026-04-05 23:00:00,687192,1.0426136363636318,True,False,False,0.0009579597761924261,0.0,230,0.0,2026
True,-0.08425734150891406,fib_ext_1p236_1p618,687191,2026-04-07 11:00:00,0.08425734150891406,short,687192,2026-04-07 11:05:00,688412,1.0319473807845931,True,False,True,0.0,0.08425734150891406,231,0.0,2026
True,0.014083497286163597,fib_ext_1p236_1p618,688411,2026-04-11 16:40:00,-0.014083497286163597,long,688412,2026-04-11 16:45:00,689818,1.0625183877611062,True,False,False,0.014083497286163597,0.0,232,0.0,2026
True,-0.020565482689622622,fib_ext_1p236_1p618,689817,2026-04-16 13:50:00,0.020565482689622622,short,689818,2026-04-16 13:55:00,691407,1.1133203378817385,True,False,False,0.0,0.020565482689622622,233,0.0,2026
True,-0.022136443236013926,fib_ext_1p236_1p618,691406,2026-04-22 02:15:00,0.022136443236013926,long,691407,2026-04-22 02:20:00,691879,1.0167460187161383,True,False,False,0.0,0.022136443236013926,234,0.0,2026
True,-0.010498171781596531,fib_ext_1p236_1p618,693264,2026-04-28 13:05:00,0.010498171781596531,short,693265,2026-04-28 13:10:00,694011,1.0060343493733541,True,False,False,0.0,0.010498171781596531,235,0.0,2026
True,0.020923070128932107,fib_ext_1p236_1p618,694010,2026-05-01 03:15:00,-0.020923070128932107,long,694011,2026-05-01 03:20:00,695708,1.1459218351741696,True,False,False,0.020923070128932107,0.0,236,0.0,2026
True,0.005950251745439584,fib_ext_1p236_1p618,695707,2026-05-07 00:40:00,-0.005950251745439584,short,695708,2026-05-07 00:45:00,696325,1.027926322043968,True,False,False,0.005950251745439584,0.0,237,0.0,2026
True,-0.005994943430113709,fib_ext_1p236_1p618,696324,2026-05-09 04:05:00,0.005994943430113709,long,696325,2026-05-09 04:10:00,697026,1.0308306129851337,True,False,False,0.0,0.005994943430113709,238,0.0,2026
True,-0.00483161082880095,fib_ext_1p236_1p618,697025,2026-05-11 14:30:00,0.00483161082880095,short,697026,2026-05-11 14:35:00,697536,1.0536459082410472,True,False,False,0.0,0.00483161082880095,239,0.0,2026
True,-0.023467518440712303,fib_ext_1p236_1p618,699626,2026-05-20 15:15:00,0.023467518440712303,long,699627,2026-05-20 15:20:00,700245,1.0019379844961271,True,False,False,0.0,0.023467518440712303,240,0.0,2026
True,0.025733462965383917,fib_ext_1p236_1p618,700244,2026-05-22 18:45:00,-0.025733462965383917,short,700245,2026-05-22 18:50:00,702222,1.1967721911855926,True,False,False,0.025733462965383917,0.0,241,0.0,2026
True,-0.017776970423195843,fib_ext_1p236_1p618,702221,2026-05-29 15:30:00,0.017776970423195843,long,702222,2026-05-29 15:35:00,702783,1.1611721611721624,True,False,False,0.0,0.017776970423195843,242,0.0,2026
True,0.02377332306948173,fib_ext_1p236_1p618,704703,2026-06-07 06:20:00,-0.02377332306948173,long,704704,2026-06-07 06:25:00,705375,1.0021375825884185,True,False,False,0.02377332306948173,0.0,244,0.0,2026
True,-0.01119271235391131,fib_ext_1p236_1p618,705374,2026-06-09 14:15:00,0.01119271235391131,short,705375,2026-06-09 14:20:00,705922,1.132946991648201,True,False,False,0.0,0.01119271235391131,245,0.0,2026
True,0.005225011793869556,fib_ext_1p236_1p618,705921,2026-06-11 11:50:00,-0.005225011793869556,long,705922,2026-06-11 11:55:00,706102,1.0324903969270163,True,False,False,0.005225011793869556,0.0,246,0.0,2026
